# Blender 4.2.2 LTS
# www.blender.org
mtllib house1_drawn.mtl
o Cube
v 0.917372 5.450000 -1.200000
v 0.917372 0.050000 -1.200000
v 0.917372 5.450000 1.200000
v 0.917372 0.050000 1.200000
v -1.482629 5.450000 -1.200000
v -1.482629 0.050000 -1.200000
v -1.482629 5.450000 1.200000
v -1.482629 0.050000 1.200000
v 0.917372 2.750000 -1.200000
v -1.482629 2.750000 1.200000
v 0.917372 2.750000 1.200000
v -1.482629 2.750000 -1.200000
v 0.917372 0.050000 -3.600000
v -1.482629 0.050000 -3.600000
v 0.917372 2.750000 -3.600000
v -1.482629 2.750000 -3.600000
v 0.917372 0.050000 -1.679012
v 0.917372 0.050000 -2.618078
v 0.917372 2.435272 -1.672881
v 0.917372 2.428723 -2.590985
v 0.797372 0.050000 -1.679012
v 0.797372 0.050000 -2.618078
v 0.797372 2.435272 -1.672881
v 0.797372 2.428723 -2.590985
v 0.917372 4.603197 0.880428
v 0.917372 4.610740 0.133404
v 0.917372 2.858918 0.102725
v 0.917372 2.853915 0.862569
v 0.797372 4.603197 0.880428
v 0.797372 4.610740 0.133404
v 0.797372 2.858918 0.102725
v 0.797372 2.853915 0.862569
v 0.917372 2.841839 -0.101556
v 0.917372 4.586154 -0.093256
v 0.917372 4.589062 -0.811375
v 0.917372 2.867432 -0.817599
v 0.797372 4.586154 -0.093256
v 0.797372 4.589062 -0.811375
v 0.797372 2.867432 -0.817599
v 0.797372 2.841839 -0.101556
v 0.917372 0.050000 1.062095
v 0.917372 0.050000 -1.033280
v 0.917372 1.758639 1.045478
v 0.917372 1.765746 -1.057004
v 0.677372 0.050000 1.062095
v 0.677372 0.050000 -1.033280
v 0.677372 1.758639 1.045478
v 0.677372 1.765746 -1.057004
v 0.797372 2.225642 -1.876497
v 0.797372 2.217563 -2.382079
v 0.797372 1.988532 -2.386104
v 0.797372 1.992103 -1.871070
v 0.761371 2.225642 -1.876497
v 0.761371 2.217563 -2.382079
v 0.761371 1.988532 -2.386104
v 0.761371 1.992103 -1.871070
v 0.917372 2.606644 0.955257
v 0.917372 2.626781 -0.907775
v 0.917372 2.595012 -0.951348
v 0.917372 2.121950 -0.944868
v 0.917372 2.098175 0.970810
v 0.917372 2.543165 0.985963
v 0.797372 2.606644 0.955257
v 0.797372 2.626781 -0.907775
v 0.797372 2.595012 -0.951348
v 0.797372 2.121950 -0.944868
v 0.797372 2.098175 0.970810
v 0.797372 2.543165 0.985963
v -1.482629 4.550000 -1.200000
v 0.917372 4.550000 -1.200000
v -1.482629 4.550000 -3.600000
v 0.917372 4.550000 -3.600000
v 0.917372 6.650000 0.024000
v 0.917372 5.450000 1.200000
v -1.482629 5.450000 1.200000
v -1.482629 6.650000 0.024000
v 0.917372 5.450000 -1.200000
v 0.917372 6.650000 -0.024000
v -1.482629 6.650000 -0.024000
v -1.482629 5.450000 -1.200000
v 0.917372 4.311763 -2.759453
v 0.917372 4.311580 -3.356409
v 0.917372 2.915945 -3.362895
v 0.917372 2.913051 -2.713382
v 0.917372 4.311789 -2.674972
v 0.833372 4.311763 -2.759453
v 0.833372 4.311580 -3.356409
v 0.833372 2.915945 -3.362895
v 0.833372 2.913051 -2.713382
v 0.833372 4.311789 -2.674972
v -0.693382 4.620353 1.200000
v 0.055103 4.640650 1.200000
v 0.061494 3.473889 1.200000
v -0.724022 3.461278 1.200000
v -0.693382 4.620353 1.116000
v 0.055103 4.640650 1.116000
v 0.061494 3.473889 1.116000
v -0.724022 3.461278 1.116000
v 0.068777 4.314062 -3.600000
v -0.612316 4.314044 -3.600000
v -0.619752 2.900028 -3.600000
v 0.075537 2.898938 -3.600000
v 0.068777 4.314062 -3.516000
v -0.612316 4.314044 -3.516000
v -0.619752 2.900028 -3.516000
v 0.075537 2.898938 -3.516000
v 0.917372 2.045463 -1.200000
v 0.917372 2.027916 1.200000
v 0.917372 1.889948 -1.200000
v 0.917372 1.872592 1.200000
v 0.797372 2.027916 1.200000
v 0.797372 2.045463 -1.200000
v 0.797372 1.889948 -1.200000
v 0.797372 1.872592 1.200000
v 0.833372 4.157700 -2.821268
v 0.833372 4.166803 -3.206698
v 0.833372 3.044759 -3.214413
v 0.833372 3.055422 -2.845694
v 0.783371 4.157700 -2.821268
v 0.783371 4.166803 -3.206698
v 0.783371 3.044759 -3.214413
v 0.783371 3.055422 -2.845694
v -0.070879 4.174173 -3.516000
v -0.455253 4.179351 -3.516000
v -0.469054 3.053499 -3.516000
v -0.066223 3.049520 -3.516000
v -0.070879 4.174173 -3.466000
v -0.455253 4.179351 -3.466000
v -0.469054 3.053499 -3.466000
v -0.066223 3.049520 -3.466000
v 0.797372 1.653761 -1.905152
v 0.797372 1.660410 -2.126062
v 0.797372 1.655936 -2.349268
v 0.797372 0.875098 -2.377174
v 0.797372 0.875554 -1.906624
v 0.747371 1.653761 -1.905152
v 0.747371 1.660410 -2.126062
v 0.747371 1.655936 -2.349268
v 0.747371 0.875098 -2.377174
v 0.747371 0.875554 -1.906624
v 0.917372 5.221186 1.113649
v 0.917372 5.207977 -1.200000
v 0.917372 4.950858 1.011631
v 0.917372 4.949946 -1.200000
v 0.917372 5.220641 1.018183
v 0.917372 4.950673 0.562542
v 0.917372 5.218035 0.561702
v 0.917372 4.950634 0.466984
v 0.917372 5.217557 0.478072
v 0.917372 4.950467 0.061609
v 0.917372 5.215199 0.064966
v 0.917372 4.950419 -0.053419
v 0.917372 5.214527 -0.052709
v 0.917372 4.950243 -0.479928
v 0.917372 5.212131 -0.472541
v 0.917372 4.950212 -0.556133
v 0.917372 5.211668 -0.553451
v 0.917372 4.950020 -1.021504
v 0.917372 5.209050 -1.012102
v 0.917372 4.944197 -1.021725
v 0.867371 4.950858 1.011631
v 0.867371 5.220641 1.018183
v 0.867371 4.950673 0.562542
v 0.867371 5.218035 0.561702
v 0.867371 5.217557 0.478072
v 0.867371 4.950634 0.466984
v 0.867371 4.950467 0.061609
v 0.867371 5.215199 0.064966
v 0.867371 4.950419 -0.053419
v 0.867371 5.214527 -0.052709
v 0.867371 4.950243 -0.479928
v 0.867371 5.212131 -0.472541
v 0.867371 4.950212 -0.556133
v 0.867371 5.211668 -0.553451
v 0.867371 4.950020 -1.021504
v 0.867371 5.209050 -1.012102
vn -0.0000 -0.0000 1.0000
vn -1.0000 -0.0000 -0.0000
vn -0.0000 -1.0000 -0.0000
vn 1.0000 -0.0000 -0.0000
vn -0.0000 -0.0000 -1.0000
vn -0.0000 -0.0114 0.9999
vn -0.0000 0.0026 -1.0000
vn -0.0000 -1.0000 0.0071
vn -0.0000 1.0000 0.0066
vn -0.0000 -0.9999 -0.0101
vn -0.0000 0.0102 -0.9999
vn -0.0000 -0.0175 0.9998
vn -0.0000 0.0048 -1.0000
vn -0.0000 -0.0036 1.0000
vn -0.0000 0.9994 0.0357
vn -0.0000 -1.0000 -0.0040
vn -0.0000 0.0138 0.9999
vn -0.0000 -0.0097 -1.0000
vn -0.0000 -1.0000 -0.0034
vn -0.0000 -0.0232 -0.9997
vn -0.0000 -0.0176 0.9998
vn -0.0000 1.0000 -0.0069
vn -0.0000 -0.9999 0.0160
vn -0.0000 0.0137 0.9999
vn -0.0000 -0.9999 -0.0108
vn -0.0000 -0.4354 -0.9002
vn -0.0000 0.9999 0.0124
vn -0.0000 -0.8080 0.5891
vn -0.0000 0.0340 -0.9994
vn -0.0000 1.0000 -0.0000
vn -0.0000 0.6999 0.7142
vn -0.0000 0.6999 -0.7142
vn -0.0000 -1.0000 0.0003
vn -0.0000 1.0000 0.0045
vn -0.0000 0.0275 -0.9996
vn -0.0000 -0.0046 1.0000
vn -0.0161 0.9999 -0.0000
vn 0.0271 -0.9996 -0.0000
vn 0.9997 -0.0264 -0.0000
vn -1.0000 -0.0055 -0.0000
vn -1.0000 -0.0048 -0.0000
vn 1.0000 -0.0053 -0.0000
vn 0.0016 1.0000 -0.0000
vn -0.0000 -1.0000 -0.0073
vn -0.0000 1.0000 0.0072
vn -0.0000 0.9996 -0.0289
vn -0.0000 -0.9997 -0.0236
vn -0.0000 0.0222 -0.9998
vn -0.0000 -0.0069 1.0000
vn -1.0000 -0.0041 -0.0000
vn 0.9999 -0.0123 -0.0000
vn 0.0099 1.0000 -0.0000
vn -0.0135 -0.9999 -0.0000
vn -0.0000 -0.0357 0.9994
vn -0.0000 -0.9995 -0.0301
vn -0.0000 1.0000 -0.0010
vn -0.0000 -0.9998 0.0200
vn -0.0000 0.0019 -1.0000
vn -0.0000 1.0000 -0.0004
vn -0.0000 -1.0000 0.0057
vn -0.0000 0.0031 1.0000
vn -0.0000 -0.0282 0.9996
vn -0.0000 -0.0363 0.9993
vn -0.0000 -0.0127 0.9999
vn -0.0000 0.0415 -0.9991
vn -0.0000 0.0103 -0.9999
vn -0.0000 0.0243 -0.9997
vn -0.0000 0.0027 -1.0000
vt 0.436105 0.766197
vt 0.288026 0.816862
vt 0.151647 0.817907
vt 0.019502 0.772297
vt 0.450195 0.735103
vt 0.452505 0.984067
vt 0.019782 0.987531
vt 0.017472 0.738567
vt 0.697953 0.105742
vt 0.697953 0.229131
vt 0.689381 0.229131
vt 0.581654 0.229131
vt 0.574564 0.229131
vt 0.574564 0.105742
vt 0.486679 0.991381
vt 0.497652 0.963430
vt 0.510616 0.930408
vt 0.509623 0.963252
vt 0.566862 0.962402
vt 0.567020 0.929880
vt 0.579021 0.929767
vt 0.577349 0.962246
vt 0.629149 0.961477
vt 0.629935 0.929290
vt 0.644382 0.929155
vt 0.643905 0.961258
vt 0.696549 0.960476
vt 0.697950 0.928653
vt 0.707521 0.928563
vt 0.706695 0.960325
vt 0.764206 0.959471
vt 0.765970 0.928015
vt 0.788388 0.927805
vt 0.787767 0.959121
vt 0.787185 0.988494
vt 0.432874 0.802733
vt 0.434029 0.984452
vt 0.016318 0.989071
vt 0.016214 0.972782
vt 0.016104 0.955416
vt 0.015163 0.807352
vt 0.024189 0.962201
vt 0.024490 0.874358
vt 0.024557 0.854968
vt 0.025344 0.625559
vt 0.108098 0.625559
vt 0.106019 0.922960
vt 0.264633 0.922143
vt 0.270331 0.625559
vt 0.439967 0.625559
vt 0.438812 0.962201
vt 0.800175 0.333126
vt 0.795749 0.556430
vt 0.488041 0.555780
vt 0.488734 0.333853
vt 0.506630 0.333811
vt 0.507938 0.541819
vt 0.777674 0.541436
vt 0.778540 0.333176
vt 0.447886 0.621783
vt 0.450195 0.890911
vt 0.017472 0.894375
vt 0.015163 0.625247
vt 0.439165 0.625588
vt 0.437951 0.866512
vt 0.437848 0.887044
vt 0.437367 0.982495
vt 0.020720 0.983311
vt 0.022718 0.627783
vt 0.443120 0.634960
vt 0.448894 0.959728
vt 0.011829 0.959728
vt 0.006056 0.634960
vt 0.464445 0.703381
vt 0.450588 0.961746
vt 0.014691 0.961746
vt 0.028548 0.703381
vt 0.021125 0.759271
vt 0.449196 0.754906
vt 0.446286 0.919177
vt 0.022580 0.919905
vt 0.960934 0.620684
vt 0.958242 0.983381
vt 0.926327 0.916023
vt 0.846608 0.915967
vt 0.815667 0.983281
vt 0.852009 0.864435
vt 0.886104 0.865700
vt 0.920556 0.865271
vt 0.924582 0.746247
vt 0.693039 0.308979
vt 0.534425 0.309796
vt 0.576823 0.273158
vt 0.673642 0.273185
vt 0.621311 0.888057
vt 0.527288 0.887940
vt 0.530634 0.675006
vt 0.627452 0.675033
vt 0.622466 0.288749
vt 0.528443 0.288633
vt 0.473015 0.488402
vt 0.476362 0.275468
vt 0.478492 0.099975
vt 0.472350 0.312999
vt 0.520615 0.254354
vt 0.524188 0.042318
vt 0.653519 0.672802
vt 0.744719 0.675364
vt 0.740304 0.884416
vt 0.649945 0.884838
vt 0.615388 0.044879
vt 0.610974 0.253931
vt 0.790179 0.098942
vt 0.789313 0.307201
vt 0.518423 0.305852
vt 0.518269 0.099577
vt 0.519577 0.307584
vt 0.847349 0.951570
vt 0.925768 0.950938
vt 0.846318 0.950539
vt 0.487707 0.662617
vt 0.515120 0.637280
vt 0.519001 0.644984
vt 0.756684 0.646068
vt 0.762312 0.642179
vt 0.793680 0.660810
vt 0.762533 0.191937
vt 0.762312 0.249363
vt 0.517295 0.583099
vt 0.762533 0.584753
vt 0.756684 0.253252
vt 0.519001 0.252169
vt 0.515120 0.244464
vt 0.517295 0.190283
vt 0.028375 0.589408
vt 0.028375 0.240846
vt 0.376937 0.240846
vt 0.376937 0.589408
vt 0.011965 0.974513
vt 0.451418 0.972203
vt 0.408427 0.947154
vt 0.289432 0.948249
vt 0.285490 0.735472
vt 0.014147 0.701546
vt 0.016307 0.781555
vt 0.170185 0.795395
vt 0.169972 0.948639
vt 0.292233 0.947692
vt 0.297218 0.793693
vt 0.455485 0.775008
vt 0.447483 0.972321
vt 0.017762 0.975231
vt 0.196568 0.927914
vt 0.194355 0.681442
vt 0.194444 0.681317
vt 0.271658 0.803985
vt 0.271663 0.808912
vt 0.196814 0.927772
vt 0.017857 0.838055
vt 0.315476 0.838055
vt 0.315476 0.844008
vt 0.017857 0.844008
vt 0.005522 0.717044
vt 0.462422 0.717044
vt 0.462653 0.717210
vt 0.234153 0.854540
vt 0.225020 0.854549
vt 0.005786 0.717501
vt 0.315476 0.989841
vt 0.017857 0.989841
vt 0.017857 0.692222
vt 0.315476 0.692222
vt 0.021981 0.600693
vt 0.438747 0.592444
vt 0.301050 0.735350
vt 0.410998 0.734482
vt 0.456510 0.697781
vt 0.531997 0.063294
vt 0.516437 0.063417
vt 0.950002 0.328617
vt 0.841429 0.326277
vt 0.825869 0.326400
vt 0.851476 0.354979
vt 0.921701 0.354635
vt 0.914871 0.560531
vt 0.941016 0.584366
vt 0.520379 0.276194
vt 0.639374 0.275099
vt 0.641945 0.062427
vt 0.157719 0.895283
vt 0.287707 0.895049
vt 0.438008 0.947566
vt 0.021187 0.952289
vt 0.623934 0.207053
vt 0.760312 0.206007
vt 0.940864 0.583766
vt 0.823249 0.583083
vt 0.827260 0.327904
vt 0.949432 0.329607
vt 0.822349 0.168721
vt 0.692361 0.168955
vt 0.949586 0.327996
vt 0.922109 0.355643
vt 0.850968 0.354736
vt 0.826554 0.327516
vt 0.508522 0.116412
vt 0.635555 0.114709
vt 0.630570 0.268708
vt 0.508309 0.269655
vt 0.487982 0.574693
vt 0.795375 0.575304
vt 0.832474 0.287239
vt 0.525081 0.286628
vt 0.525140 0.267715
vt 0.832848 0.268365
vt 0.495689 0.244113
vt 0.495622 0.263503
vt 0.847678 0.558062
vt 0.822480 0.584086
vt 0.847065 0.557547
vt 0.913476 0.558953
vt 0.939873 0.583472
vt 0.822340 0.582601
vt 0.795630 0.078856
vt 0.786998 0.282166
vt 0.700953 0.082692
vt 0.696927 0.201715
vt 0.852615 0.745823
vt 0.818407 0.619767
vt 0.675306 0.280964
vt 0.641211 0.279699
vt 0.641817 0.161088
vt 0.713784 0.161512
vt 0.709758 0.280536
vt 0.668796 0.229103
vt 0.669222 0.145695
vt 0.766003 0.927307
s 0
usemtl Material
f 11/1/1 93/2/1 94/3/1 10/4/1
f 10/5/2 7/6/2 5/7/2 12/8/2
f 6/9/3 2/10/3 42/11/3 46/11/3 45/12/3 41/12/3 4/13/3 8/14/3
f 3/15/4 141/16/4 143/17/4 145/18/4 147/19/4 146/20/4 148/21/4 149/22/4 151/23/4 150/24/4 152/25/4 153/26/4 155/27/4 154/28/4 156/29/4 157/30/4 159/31/4 158/32/4 144/33/4 142/34/4 1/35/4
f 12/36/5 5/37/5 1/38/5 142/39/5 144/40/5 9/41/5
f 9/42/4 107/43/4 109/44/4 2/45/4 17/46/4 19/47/4 20/48/4 18/49/4 13/50/4 15/51/4
f 2/52/4 109/53/4 110/54/4 4/55/4 41/56/4 43/57/4 44/58/4 42/59/4
f 8/60/2 10/61/2 12/62/2 6/63/2
f 4/64/1 110/65/1 114/65/1 111/66/1 108/66/1 11/67/1 10/68/1 8/69/1
f 14/70/5 16/71/5 15/72/5 13/73/5
f 6/74/2 12/75/2 16/76/2 14/77/2
f 16/78/2 12/79/2 69/80/2 71/81/2
f 18/49/6 20/48/6 24/48/6 22/49/6
f 22/82/4 24/83/4 51/84/4 52/85/4 23/86/4 131/87/4 132/88/4 133/89/4 134/90/4
f 19/47/7 17/46/7 21/46/7 23/47/7
f 20/91/8 19/92/8 23/92/8 24/91/8
f 28/93/9 27/94/9 31/94/9 32/93/9
f 30/95/4 29/96/4 32/97/4 31/98/4
f 26/99/10 25/100/10 29/100/10 30/99/10
f 25/101/11 28/102/11 32/102/11 29/101/11
f 27/103/12 26/104/12 30/104/12 31/103/12
f 34/105/13 33/106/13 40/106/13 37/105/13
f 40/107/4 39/108/4 38/109/4 37/110/4
f 36/111/14 35/112/14 38/112/14 39/111/14
f 33/106/15 36/111/15 39/111/15 40/106/15
f 35/112/16 34/105/16 37/105/16 38/112/16
f 42/113/17 44/114/17 48/114/17 46/113/17
f 46/59/4 48/58/4 47/57/4 45/56/4
f 43/115/18 41/116/18 45/116/18 47/115/18
f 44/114/19 43/117/19 47/117/19 48/114/19
f 23/86/4 52/85/4 49/118/4 50/119/4 51/84/4 24/83/4
f 49/120/20 52/85/20 56/85/20 53/120/20
f 54/119/4 53/118/4 56/85/4 55/84/4
f 51/84/21 50/119/21 54/119/21 55/84/21
f 52/85/22 51/84/22 55/84/22 56/85/22
f 50/119/23 49/120/23 53/120/23 54/119/23
f 11/121/4 62/122/4 57/123/4 58/124/4 59/125/4 9/126/4
f 60/127/24 59/128/24 65/128/24 66/127/24
f 64/124/4 63/123/4 68/122/4 67/129/4 66/130/4 65/125/4
f 58/131/25 57/132/25 63/132/25 64/131/25
f 57/132/26 62/133/26 68/133/26 63/132/26
f 61/134/27 60/127/27 66/127/27 67/134/27
f 59/128/28 58/131/28 64/131/28 65/128/28
f 62/133/29 61/134/29 67/134/29 68/133/29
f 69/135/30 70/136/30 72/137/30 71/138/30
f 12/36/1 9/41/1 70/41/1 69/36/1
f 9/139/4 15/140/4 83/141/4 84/142/4 85/143/4 70/144/4
f 15/145/5 102/146/5 99/147/5 100/148/5 101/149/5 16/150/5 71/151/5 72/152/5
f 3/153/4 1/154/4 77/155/4 78/156/4 73/157/4 74/158/4
f 78/159/30 79/160/30 76/161/30 73/162/30
f 1/38/30 5/37/30 80/37/30 77/38/30
f 5/163/2 7/164/2 75/165/2 76/166/2 79/167/2 80/168/2
f 73/162/31 76/161/31 75/169/31 74/170/31
f 79/160/32 78/159/32 77/171/32 80/172/32
f 7/173/30 3/174/30 74/174/30 75/173/30
f 70/144/4 85/143/4 81/175/4 82/176/4 83/141/4 15/140/4 72/177/4
f 81/178/33 85/179/33 90/179/33 86/178/33
f 87/180/4 86/181/4 90/182/4 115/183/4 116/184/4 117/185/4 88/186/4
f 84/187/34 83/188/34 88/188/34 89/187/34
f 82/189/33 81/178/33 86/178/33 87/189/33
f 85/143/35 84/142/35 89/142/35 90/143/35
f 83/141/36 82/176/36 87/176/36 88/141/36
f 10/4/1 94/3/1 91/190/1 92/191/1 93/2/1 11/1/1 3/192/1 7/193/1
f 94/194/37 93/195/37 97/195/37 98/194/37
f 96/196/1 95/197/1 98/198/1 97/199/1
f 92/200/38 91/201/38 95/201/38 96/200/38
f 91/190/39 94/3/39 98/3/39 95/190/39
f 93/2/40 92/191/40 96/191/40 97/2/40
f 16/150/5 101/149/5 102/146/5 15/145/5
f 99/147/41 102/146/41 106/146/41 103/147/41
f 105/202/5 125/203/5 126/204/5 106/205/5
f 101/149/42 100/148/42 104/148/42 105/149/42
f 102/206/43 101/207/43 105/207/43 106/206/43
f 100/208/3 99/209/3 103/209/3 104/208/3
f 108/210/4 107/211/4 9/126/4 59/125/4 60/130/4 61/129/4 62/122/4 11/121/4
f 107/212/44 108/213/44 111/213/44 112/212/44
f 114/54/4 113/53/4 112/211/4 111/210/4
f 110/214/45 109/215/45 113/215/45 114/214/45
f 109/216/1 107/217/1 112/217/1 113/216/1
f 88/186/4 117/185/4 118/218/4 115/183/4 90/182/4 89/219/4
f 118/218/46 117/185/46 121/185/46 122/218/46
f 122/218/4 121/185/4 120/184/4 119/183/4
f 116/184/47 115/183/47 119/183/47 120/184/47
f 115/183/48 118/218/48 122/218/48 119/183/48
f 117/185/49 116/184/49 120/184/49 121/185/49
f 106/205/5 126/204/5 123/220/5 124/221/5 125/203/5 105/202/5 104/222/5 103/223/5
f 123/220/50 126/204/50 130/204/50 127/220/50
f 128/221/5 127/220/5 130/204/5 129/203/5
f 125/224/51 124/225/51 128/225/51 129/224/51
f 126/204/52 125/203/52 129/203/52 130/204/52
f 124/221/53 123/220/53 127/220/53 128/221/53
f 134/226/54 133/227/54 138/227/54 139/226/54
f 135/228/4 131/87/4 23/86/4 21/229/4 22/82/4 134/90/4
f 139/90/4 138/89/4 137/88/4 136/87/4 140/228/4
f 132/230/55 131/231/55 136/231/55 137/230/55
f 135/232/56 134/233/56 139/233/56 140/232/56
f 133/234/57 132/230/57 137/230/57 138/234/57
f 131/235/58 135/236/58 140/236/58 136/235/58
f 148/21/59 150/24/59 167/24/59 166/21/59
f 9/126/4 33/107/4 34/110/4 26/95/4 27/98/4 28/97/4 25/96/4 143/17/4 141/16/4 3/15/4 11/121/4
f 155/27/60 153/26/60 170/26/60 172/27/60
f 147/19/60 145/18/60 162/18/60 164/19/60
f 158/32/4 160/237/4 144/33/4
f 152/25/59 154/28/59 171/28/59 169/25/59
f 163/20/4 164/19/4 162/18/4 161/17/4
f 167/24/4 168/23/4 165/22/4 166/21/4
f 171/28/4 172/27/4 170/26/4 169/25/4
f 175/32/4 176/31/4 174/30/4 173/29/4
f 146/20/61 147/19/61 164/19/61 163/20/61
f 154/28/62 155/27/62 172/27/62 171/28/62
f 151/23/60 149/22/60 165/22/60 168/23/60
f 158/32/63 159/31/63 176/31/63 175/32/63
f 150/24/64 151/23/64 168/23/64 167/24/64
f 149/22/65 148/21/65 166/21/65 165/22/65
f 157/30/66 156/29/66 173/29/66 174/30/66
f 156/29/59 158/32/59 175/32/59 173/29/59
f 145/18/67 143/17/67 161/17/67 162/18/67
f 153/26/68 152/25/68 169/25/68 170/26/68
f 159/31/60 157/30/60 174/30/60 176/31/60
f 143/17/59 146/20/59 163/20/59 161/17/59
f 36/108/4 33/107/4 9/126/4 144/33/4 160/237/4 158/32/4 156/29/4 154/28/4 152/25/4 150/24/4 148/21/4 146/20/4 143/17/4 25/96/4 26/95/4 34/110/4 35/109/4
o Plane
v 0.517909 3.855136 2.950084
v 0.602839 4.296825 2.760609
v 0.510461 3.756473 2.966700
v 0.650284 4.377357 2.654760
v 0.503790 0.003253 2.981583
v 0.556934 0.135062 2.863022
v 0.615848 0.437900 2.731587
v 0.617280 0.852657 2.728392
v 0.615585 1.345348 2.732173
v 0.612489 1.621226 2.739079
v 0.574134 2.278236 2.824649
v 0.577189 2.369658 2.817833
v 0.558267 2.441124 2.860046
v 0.589044 2.546464 2.791385
v 0.552904 2.661428 2.872012
v 0.462598 2.840837 3.073481
v 0.393419 3.003773 3.227815
v 0.257487 3.017250 3.531074
v 0.177057 2.926280 3.710511
v 0.248302 3.074735 3.551565
v 0.314046 3.075107 3.404894
v 0.391098 3.064893 3.232994
v 0.418163 3.057747 3.172614
v 0.443025 2.953784 3.117147
v 0.482512 2.877820 3.029053
v 0.476493 2.994123 3.042481
v 0.485478 3.115056 3.022436
v 0.495848 3.370102 2.999300
v 0.508791 3.444597 2.970427
v 0.540849 3.556164 2.898906
v 0.493612 3.681676 3.004288
v 0.441436 3.786610 3.120691
v 0.399865 3.869679 3.213436
v 0.376643 3.988521 3.265243
v 0.346960 4.177255 3.331463
v 0.331708 4.351622 3.365490
v 0.355812 4.254477 3.311716
v 0.375603 4.106563 3.267563
v 0.409906 3.943939 3.191035
v 0.449471 3.883033 3.102766
v 0.474911 3.830034 3.046011
v 0.509996 3.956758 2.967737
v 0.546066 4.142546 2.887267
v 0.583554 4.297328 2.803633
v 0.600536 4.346937 2.765746
v 0.645771 4.414024 2.664828
v 0.630831 4.514807 2.698159
v 0.634817 4.597303 2.689267
v 0.657353 4.711937 2.638990
v 0.661843 4.815486 2.628973
v 0.627496 4.998034 2.705598
v 0.599130 5.132340 2.768884
v 0.579170 5.267177 2.813413
v 0.548896 5.328706 2.880953
v 0.482034 5.326181 3.030120
v 0.454020 5.253471 3.092618
v 0.380233 4.913683 3.257232
v 0.374183 4.742775 3.270730
v 0.361073 4.911648 3.299978
v 0.387157 5.040109 3.241787
v 0.445429 5.314879 3.111783
v 0.382958 5.318296 3.251153
v 0.260625 5.306780 3.524073
v 0.203806 5.254506 3.650834
v 0.087313 5.068343 3.910725
v 0.144676 5.212014 3.782750
v 0.214075 5.311917 3.627925
v 0.253819 5.357778 3.539256
v 0.285277 5.373226 3.469076
v 0.220906 5.676412 3.612685
v 0.274431 5.514212 3.493272
v 0.316288 5.372408 3.399892
v 0.370036 5.371283 3.279982
v 0.443266 5.376367 3.116610
v 0.512002 5.381456 2.963262
v 0.566043 5.362900 2.842698
v 0.526272 5.499474 2.931426
v 0.501208 5.609497 2.987342
v 0.504640 5.942570 2.979686
v 0.524457 5.601328 2.935474
v 0.564609 5.463844 2.845897
v 0.599736 5.353301 2.767531
v 0.617166 5.171523 2.728646
v 0.627570 5.135146 2.705434
v 0.670150 5.281960 2.610440
v 0.674854 5.488749 2.599947
v 0.714560 5.622172 2.511364
v 0.762721 5.683052 2.403918
v 0.745664 5.619078 2.441972
v 0.714135 5.536230 2.512312
v 0.702799 5.446395 2.537601
v 0.695212 5.319894 2.554528
v 0.758795 5.332738 2.412678
v 0.844046 5.401738 2.222486
v 0.916115 5.276706 2.061703
v 0.861657 5.312641 2.183196
v 0.825892 5.334730 2.262986
v 0.712940 5.256704 2.514978
v 0.678799 5.185005 2.591144
v 0.654314 5.083993 2.645770
v 0.660989 4.989711 2.630879
v 0.690799 4.873577 2.564373
v 0.690141 4.779105 2.565841
v 0.672142 4.527212 2.605997
v 0.672499 4.455621 2.605200
v 0.771906 4.595523 2.383426
v 0.750835 4.506202 2.430434
v 0.687233 4.414974 2.572329
v 0.706236 4.345552 2.529933
v 0.735367 4.349114 2.464944
v 0.807311 4.484962 2.304440
v 0.841305 4.553172 2.228600
v 0.907214 4.614712 2.081560
v 0.962411 4.663377 1.958418
v 0.987523 4.720380 1.902395
v 0.990725 4.782728 1.895250
v 0.944063 4.917058 1.999351
v 0.823951 4.954744 2.267317
v 0.741947 4.966482 2.450263
v 0.818003 5.009271 2.280587
v 0.885821 4.994809 2.129288
v 0.956484 4.965978 1.971641
v 1.019325 5.171373 1.831446
v 1.050086 5.299811 1.762818
v 1.007360 5.421002 1.858140
v 0.906105 5.670045 2.084034
v 0.907566 5.841065 2.080775
v 0.927182 5.717894 2.037013
v 0.943369 5.643777 2.000900
v 1.012830 5.471160 1.845935
v 1.060843 5.366932 1.738819
v 1.077455 5.493824 1.701760
v 1.077443 5.729935 1.701786
v 1.149438 5.901627 1.541168
v 1.127731 5.773952 1.589595
v 1.098899 5.661242 1.653918
v 1.094568 5.393257 1.663581
v 1.055310 5.190433 1.751164
v 1.000813 4.983055 1.872745
v 0.993611 4.893876 1.888811
v 1.042421 4.785736 1.779920
v 1.035614 4.687747 1.795106
v 1.103376 4.676080 1.643931
v 1.211467 4.691480 1.402785
v 1.267514 4.703553 1.277746
v 1.359999 4.493082 1.071415
v 1.257918 4.619887 1.299153
v 1.134843 4.619156 1.573730
v 1.156867 4.460372 1.524596
v 1.169618 4.313445 1.496148
v 1.225500 4.202670 1.371478
v 1.151799 4.271923 1.535901
v 1.108852 4.600819 1.631715
v 1.030673 4.606341 1.806129
v 0.965800 4.587703 1.950856
v 0.898382 4.491996 2.101263
v 0.768097 4.269628 2.391924
v 0.757441 4.152740 2.415699
v 0.777693 4.037628 2.370516
v 0.703324 3.616541 2.536430
v 0.663890 3.306893 2.624407
v 0.732324 3.346344 2.471734
v 0.755482 3.313992 2.420069
v 0.849497 3.401848 2.210324
v 0.956384 3.746400 1.971864
v 0.985285 4.081348 1.907387
v 0.993968 3.870848 1.888016
v 1.061668 3.953376 1.736980
v 0.988405 3.778329 1.900426
v 0.923891 3.545049 2.044355
v 0.849405 3.324918 2.210531
v 0.730531 3.223547 2.475732
v 0.695451 3.070503 2.553996
v 0.708530 2.864939 2.524817
v 0.743024 2.807153 2.447861
v 0.930136 3.080595 2.030422
v 0.994772 3.087080 1.886222
v 1.139599 3.422957 1.563120
v 1.169706 3.641021 1.495952
v 1.171385 3.463714 1.492207
v 1.089401 3.215331 1.675108
v 1.050332 3.100938 1.762270
v 1.163028 3.143367 1.510851
v 1.291110 3.103566 1.225104
v 1.207392 3.083857 1.411876
v 1.103385 3.072345 1.643910
v 0.957566 3.020684 1.969227
v 0.891929 2.953483 2.115661
v 0.876937 2.918132 2.149108
v 0.939385 2.683325 2.009789
v 0.947386 2.496269 1.991938
v 0.946380 2.356050 1.994182
v 1.032071 2.432893 1.803011
v 1.132326 2.465951 1.579345
v 1.195438 2.363770 1.438545
v 1.274075 2.350702 1.263108
v 1.225560 2.303864 1.371344
v 1.167490 2.346247 1.500896
v 1.133641 2.402294 1.576411
v 1.043253 2.359200 1.778063
v 0.944144 2.277417 1.999172
v 0.893472 2.078149 2.112220
v 0.803723 1.698892 2.312444
v 0.775805 1.460201 2.374728
v 0.777980 0.962531 2.369876
v 0.781528 0.429241 2.361960
v 0.845164 0.119476 2.219992
v 0.901208 0.027395 2.094961
v 0.684333 4.228025 2.578799
v 0.708099 4.022333 2.525778
v 0.678949 3.809240 2.590809
v 0.638781 3.568117 2.680424
v 0.591321 3.587935 2.786305
v 0.577586 3.614996 2.816946
v 0.601047 3.718641 2.764607
v 0.565196 3.641895 2.844589
v 0.504258 3.157820 2.980539
v 0.513757 3.361459 2.959348
v 0.553141 3.522324 2.871483
v 0.588557 3.454689 2.792472
v 0.595205 3.385704 2.777639
v 0.578461 3.290888 2.814996
v 0.583756 3.247234 2.803182
v 0.503302 3.064179 2.982672
v 0.545581 3.149320 2.888348
v 0.590623 3.190363 2.787861
v 0.599254 3.024574 2.768607
v 0.616998 2.835987 2.729021
v 0.621243 2.715880 2.719549
v 0.596912 2.679018 2.773832
v 0.564211 2.713213 2.846785
v 0.511236 2.829886 2.964972
v 0.501292 2.947146 2.987155
v 0.664658 3.230463 2.622693
v 0.714787 3.289478 2.510858
v 0.688970 3.205100 2.568453
v 0.677270 3.159154 2.594556
v 0.732246 2.524301 2.471907
v 0.789606 1.861912 2.343939
v 0.742232 2.634457 2.449629
v 0.830064 2.840279 2.253679
v 0.855583 2.891147 2.196746
v 0.918317 2.676415 2.056791
v 0.915334 2.456762 2.063446
v 0.910747 2.375309 2.073678
v 0.902766 2.271185 2.091483
v 0.801569 1.910951 2.317251
v 0.758469 1.799263 2.413404
v 0.738010 1.897457 2.459048
v 0.725539 2.133155 2.486871
v 0.720867 2.379836 2.497293
vn 0.9125 -0.0000 0.4090
vt 0.450220 0.396636
vt 0.458789 0.458304
vt 0.446488 0.463566
vt 0.426559 0.481518
vt 0.422818 0.499561
vt 0.423575 0.517569
vt 0.439479 0.530669
vt 0.456423 0.536985
vt 0.453840 0.545735
vt 0.423934 0.531977
vt 0.413489 0.506789
vt 0.415753 0.488894
vt 0.400899 0.500582
vt 0.391546 0.516579
vt 0.381365 0.517678
vt 0.352379 0.519250
vt 0.327647 0.519193
vt 0.300846 0.496350
vt 0.331103 0.510348
vt 0.382238 0.508274
vt 0.408262 0.483203
vt 0.442234 0.455598
vt 0.455829 0.437908
vt 0.444251 0.421699
vt 0.451369 0.410703
vt 0.518441 0.556007
vt 0.503132 0.552236
vt 0.493420 0.539252
vt 0.489018 0.532183
vt 0.509699 0.434498
vt 0.513456 0.451448
vt 0.546497 0.483117
vt 0.556097 0.490944
vt 0.579696 0.457904
vt 0.578574 0.424106
vt 0.576849 0.411573
vt 0.573847 0.395551
vt 0.535778 0.340122
vt 0.531278 0.332576
vt 0.536588 0.307493
vt 0.570350 0.365849
vt 0.589412 0.396510
vt 0.626696 0.409094
vt 0.660698 0.415725
vt 0.673432 0.407101
vt 0.695277 0.400579
vt 0.713527 0.407786
vt 0.683945 0.409797
vt 0.660203 0.425520
vt 0.622489 0.420433
vt 0.590254 0.408609
vt 0.590632 0.430185
vt 0.587622 0.458967
vt 0.564130 0.495096
vt 0.569770 0.500536
vt 0.594461 0.510876
vt 0.649316 0.518825
vt 0.688442 0.520597
vt 0.719936 0.523629
vt 0.671753 0.529753
vt 0.629359 0.523225
vt 0.644056 0.540826
vt 0.674897 0.579045
vt 0.674265 0.606327
vt 0.662939 0.572774
vt 0.608458 0.521092
vt 0.584143 0.520095
vt 0.513754 0.478020
vt 0.500778 0.486912
vt 0.495858 0.518542
vt 0.509055 0.542091
vt 0.553773 0.557688
vt 0.581793 0.591560
vt 0.606063 0.627455
vt 0.633623 0.654389
vt 0.608155 0.641690
vt 0.604889 0.674080
vt 0.594017 0.622542
vt 0.553808 0.569526
vt 0.427507 0.563311
vt 0.442323 0.588063
vt 0.446858 0.606462
vt 0.426267 0.624092
vt 0.429069 0.639273
vt 0.461019 0.707235
vt 0.478867 0.719627
vt 0.473048 0.753470
vt 0.471549 0.740776
vt 0.477169 0.725269
vt 0.460152 0.714946
vt 0.453764 0.707313
vt 0.439662 0.683496
vt 0.426093 0.654909
vt 0.412894 0.635410
vt 0.403324 0.643565
vt 0.388440 0.652937
vt 0.375536 0.677960
vt 0.368091 0.700719
vt 0.359023 0.715667
vt 0.364761 0.688837
vt 0.375927 0.659797
vt 0.384663 0.641511
vt 0.400301 0.628729
vt 0.419929 0.612583
vt 0.437699 0.593270
vt 0.425639 0.576103
vt 0.420770 0.564641
vt 0.416869 0.525397
vt 0.474539 0.595109
vt 0.456686 0.598159
vt 0.451519 0.602323
vt 0.460344 0.618270
vt 0.455646 0.577656
vt 0.458147 0.567041
vt 0.451848 0.552452
vt 0.459670 0.511474
vt 0.466345 0.482457
vt 0.467942 0.463976
vt 0.464649 0.295542
vt 0.465813 0.253093
vt 0.466451 0.177283
vt 0.465912 0.113464
vt 0.443750 0.066867
vt 0.423758 0.046585
vt 0.573260 0.050300
vt 0.552177 0.064469
vt 0.528239 0.112132
vt 0.526904 0.194189
vt 0.526086 0.270765
vt 0.519564 0.322937
vt 0.511868 0.338045
vt 0.507176 0.374313
vt 0.505419 0.412269
vt 0.484274 0.543155
vt 0.509729 0.560985
vt 0.483985 0.554915
vt 0.498820 0.602560
vt 0.526796 0.667353
vt 0.519177 0.685065
vt 0.523186 0.703050
vt 0.572197 0.737266
vt 0.597559 0.751993
vt 0.621963 0.754861
vt 0.651373 0.754011
vt 0.667529 0.703404
vt 0.695254 0.692748
vt 0.674232 0.709793
vt 0.669435 0.732400
vt 0.661150 0.756832
vt 0.707449 0.756945
vt 0.745851 0.737433
vt 0.711059 0.769818
vt 0.689975 0.767961
vt 0.649313 0.765591
vt 0.623822 0.767386
vt 0.626382 0.782464
vt 0.608021 0.799103
vt 0.610730 0.812825
vt 0.631231 0.844734
vt 0.645999 0.875943
vt 0.647629 0.917178
vt 0.658475 0.934520
vt 0.666641 0.954165
vt 0.639557 0.927747
vt 0.639562 0.891417
vt 0.633313 0.871892
vt 0.615251 0.887930
vt 0.589121 0.914490
vt 0.583031 0.925895
vt 0.575652 0.944847
vt 0.575103 0.918532
vt 0.613193 0.880212
vt 0.629266 0.861564
vt 0.617694 0.841802
vt 0.594054 0.810198
vt 0.567472 0.814634
vt 0.541960 0.816859
vt 0.513349 0.810275
vt 0.544198 0.808469
vt 0.589382 0.802670
vt 0.606935 0.782001
vt 0.605731 0.772408
vt 0.596284 0.763637
vt 0.575520 0.756148
vt 0.550726 0.746679
vt 0.537938 0.736184
vt 0.510874 0.715281
vt 0.499915 0.714733
vt 0.492766 0.725415
vt 0.516693 0.739452
vt 0.524619 0.753196
vt 0.487224 0.731669
vt 0.487089 0.742685
vt 0.493860 0.781444
vt 0.494108 0.795980
vt 0.482894 0.813849
vt 0.480383 0.828357
vt 0.489594 0.843899
vt 0.502437 0.854932
vt 0.544928 0.866937
vt 0.558382 0.863538
vt 0.578868 0.858009
vt 0.551757 0.877248
vt 0.519687 0.866631
vt 0.495768 0.864654
vt 0.498622 0.884119
vt 0.502886 0.897942
vt 0.514747 0.910690
vt 0.521164 0.920533
vt 0.503046 0.911166
vt 0.488109 0.890636
vt 0.486340 0.858818
vt 0.470322 0.836228
vt 0.466408 0.841825
vt 0.459851 0.869795
vt 0.446637 0.886804
vt 0.431533 0.907959
vt 0.424078 0.960465
vt 0.422787 0.909216
vt 0.432215 0.892286
vt 0.447177 0.871272
vt 0.426847 0.874127
vt 0.400990 0.873344
vt 0.373442 0.872562
vt 0.353223 0.872735
vt 0.337477 0.894554
vt 0.317341 0.919512
vt 0.341557 0.872861
vt 0.329723 0.870484
vt 0.314772 0.863427
vt 0.288665 0.848055
vt 0.267086 0.825948
vt 0.310909 0.854593
vt 0.332283 0.862637
vt 0.378303 0.864409
vt 0.401804 0.863883
vt 0.379882 0.821604
vt 0.370070 0.801838
vt 0.375002 0.775853
vt 0.377278 0.802151
vt 0.405035 0.854434
vt 0.415574 0.865622
vt 0.440726 0.866010
vt 0.452115 0.856543
vt 0.459623 0.835796
vt 0.470294 0.815130
vt 0.483215 0.787041
vt 0.481526 0.771109
vt 0.491676 0.696649
vt 0.500616 0.664999
vt 0.489650 0.632211
s 0
usemtl Material.001
f 187/238/69 406/239/69 407/240/69 408/241/69 409/242/69 400/243/69 401/244/69 402/245/69 399/246/69 393/247/69 202/248/69 201/249/69 200/250/69 199/251/69 198/252/69 197/253/69 196/254/69 195/255/69 194/256/69 193/257/69 192/258/69 191/259/69 190/260/69 189/261/69 188/262/69
f 339/263/69 411/264/69 412/265/69 413/266/69 414/267/69 416/268/69 417/269/69 418/270/69 419/271/69 420/272/69 421/273/69 422/274/69 423/275/69 415/276/69 379/277/69 378/278/69 377/279/69 376/280/69 375/281/69 374/282/69 373/283/69 372/284/69 371/285/69 370/286/69 369/287/69 368/288/69 367/289/69 366/290/69 365/291/69 364/292/69 363/293/69 362/294/69 361/295/69 360/296/69 359/297/69 358/298/69 357/299/69 356/300/69 355/301/69 354/302/69 353/303/69 352/304/69 351/305/69 350/306/69 349/307/69 348/308/69 347/309/69 346/310/69 345/311/69 344/312/69 343/313/69 342/314/69 341/315/69 340/316/69
f 202/248/69 393/247/69 394/317/69 395/318/69 392/319/69 179/320/69 177/321/69 178/322/69 180/323/69 224/324/69 223/325/69 222/326/69 221/327/69 220/328/69 219/329/69 218/330/69 217/331/69 216/332/69 215/333/69 214/334/69 213/335/69 212/336/69 211/337/69 210/338/69 209/339/69 208/340/69 207/341/69 206/342/69 205/343/69 204/344/69 203/345/69
f 388/346/69 389/347/69 390/348/69 391/349/69 392/319/69 395/318/69 396/350/69 397/351/69 398/352/69 399/246/69 402/245/69 403/353/69 404/354/69 405/355/69 406/239/69 187/238/69 186/356/69 185/357/69 184/358/69 183/359/69 182/360/69 181/361/69 384/362/69 383/363/69 382/364/69 381/365/69 380/366/69 379/277/69 415/276/69 424/367/69 425/368/69 426/369/69 427/370/69 414/267/69 413/266/69 410/371/69 411/264/69 338/372/69 337/373/69 336/374/69 335/375/69 334/376/69 333/377/69 332/378/69 331/379/69 330/380/69 329/381/69 328/382/69 327/383/69 326/384/69 325/385/69 324/386/69 323/387/69 322/388/69 321/389/69 320/390/69 319/391/69 318/392/69 317/393/69 316/394/69 315/395/69 314/396/69 313/397/69 312/398/69 311/399/69 310/400/69 309/401/69 308/402/69 307/403/69 306/404/69 305/405/69 304/406/69 303/407/69 302/408/69 301/409/69 300/410/69 299/411/69 298/412/69 297/413/69 296/414/69 295/415/69 294/416/69 293/417/69 292/418/69 291/419/69 290/420/69 289/421/69 288/422/69 287/423/69 286/424/69 285/425/69 284/426/69 283/427/69 282/428/69 281/429/69 280/430/69 279/431/69 278/432/69 277/433/69 276/434/69 275/435/69 274/436/69 273/437/69 272/438/69 271/439/69 270/440/69 269/441/69 268/442/69 267/443/69 266/444/69 265/445/69 264/446/69 263/447/69 262/448/69 261/449/69 260/450/69 259/451/69 258/452/69 257/453/69 256/454/69 255/455/69 254/456/69 253/457/69 252/458/69 251/459/69 250/460/69 249/461/69 248/462/69 247/463/69 246/464/69 245/465/69 244/466/69 243/467/69 242/468/69 241/469/69 240/470/69 239/471/69 238/472/69 237/473/69 236/474/69 235/475/69 234/476/69 233/477/69 232/478/69 231/479/69 230/480/69 229/481/69 228/482/69 227/483/69 226/484/69 225/485/69 224/324/69 180/323/69 385/486/69 386/487/69 387/488/69
o Plane.001
v 1.127132 3.855136 2.717948
v 0.937650 4.296825 2.633034
v 1.143749 3.756473 2.725395
v 0.831797 4.377357 2.585597
v 1.158632 0.003253 2.732064
v 1.040067 0.135062 2.678931
v 0.908627 0.437900 2.620028
v 0.905431 0.852657 2.618596
v 0.909213 1.345348 2.620290
v 0.916119 1.621226 2.623385
v 1.001693 2.278236 2.661734
v 0.994876 2.369658 2.658679
v 1.037091 2.441124 2.677597
v 0.968427 2.546464 2.646827
v 1.049057 2.661429 2.682960
v 1.250533 2.840837 2.773249
v 1.404873 3.003773 2.842415
v 1.708144 3.017250 2.978322
v 1.887587 2.926280 3.058737
v 1.728636 3.074735 2.987505
v 1.581959 3.075107 2.921774
v 1.410052 3.064893 2.844736
v 1.349670 3.057747 2.817676
v 1.294201 2.953784 2.792818
v 1.206104 2.877820 2.753339
v 1.219533 2.994123 2.759356
v 1.199487 3.115056 2.750373
v 1.176350 3.370102 2.740005
v 1.147475 3.444597 2.727065
v 1.075952 3.556164 2.695013
v 1.181338 3.681676 2.742240
v 1.297745 3.786610 2.794406
v 1.390493 3.869679 2.835970
v 1.442303 3.988521 2.859188
v 1.508525 4.177256 2.888865
v 1.542553 4.351622 2.904114
v 1.488777 4.254477 2.880015
v 1.444622 4.106563 2.860228
v 1.368091 3.943939 2.825931
v 1.279820 3.883033 2.786373
v 1.223063 3.830034 2.760938
v 1.144785 3.956758 2.725859
v 1.064312 4.142546 2.689796
v 0.980676 4.297328 2.652316
v 0.942787 4.346937 2.635336
v 0.841865 4.414024 2.590109
v 0.875197 4.514807 2.605047
v 0.866305 4.597303 2.601062
v 0.816026 4.711937 2.578530
v 0.806009 4.815486 2.574041
v 0.882637 4.998034 2.608381
v 0.945925 5.132340 2.636742
v 0.990455 5.267177 2.656698
v 1.057998 5.328706 2.686966
v 1.207170 5.326181 2.753816
v 1.269670 5.253471 2.781825
v 1.434291 4.913683 2.855598
v 1.447790 4.742775 2.861647
v 1.477038 4.911648 2.874754
v 1.418845 5.040109 2.848676
v 1.288836 5.314879 2.790414
v 1.428211 5.318296 2.852874
v 1.701142 5.306780 2.975184
v 1.827908 5.254506 3.031993
v 2.087809 5.068343 3.148464
v 1.959829 5.212014 3.091112
v 1.804998 5.311917 3.021726
v 1.716326 5.357778 2.981988
v 1.646143 5.373226 2.950537
v 1.789758 5.676412 3.014896
v 1.670340 5.514212 2.961380
v 1.576957 5.372408 2.919532
v 1.457042 5.371283 2.865793
v 1.293663 5.376367 2.792577
v 1.140310 5.381456 2.723854
v 1.019741 5.362900 2.669822
v 1.108472 5.499474 2.709586
v 1.164391 5.609497 2.734645
v 1.156735 5.942570 2.731215
v 1.112521 5.601328 2.711401
v 1.022941 5.463844 2.671256
v 0.944572 5.353301 2.636136
v 0.905685 5.171523 2.618710
v 0.882472 5.135146 2.608307
v 0.787474 5.281960 2.565735
v 0.776981 5.488749 2.561032
v 0.688395 5.622172 2.521334
v 0.580945 5.683052 2.473181
v 0.619001 5.619078 2.490235
v 0.689343 5.536230 2.521758
v 0.714633 5.446395 2.533092
v 0.731560 5.319894 2.540678
v 0.589705 5.332738 2.477107
v 0.399507 5.401738 2.391872
v 0.238717 5.276706 2.319816
v 0.360215 5.312641 2.374264
v 0.440008 5.334730 2.410022
v 0.692010 5.256704 2.522954
v 0.768178 5.185005 2.557087
v 0.822806 5.083993 2.581568
v 0.807915 4.989711 2.574895
v 0.741407 4.873577 2.545090
v 0.742875 4.779105 2.545748
v 0.783032 4.527212 2.563744
v 0.782234 4.455621 2.563386
v 0.560453 4.595523 2.463998
v 0.607463 4.506202 2.485065
v 0.749362 4.414974 2.548655
v 0.706965 4.345552 2.529655
v 0.641974 4.349114 2.500530
v 0.481463 4.484962 2.428599
v 0.405620 4.553172 2.394611
v 0.258575 4.614712 2.328715
v 0.135429 4.663377 2.273528
v 0.079403 4.720380 2.248421
v 0.072259 4.782728 2.245219
v 0.176363 4.917058 2.291872
v 0.444339 4.954744 2.411963
v 0.627292 4.966482 2.493951
v 0.457610 5.009271 2.417910
v 0.306305 4.994809 2.350104
v 0.148652 4.965978 2.279454
v 0.008452 5.171373 2.216625
v -0.060179 5.299811 2.185869
v 0.035147 5.421002 2.228588
v 0.261049 5.670045 2.329823
v 0.257790 5.841065 2.328363
v 0.214027 5.717894 2.308751
v 0.177912 5.643777 2.292567
v 0.022941 5.471160 2.223118
v -0.084178 5.366932 2.175114
v -0.121239 5.493824 2.158506
v -0.121213 5.729935 2.158517
v -0.281837 5.901627 2.086536
v -0.233408 5.773952 2.108238
v -0.169083 5.661242 2.137065
v -0.159419 5.393257 2.141396
v -0.071833 5.190433 2.180646
v 0.049753 4.983055 2.235133
v 0.065819 4.893876 2.242333
v -0.043076 4.785736 2.193533
v -0.027890 4.687747 2.200339
v -0.179070 4.676080 2.132589
v -0.420225 4.691479 2.024518
v -0.545268 4.703553 1.968482
v -0.751608 4.493082 1.876013
v -0.523861 4.619887 1.978075
v -0.249273 4.619156 2.101129
v -0.298410 4.460371 2.079109
v -0.326858 4.313445 2.066360
v -0.451533 4.202669 2.010488
v -0.287105 4.271923 2.084175
v -0.191286 4.600819 2.127115
v -0.016866 4.606341 2.205279
v 0.127867 4.587703 2.270139
v 0.278279 4.491996 2.337545
v 0.568951 4.269628 2.467806
v 0.592726 4.152740 2.478461
v 0.547542 4.037628 2.458212
v 0.713462 3.616541 2.532567
v 0.801443 3.306893 2.571995
v 0.648764 3.346344 2.503573
v 0.597096 3.313992 2.480419
v 0.387344 3.401848 2.386421
v 0.148875 3.746399 2.279554
v 0.084396 4.081348 2.250658
v 0.065024 3.870848 2.241977
v -0.086018 3.953376 2.174290
v 0.077434 3.778329 2.247539
v 0.221369 3.545049 2.312041
v 0.387551 3.324918 2.386514
v 0.652762 3.223547 2.505365
v 0.731029 3.070503 2.540439
v 0.701849 2.864939 2.527362
v 0.624890 2.807153 2.492874
v 0.207436 3.080595 2.305797
v 0.063230 3.087080 2.241173
v -0.259884 3.422956 2.096373
v -0.327054 3.641021 2.066272
v -0.330800 3.463714 2.064593
v -0.147892 3.215331 2.146561
v -0.060726 3.100937 2.185624
v -0.312155 3.143366 2.072949
v -0.597913 3.103566 1.944890
v -0.411133 3.083857 2.028593
v -0.179090 3.072345 2.132580
v 0.146239 3.020684 2.278373
v 0.292678 2.953483 2.343997
v 0.326126 2.918132 2.358987
v 0.186802 2.683325 2.296550
v 0.168950 2.496269 2.288550
v 0.171194 2.356050 2.289556
v -0.019984 2.432893 2.203882
v -0.243658 2.465951 2.103645
v -0.384463 2.363769 2.040545
v -0.559907 2.350702 1.961922
v -0.451667 2.303864 2.010428
v -0.322111 2.346246 2.068487
v -0.246592 2.402294 2.102330
v -0.044933 2.359200 2.192701
v 0.176184 2.277417 2.291792
v 0.289236 2.078149 2.342455
v 0.489468 1.698892 2.432187
v 0.551755 1.460201 2.460100
v 0.546902 0.962531 2.457925
v 0.538987 0.429241 2.454378
v 0.397013 0.119476 2.390754
v 0.271977 0.027395 2.334720
v 0.755833 4.228025 2.551555
v 0.702810 4.022333 2.527793
v 0.767844 3.809240 2.556937
v 0.857462 3.568117 2.597099
v 0.963347 3.587935 2.644550
v 0.993989 3.614996 2.658282
v 0.941648 3.718641 2.634826
v 1.021633 3.641895 2.670670
v 1.157588 3.157820 2.731596
v 1.136396 3.361459 2.722100
v 1.048527 3.522324 2.682723
v 0.969514 3.454689 2.647313
v 0.954681 3.385704 2.640666
v 0.992038 3.290888 2.657408
v 0.980224 3.247234 2.652113
v 1.159721 3.064179 2.732553
v 1.065394 3.149320 2.690281
v 0.964903 3.190363 2.645247
v 0.945648 3.024574 2.636618
v 0.906060 2.835987 2.618877
v 0.896588 2.715880 2.614633
v 0.950873 2.679018 2.638960
v 1.023829 2.713213 2.671654
v 1.142020 2.829886 2.724620
v 1.164205 2.947146 2.734562
v 0.799729 3.230463 2.571226
v 0.687889 3.289478 2.521107
v 0.745487 3.205100 2.546918
v 0.771590 3.159154 2.558616
v 0.648937 2.524301 2.503651
v 0.520964 1.861912 2.446301
v 0.626658 2.634457 2.493667
v 0.430701 2.840279 2.405851
v 0.373766 2.891146 2.380336
v 0.233805 2.676415 2.317615
v 0.240461 2.456762 2.320597
v 0.250693 2.375309 2.325183
v 0.268499 2.271185 2.333162
v 0.494276 1.910951 2.434341
v 0.590432 1.799263 2.477432
v 0.636077 1.897457 2.497888
v 0.663901 2.133155 2.510357
v 0.674324 2.379836 2.515028
vn 0.4090 -0.0000 -0.9126
vt 0.450220 0.396636
vt 0.458789 0.458304
vt 0.446488 0.463566
vt 0.426559 0.481518
vt 0.422818 0.499561
vt 0.423575 0.517569
vt 0.439479 0.530669
vt 0.456423 0.536985
vt 0.453840 0.545735
vt 0.423934 0.531977
vt 0.413489 0.506789
vt 0.415753 0.488894
vt 0.400899 0.500582
vt 0.391546 0.516579
vt 0.381365 0.517678
vt 0.352379 0.519250
vt 0.327647 0.519193
vt 0.300846 0.496350
vt 0.331103 0.510348
vt 0.382238 0.508274
vt 0.408262 0.483203
vt 0.442234 0.455598
vt 0.455829 0.437908
vt 0.444251 0.421699
vt 0.451369 0.410703
vt 0.518441 0.556007
vt 0.503132 0.552236
vt 0.493420 0.539252
vt 0.489018 0.532183
vt 0.509699 0.434498
vt 0.513456 0.451448
vt 0.546497 0.483117
vt 0.556097 0.490944
vt 0.579696 0.457904
vt 0.578574 0.424106
vt 0.576849 0.411573
vt 0.573847 0.395551
vt 0.535778 0.340122
vt 0.531278 0.332576
vt 0.536588 0.307493
vt 0.570350 0.365849
vt 0.589412 0.396510
vt 0.626696 0.409094
vt 0.660698 0.415725
vt 0.673432 0.407101
vt 0.695277 0.400579
vt 0.713527 0.407786
vt 0.683945 0.409797
vt 0.660203 0.425520
vt 0.622489 0.420433
vt 0.590254 0.408609
vt 0.590632 0.430185
vt 0.587622 0.458967
vt 0.564130 0.495096
vt 0.569770 0.500536
vt 0.594461 0.510876
vt 0.649316 0.518825
vt 0.688442 0.520597
vt 0.719936 0.523629
vt 0.671753 0.529753
vt 0.629359 0.523225
vt 0.644056 0.540826
vt 0.674897 0.579045
vt 0.674265 0.606327
vt 0.662939 0.572774
vt 0.608458 0.521092
vt 0.584143 0.520095
vt 0.513754 0.478020
vt 0.500778 0.486912
vt 0.495858 0.518542
vt 0.509055 0.542091
vt 0.553773 0.557688
vt 0.581793 0.591560
vt 0.606063 0.627455
vt 0.633623 0.654389
vt 0.608155 0.641690
vt 0.604889 0.674080
vt 0.594017 0.622542
vt 0.553808 0.569526
vt 0.427507 0.563311
vt 0.442323 0.588063
vt 0.446858 0.606462
vt 0.426267 0.624092
vt 0.429069 0.639273
vt 0.461019 0.707235
vt 0.478867 0.719627
vt 0.473048 0.753470
vt 0.471549 0.740776
vt 0.477169 0.725269
vt 0.460152 0.714946
vt 0.453764 0.707313
vt 0.439662 0.683496
vt 0.426093 0.654909
vt 0.412894 0.635410
vt 0.403324 0.643565
vt 0.388440 0.652937
vt 0.375536 0.677960
vt 0.368091 0.700719
vt 0.359023 0.715667
vt 0.364761 0.688837
vt 0.375927 0.659797
vt 0.384663 0.641511
vt 0.400301 0.628729
vt 0.419929 0.612583
vt 0.437699 0.593270
vt 0.425639 0.576103
vt 0.420770 0.564641
vt 0.416869 0.525397
vt 0.474539 0.595109
vt 0.456686 0.598159
vt 0.451519 0.602323
vt 0.460344 0.618270
vt 0.455646 0.577656
vt 0.458147 0.567041
vt 0.451848 0.552452
vt 0.459670 0.511474
vt 0.466345 0.482457
vt 0.467942 0.463976
vt 0.464649 0.295542
vt 0.465813 0.253093
vt 0.466451 0.177283
vt 0.465912 0.113464
vt 0.443750 0.066867
vt 0.423758 0.046585
vt 0.573260 0.050300
vt 0.552177 0.064469
vt 0.528239 0.112132
vt 0.526904 0.194189
vt 0.526086 0.270765
vt 0.519564 0.322937
vt 0.511868 0.338045
vt 0.507176 0.374313
vt 0.505419 0.412269
vt 0.484274 0.543155
vt 0.509729 0.560985
vt 0.483985 0.554915
vt 0.498820 0.602560
vt 0.526796 0.667353
vt 0.519177 0.685065
vt 0.523186 0.703050
vt 0.572197 0.737266
vt 0.597559 0.751993
vt 0.621963 0.754861
vt 0.651373 0.754011
vt 0.667529 0.703404
vt 0.695254 0.692748
vt 0.674232 0.709793
vt 0.669435 0.732400
vt 0.661150 0.756832
vt 0.707449 0.756945
vt 0.745851 0.737433
vt 0.711059 0.769818
vt 0.689975 0.767961
vt 0.649313 0.765591
vt 0.623822 0.767386
vt 0.626382 0.782464
vt 0.608021 0.799103
vt 0.610730 0.812825
vt 0.631231 0.844734
vt 0.645999 0.875943
vt 0.647629 0.917178
vt 0.658475 0.934520
vt 0.666641 0.954165
vt 0.639557 0.927747
vt 0.639562 0.891417
vt 0.633313 0.871892
vt 0.615251 0.887930
vt 0.589121 0.914490
vt 0.583031 0.925895
vt 0.575652 0.944847
vt 0.575103 0.918532
vt 0.613193 0.880212
vt 0.629266 0.861564
vt 0.617694 0.841802
vt 0.594054 0.810198
vt 0.567472 0.814634
vt 0.541960 0.816859
vt 0.513349 0.810275
vt 0.544198 0.808469
vt 0.589382 0.802670
vt 0.606935 0.782001
vt 0.605731 0.772408
vt 0.596284 0.763637
vt 0.575520 0.756148
vt 0.550726 0.746679
vt 0.537938 0.736184
vt 0.510874 0.715281
vt 0.499915 0.714733
vt 0.492766 0.725415
vt 0.516693 0.739452
vt 0.524619 0.753196
vt 0.487224 0.731669
vt 0.487089 0.742685
vt 0.493860 0.781444
vt 0.494108 0.795980
vt 0.482894 0.813849
vt 0.480383 0.828357
vt 0.489594 0.843899
vt 0.502437 0.854932
vt 0.544928 0.866937
vt 0.558382 0.863538
vt 0.578868 0.858009
vt 0.551757 0.877248
vt 0.519687 0.866631
vt 0.495768 0.864654
vt 0.498622 0.884119
vt 0.502886 0.897942
vt 0.514747 0.910690
vt 0.521164 0.920533
vt 0.503046 0.911166
vt 0.488109 0.890636
vt 0.486340 0.858818
vt 0.470322 0.836228
vt 0.466408 0.841825
vt 0.459851 0.869795
vt 0.446637 0.886804
vt 0.431533 0.907959
vt 0.424078 0.960465
vt 0.422787 0.909216
vt 0.432215 0.892286
vt 0.447177 0.871272
vt 0.426847 0.874127
vt 0.400990 0.873344
vt 0.373442 0.872562
vt 0.353223 0.872735
vt 0.337477 0.894554
vt 0.317341 0.919512
vt 0.341557 0.872861
vt 0.329723 0.870484
vt 0.314772 0.863427
vt 0.288665 0.848055
vt 0.267086 0.825948
vt 0.310909 0.854593
vt 0.332283 0.862637
vt 0.378303 0.864409
vt 0.401804 0.863883
vt 0.379882 0.821604
vt 0.370070 0.801838
vt 0.375002 0.775853
vt 0.377278 0.802151
vt 0.405035 0.854434
vt 0.415574 0.865622
vt 0.440726 0.866010
vt 0.452115 0.856543
vt 0.459623 0.835796
vt 0.470294 0.815130
vt 0.483215 0.787041
vt 0.481526 0.771109
vt 0.491676 0.696649
vt 0.500616 0.664999
vt 0.489650 0.632211
s 0
usemtl Material.002
f 438/489/70 657/490/70 658/491/70 659/492/70 660/493/70 651/494/70 652/495/70 653/496/70 650/497/70 644/498/70 453/499/70 452/500/70 451/501/70 450/502/70 449/503/70 448/504/70 447/505/70 446/506/70 445/507/70 444/508/70 443/509/70 442/510/70 441/511/70 440/512/70 439/513/70
f 590/514/70 662/515/70 663/516/70 664/517/70 665/518/70 667/519/70 668/520/70 669/521/70 670/522/70 671/523/70 672/524/70 673/525/70 674/526/70 666/527/70 630/528/70 629/529/70 628/530/70 627/531/70 626/532/70 625/533/70 624/534/70 623/535/70 622/536/70 621/537/70 620/538/70 619/539/70 618/540/70 617/541/70 616/542/70 615/543/70 614/544/70 613/545/70 612/546/70 611/547/70 610/548/70 609/549/70 608/550/70 607/551/70 606/552/70 605/553/70 604/554/70 603/555/70 602/556/70 601/557/70 600/558/70 599/559/70 598/560/70 597/561/70 596/562/70 595/563/70 594/564/70 593/565/70 592/566/70 591/567/70
f 453/499/70 644/498/70 645/568/70 646/569/70 643/570/70 430/571/70 428/572/70 429/573/70 431/574/70 475/575/70 474/576/70 473/577/70 472/578/70 471/579/70 470/580/70 469/581/70 468/582/70 467/583/70 466/584/70 465/585/70 464/586/70 463/587/70 462/588/70 461/589/70 460/590/70 459/591/70 458/592/70 457/593/70 456/594/70 455/595/70 454/596/70
f 639/597/70 640/598/70 641/599/70 642/600/70 643/570/70 646/569/70 647/601/70 648/602/70 649/603/70 650/497/70 653/496/70 654/604/70 655/605/70 656/606/70 657/490/70 438/489/70 437/607/70 436/608/70 435/609/70 434/610/70 433/611/70 432/612/70 635/613/70 634/614/70 633/615/70 632/616/70 631/617/70 630/528/70 666/527/70 675/618/70 676/619/70 677/620/70 678/621/70 665/518/70 664/517/70 661/622/70 662/515/70 589/623/70 588/624/70 587/625/70 586/626/70 585/627/70 584/628/70 583/629/70 582/630/70 581/631/70 580/632/70 579/633/70 578/634/70 577/635/70 576/636/70 575/637/70 574/638/70 573/639/70 572/640/70 571/641/70 570/642/70 569/643/70 568/644/70 567/645/70 566/646/70 565/647/70 564/648/70 563/649/70 562/650/70 561/651/70 560/652/70 559/653/70 558/654/70 557/655/70 556/656/70 555/657/70 554/658/70 553/659/70 552/660/70 551/661/70 550/662/70 549/663/70 548/664/70 547/665/70 546/666/70 545/667/70 544/668/70 543/669/70 542/670/70 541/671/70 540/672/70 539/673/70 538/674/70 537/675/70 536/676/70 535/677/70 534/678/70 533/679/70 532/680/70 531/681/70 530/682/70 529/683/70 528/684/70 527/685/70 526/686/70 525/687/70 524/688/70 523/689/70 522/690/70 521/691/70 520/692/70 519/693/70 518/694/70 517/695/70 516/696/70 515/697/70 514/698/70 513/699/70 512/700/70 511/701/70 510/702/70 509/703/70 508/704/70 507/705/70 506/706/70 505/707/70 504/708/70 503/709/70 502/710/70 501/711/70 500/712/70 499/713/70 498/714/70 497/715/70 496/716/70 495/717/70 494/718/70 493/719/70 492/720/70 491/721/70 490/722/70 489/723/70 488/724/70 487/725/70 486/726/70 485/727/70 484/728/70 483/729/70 482/730/70 481/731/70 480/732/70 479/733/70 478/734/70 477/735/70 476/736/70 475/575/70 431/574/70 636/737/70 637/738/70 638/739/70
o Cylinder
v 0.418140 -0.005000 1.397076
v 0.418140 0.745000 1.397076
v 0.519825 -0.005000 1.418689
v 0.519825 0.745000 1.418689
v 0.603927 -0.005000 1.479793
v 0.603927 0.745000 1.479793
v 0.655905 -0.005000 1.569821
v 0.655905 0.745000 1.569821
v 0.666771 -0.005000 1.673208
v 0.666771 0.745000 1.673208
v 0.634647 -0.005000 1.772076
v 0.634647 0.745000 1.772076
v 0.565087 -0.005000 1.849330
v 0.565087 0.745000 1.849330
v 0.470118 -0.005000 1.891612
v 0.470118 0.745000 1.891612
v 0.366163 -0.005000 1.891612
v 0.366163 0.745000 1.891612
v 0.271194 -0.005000 1.849330
v 0.271194 0.745000 1.849330
v 0.201634 -0.005000 1.772076
v 0.201634 0.745000 1.772076
v 0.169510 -0.005000 1.673208
v 0.169510 0.745000 1.673208
v 0.180376 -0.005000 1.569821
v 0.180376 0.745000 1.569821
v 0.232354 -0.005000 1.479793
v 0.232354 0.745000 1.479793
v 0.316456 -0.005000 1.418689
v 0.316456 0.745000 1.418689
v 0.408646 0.813734 1.690835
v 0.408646 0.813358 1.612799
v 0.408646 0.808609 1.569465
v 0.408646 0.789104 1.555723
v 0.408646 0.754521 1.553158
v 0.408646 0.757902 1.583486
v 0.408646 0.776524 1.586083
v 0.408646 0.787905 1.594932
v 0.408646 0.789064 1.683276
v 0.408646 0.777326 1.693807
v 0.408646 0.761692 1.696648
v 0.511302 0.765000 1.437830
v 0.519825 0.744505 1.418689
v 0.418140 0.744505 1.397076
v 0.418140 0.765000 1.418028
v 0.588356 0.765000 1.493813
v 0.603927 0.744505 1.479793
v 0.635978 0.765000 1.576296
v 0.655905 0.744505 1.569821
v 0.645933 0.765000 1.671018
v 0.666771 0.744505 1.673208
v 0.616501 0.765000 1.761599
v 0.634647 0.744505 1.772076
v 0.552771 0.765000 1.832379
v 0.565087 0.744505 1.849330
v 0.465762 0.765000 1.871118
v 0.470118 0.744505 1.891612
v 0.370519 0.765000 1.871118
v 0.366163 0.744505 1.891612
v 0.283510 0.765000 1.832379
v 0.271194 0.744505 1.849330
v 0.219779 0.765000 1.761599
v 0.201634 0.744505 1.772076
v 0.190348 0.765000 1.671018
v 0.169510 0.744505 1.673208
v 0.200303 0.765000 1.576296
v 0.180376 0.744505 1.569821
v 0.247925 0.765000 1.493813
v 0.232354 0.744505 1.479793
v 0.324978 0.765000 1.437830
v 0.316456 0.744505 1.418689
v 0.408646 0.798087 1.719314
v 0.408646 0.776612 1.727451
v 0.408646 0.763080 1.723677
v 0.438646 0.776612 1.727451
v 0.438646 0.763080 1.723677
v 0.438646 0.813734 1.690835
v 0.438646 0.798087 1.719314
v 0.438646 0.808609 1.569465
v 0.438646 0.813358 1.612799
v 0.438646 0.754521 1.553158
v 0.438646 0.789104 1.555723
v 0.438646 0.776524 1.586083
v 0.438646 0.757902 1.583486
v 0.438646 0.789064 1.683276
v 0.438646 0.787905 1.594932
v 0.438646 0.761692 1.696648
v 0.438646 0.777326 1.693807
vn 0.2079 -0.0000 -0.9781
vn 0.5878 -0.0000 -0.8090
vn 0.8660 -0.0000 -0.5000
vn 0.9945 -0.0000 -0.1045
vn 0.9511 -0.0000 0.3090
vn 0.7431 -0.0000 0.6691
vn 0.4067 -0.0000 0.9135
vn -0.0000 -0.0000 1.0000
vn -0.4067 -0.0000 0.9135
vn -0.7431 -0.0000 0.6691
vn -0.9511 -0.0000 0.3090
vn -0.9945 -0.0000 -0.1045
vn -0.8660 -0.0000 -0.5000
vn -0.9511 -0.0000 -0.3090
vn -0.5878 -0.0000 -0.8090
vn -0.2079 -0.0000 -0.9781
vn -0.0000 -1.0000 -0.0000
vn -0.5878 -0.0000 0.8090
vn 0.7432 -0.0000 -0.6691
vn 0.2079 -0.0000 0.9781
vn -0.0000 -0.0000 -1.0000
vn 0.8660 -0.0000 0.5000
vn -0.7431 -0.0000 -0.6691
vn 0.9511 -0.0000 -0.3090
vn -0.8660 -0.0000 0.5000
vn -0.9945 -0.0000 0.1045
vn 0.4067 -0.0000 -0.9135
vn -0.0000 1.0000 -0.0000
vn 0.5878 -0.0000 0.8090
vn -0.4067 -0.0000 -0.9135
vn 0.9945 -0.0000 0.1045
vn 0.1470 0.7071 -0.6917
vn 0.4156 0.7071 -0.5721
vn 0.6124 0.7071 -0.3536
vn 0.7032 0.7071 -0.0739
vn 0.6725 0.7071 0.2185
vn 0.5255 0.7071 0.4731
vn 0.2876 0.7071 0.6460
vn -0.0000 0.7071 0.7071
vn -0.2876 0.7071 0.6460
vn -0.5255 0.7071 0.4731
vn -0.6725 0.7071 0.2185
vn -0.7032 0.7071 -0.0739
vn -0.6124 0.7071 -0.3536
vn -0.4156 0.7071 -0.5721
vn -0.1470 0.7071 -0.6917
vn -0.2079 -0.0000 0.9781
vn -1.0000 -0.0000 -0.0000
vn 1.0000 -0.0000 -0.0000
vn -0.0000 0.9940 -0.1089
vn -0.0000 1.0000 -0.0048
vn -0.0000 0.0740 -0.9973
vn -0.0000 -0.6678 -0.7443
vn -0.0000 -0.1381 0.9904
vn -0.0000 -0.9987 0.0513
vn -0.0000 -0.9999 0.0131
vn -0.0000 -0.6138 0.7895
vn -0.0000 -0.1788 -0.9839
vn -0.0000 0.5759 -0.8175
vn -0.0000 -0.2686 0.9633
vn -0.0000 -0.9938 0.1108
vn -0.0000 0.8764 0.4815
vn -0.0000 0.3543 0.9351
vt 0.384221 0.470731
vt 0.644649 0.476231
vt 0.642357 0.506929
vt 0.384221 0.502346
vt 0.644649 0.531211
vt 0.384221 0.533961
vt 0.644649 0.562826
vt 0.384221 0.565575
vt 0.644649 0.594440
vt 0.384221 0.597190
vt 0.644649 0.626055
vt 0.384221 0.628804
vt 0.648773 0.660419
vt 0.384221 0.660419
vt 0.648773 0.692033
vt 0.384221 0.692033
vt 0.648773 0.723648
vt 0.384221 0.723648
vt 0.648773 0.755262
vt 0.384221 0.755262
vt 0.648773 0.786877
vt 0.384221 0.786877
vt 0.648773 0.818491
vt 0.384221 0.818491
vt 0.648773 0.850106
vt 0.385676 0.854107
vt 0.648773 0.886085
vt 0.385313 0.890086
vt 0.648773 0.922428
vt 0.386040 0.926428
vt 0.649500 0.955133
vt 0.386040 0.958043
vt 0.750000 0.490000
vt 0.847617 0.469251
vt 0.928355 0.410591
vt 0.978254 0.324164
vt 0.988685 0.224913
vt 0.957846 0.130000
vt 0.891068 0.055836
vt 0.799899 0.015245
vt 0.700101 0.015245
vt 0.608932 0.055836
vt 0.542154 0.130000
vt 0.511315 0.224913
vt 0.521746 0.324164
vt 0.571645 0.410591
vt 0.652383 0.469251
vt 0.648773 0.818491
vt 0.644649 0.562825
vt 0.572864 0.385025
vt 0.522517 0.395727
vt 0.472170 0.385025
vt 0.430529 0.354771
vt 0.404793 0.310195
vt 0.399412 0.259005
vt 0.415318 0.210052
vt 0.449759 0.171801
vt 0.496781 0.150866
vt 0.548253 0.150866
vt 0.595275 0.171801
vt 0.629716 0.210052
vt 0.645622 0.259005
vt 0.640242 0.310195
vt 0.614506 0.354770
vt 0.284514 0.439895
vt 0.234988 0.450422
vt 0.234988 0.440217
vt 0.280363 0.430572
vt 0.325476 0.410134
vt 0.317892 0.403306
vt 0.350792 0.366286
vt 0.341086 0.363132
vt 0.356084 0.315931
vt 0.345935 0.316998
vt 0.340438 0.267778
vt 0.331600 0.272880
vt 0.306559 0.230151
vt 0.300560 0.238407
vt 0.260304 0.209557
vt 0.258182 0.219539
vt 0.209673 0.209557
vt 0.211794 0.219539
vt 0.163418 0.230151
vt 0.169417 0.238407
vt 0.129539 0.267778
vt 0.138377 0.272880
vt 0.113893 0.315931
vt 0.124042 0.316998
vt 0.119185 0.366286
vt 0.128891 0.363132
vt 0.144501 0.410134
vt 0.152085 0.403306
vt 0.185463 0.439895
vt 0.189614 0.430572
vt 0.644649 0.476231
vt 0.606124 0.126414
vt 0.616861 0.122346
vt 0.624685 0.108107
vt 0.624499 0.069089
vt 0.622126 0.047422
vt 0.612374 0.040550
vt 0.595083 0.039267
vt 0.596772 0.054431
vt 0.606083 0.055730
vt 0.611773 0.060155
vt 0.612350 0.104327
vt 0.606481 0.109592
vt 0.598664 0.111012
vt 0.599357 0.124527
vt 0.676976 0.099385
vt 0.679349 0.121052
vt 0.679535 0.160070
vt 0.649932 0.091230
vt 0.667224 0.092513
vt 0.678872 0.166829
vt 0.672106 0.164942
vt 0.671711 0.174309
vt 0.660974 0.178377
s 0
usemtl Material.004
f 679/740/71 680/741/71 682/742/71 681/743/71
f 681/743/72 682/742/72 684/744/72 683/745/72
f 683/745/73 684/744/73 686/746/73 685/747/73
f 685/747/74 686/746/74 688/748/74 687/749/74
f 687/749/75 688/748/75 690/750/75 689/751/75
f 689/751/76 690/750/76 692/752/76 691/753/76
f 691/753/77 692/752/77 694/754/77 693/755/77
f 693/755/78 694/754/78 696/756/78 695/757/78
f 695/757/79 696/756/79 698/758/79 697/759/79
f 697/759/80 698/758/80 700/760/80 699/761/80
f 699/761/81 700/760/81 702/762/81 701/763/81
f 701/763/82 702/762/82 704/764/82 703/765/82
f 703/765/83 704/764/83 706/766/83 705/767/83
f 690/750/84 688/748/84 729/748/84 731/750/84
f 705/767/85 706/766/85 708/768/85 707/769/85
f 707/769/86 708/768/86 680/770/86 679/771/86
f 679/772/87 681/773/87 683/774/87 685/775/87 687/776/87 689/777/87 691/778/87 693/779/87 695/780/87 697/781/87 699/782/87 701/783/87 703/784/87 705/785/87 707/786/87
f 684/744/88 682/742/88 721/742/88 725/744/88
f 700/760/89 698/758/89 739/758/89 741/760/89
f 680/770/90 708/768/90 749/768/90 722/770/90
f 696/756/91 694/754/91 735/754/91 737/756/91
f 706/766/92 704/764/92 745/764/92 747/766/92
f 692/752/93 690/750/93 731/750/93 733/752/93
f 702/762/94 700/760/94 741/760/94 743/787/94
f 686/746/95 684/744/95 725/744/95 727/788/95
f 688/748/96 686/746/96 727/746/96 729/748/96
f 698/758/97 696/756/97 737/756/97 739/758/97
f 720/789/98 723/790/98 748/791/98 746/792/98 744/793/98 742/794/98 740/795/98 738/796/98 736/797/98 734/798/98 732/799/98 730/800/98 728/801/98 726/802/98 724/803/98
f 708/768/99 706/766/99 747/766/99 749/768/99
f 694/754/100 692/752/100 733/752/100 735/754/100
f 704/764/101 702/762/101 743/762/101 745/764/101
f 721/804/102 722/805/102 723/806/102 720/807/102
f 725/808/103 721/804/103 720/807/103 724/809/103
f 727/810/104 725/808/104 724/809/104 726/811/104
f 729/812/105 727/810/105 726/811/105 728/813/105
f 731/814/106 729/812/106 728/813/106 730/815/106
f 733/816/107 731/814/107 730/815/107 732/817/107
f 735/818/108 733/816/108 732/817/108 734/819/108
f 737/820/109 735/818/109 734/819/109 736/821/109
f 739/822/110 737/820/110 736/821/110 738/823/110
f 741/824/111 739/822/111 738/823/111 740/825/111
f 743/826/112 741/824/112 740/825/112 742/827/112
f 745/828/113 743/826/113 742/827/113 744/829/113
f 747/830/114 745/828/114 744/829/114 746/831/114
f 749/832/115 747/830/115 746/831/115 748/833/115
f 722/805/116 749/832/116 748/833/116 723/806/116
f 682/742/117 680/741/117 722/834/117 721/742/117
f 751/835/118 750/836/118 709/837/118 710/838/118 711/839/118 712/840/118 713/841/118 714/842/118 715/843/118 716/844/118 717/845/118 718/846/118 719/847/118 752/848/118
f 753/835/119 754/848/119 765/847/119 766/846/119 763/845/119 764/844/119 761/843/119 762/842/119 759/841/119 760/840/119 757/839/119 758/838/119 755/837/119 756/836/119
f 711/849/120 710/850/120 758/850/120 757/849/120
f 710/850/121 709/851/121 755/851/121 758/850/121
f 713/852/122 712/853/122 760/853/122 759/852/122
f 718/846/123 717/845/123 763/845/123 766/846/123
f 715/843/124 714/842/124 762/842/124 761/843/124
f 752/848/125 719/847/125 765/847/125 754/848/125
f 717/845/126 716/844/126 764/844/126 763/845/126
f 716/844/127 715/843/127 761/843/127 764/844/127
f 719/847/128 718/846/128 766/846/128 765/847/128
f 712/853/129 711/849/129 757/849/129 760/853/129
f 751/854/130 752/855/130 754/855/130 753/854/130
f 714/842/131 713/841/131 759/841/131 762/842/131
f 709/851/132 750/856/132 756/856/132 755/851/132
f 750/856/133 751/857/133 753/857/133 756/856/133
o Plane.003
v 0.453013 1.241997 -3.864480
v 0.453013 1.234664 -3.842776
v 0.453013 1.405940 -3.870518
v 0.453013 1.496698 -3.942415
v 0.453013 0.007329 -3.671022
v 0.453013 1.562920 -3.711351
v 0.453013 1.622077 -3.684583
v 0.453013 1.713685 -3.793763
v 0.453013 1.605056 -3.885273
v 0.453013 1.546177 -3.849969
v 0.453013 1.470894 -3.850655
v 0.453013 1.465118 -4.980697
v 0.453013 1.493260 -4.119004
v 0.453013 1.489620 -4.301592
v 0.453013 1.428354 -5.999700
v 0.453013 1.511823 -6.005356
v 0.453013 1.560193 -5.973820
v 0.453013 1.646745 -6.078303
v 0.453013 1.559687 -6.164382
v 0.453013 1.498764 -6.129103
v 0.453013 -0.019638 -6.135574
v 0.453013 -0.021083 -6.006652
v 0.453013 1.421519 -4.000128
v 0.453013 1.363214 -4.009789
v 0.453013 1.240733 -4.004774
v 0.453013 1.234958 -4.034660
v 0.453013 1.379509 -4.040854
v 0.453013 1.451410 -4.073533
v 0.453013 1.446131 -4.152879
v 0.453013 1.400200 -4.176701
v 0.453013 1.234837 -4.182345
v 0.453013 1.231605 -4.214106
v 0.453013 1.383215 -4.218779
v 0.453013 1.444555 -4.252658
v 0.453013 1.422236 -4.341788
v 0.453013 1.331162 -4.360662
v 0.453013 1.227904 -4.357045
v 0.453013 1.225878 -4.393404
v 0.453013 1.346546 -4.394653
v 0.453013 1.415375 -4.418847
v 0.453013 1.457820 -4.471412
v 0.453013 1.407037 -4.518918
v 0.453013 1.341095 -4.540415
v 0.453013 1.224433 -4.541765
v 0.453013 1.226670 -4.566243
v 0.453013 1.277943 -4.570982
v 0.453013 1.285685 -4.594281
v 0.453013 1.268747 -4.643004
v 0.453013 1.262998 -4.665040
v 0.453013 1.271932 -4.700520
v 0.453013 1.222774 -4.703283
v 0.453013 1.218956 -4.907667
v 0.453013 1.369715 -4.913442
v 0.453013 1.416682 -4.938082
v 0.453013 1.459757 -5.129282
v 0.453013 1.454363 -5.278800
v 0.453013 1.442766 -5.600232
v 0.453013 1.436763 -5.766624
v 0.453013 1.431365 -5.916246
v 0.453013 1.410731 -5.020337
v 0.453013 1.336447 -5.045265
v 0.453013 1.219387 -5.035040
v 0.453013 1.220252 -5.058498
v 0.453013 1.359580 -5.068222
v 0.453013 1.420910 -5.096323
v 0.453013 1.392734 -5.174895
v 0.453013 1.316177 -5.187755
v 0.453013 1.217376 -5.185364
v 0.453013 1.219666 -5.210271
v 0.453013 1.345127 -5.213943
v 0.453013 1.414141 -5.239003
v 0.453013 1.418933 -5.318910
v 0.453013 1.355889 -5.349174
v 0.453013 1.210852 -5.344874
v 0.453013 1.211745 -5.369210
v 0.453013 1.324568 -5.372054
v 0.453013 1.304355 -5.395129
v 0.453013 1.282334 -5.431643
v 0.453013 1.257554 -5.452077
v 0.453013 1.268275 -5.493159
v 0.453013 1.213044 -5.503736
v 0.453013 1.210918 -5.532809
v 0.453013 1.366201 -5.535622
v 0.453013 1.377501 -5.663633
v 0.453013 1.210750 -5.670239
v 0.453013 1.210155 -5.696733
v 0.453013 1.341252 -5.696820
v 0.453013 1.398224 -5.725829
v 0.453013 1.365665 -5.815502
v 0.453013 1.276699 -5.826105
v 0.453013 1.207261 -5.825341
v 0.453013 1.209648 -5.851244
v 0.453013 1.327432 -5.853237
v 0.453013 1.382358 -5.871418
v 0.453013 1.352201 -5.962146
v 0.453013 1.242659 -5.981754
v 0.453013 1.199266 -5.980610
v 0.453013 1.207728 -6.005534
v 0.453013 1.115174 -3.699743
v 0.453013 1.078064 -6.130896
v 0.453013 0.204292 -6.134619
v 0.453013 0.236838 -3.676972
v 0.453013 0.235069 -3.810512
v 0.453013 1.113132 -3.833482
v 0.453013 0.234752 -3.834448
v 0.453013 1.112794 -3.855677
v 0.453013 0.232825 -3.979951
v 0.453013 1.110514 -4.005031
v 0.453013 0.232428 -4.009974
v 0.453013 1.110145 -4.029222
v 0.453013 0.230514 -4.154464
v 0.453013 1.107846 -4.179817
v 0.453013 0.230070 -4.188047
v 0.453013 1.107342 -4.212846
v 0.453013 0.228150 -4.332997
v 0.453013 1.105148 -4.356540
v 0.453013 0.227737 -4.364228
v 0.453013 1.104627 -4.390718
v 0.453013 0.225766 -4.513042
v 0.453013 1.102397 -4.536759
v 0.453013 0.225501 -4.533035
v 0.453013 1.102045 -4.559811
v 0.453013 0.223696 -4.669315
v 0.453013 1.099899 -4.700428
v 0.453013 0.223205 -4.706433
v 0.453013 0.221289 -4.851136
v 0.453013 0.702661 -4.727087
v 0.453013 0.704240 -4.785937
v 0.453013 0.684191 -4.802600
v 0.453013 0.698092 -4.863567
v 0.453013 0.220787 -4.888985
v 0.453013 1.096870 -4.898851
v 0.453013 0.219081 -5.017867
v 0.453013 1.094742 -5.038295
v 0.453013 0.218679 -5.048195
v 0.453013 1.094355 -5.063618
v 0.453013 0.217028 -5.172887
v 0.453013 1.092496 -5.185383
v 0.453013 0.216702 -5.197495
v 0.453013 1.092110 -5.210726
v 0.453013 0.214895 -5.333909
v 0.453013 1.090150 -5.339070
v 0.453013 0.214555 -5.359650
v 0.453013 1.089784 -5.363074
v 0.453013 0.212646 -5.503790
v 0.453013 1.087588 -5.506913
v 0.453013 0.212343 -5.526665
v 0.453013 1.087307 -5.525357
v 0.453013 0.210604 -5.657973
v 0.453013 1.085170 -5.665347
v 0.453013 0.210201 -5.688386
v 0.453013 1.084764 -5.691938
v 0.453013 0.208546 -5.813384
v 0.453013 1.082822 -5.819142
v 0.453013 0.208134 -5.844467
v 0.453013 1.082389 -5.847523
v 0.453013 0.206462 -5.970719
v 0.453013 1.080453 -5.974375
v 0.453013 0.206113 -5.997125
v 0.453013 1.080067 -5.999636
v 0.453013 0.077385 -5.997057
v 0.453013 0.077363 -5.962166
v 0.453013 0.022147 -5.963051
v 0.453013 0.023627 -5.849131
v 0.453013 0.077277 -5.843914
v 0.453013 0.081977 -5.811175
v 0.453013 0.022022 -5.809679
v 0.453013 0.029826 -5.695639
v 0.453013 0.089760 -5.690614
v 0.453013 0.088174 -5.662472
v 0.453013 0.026654 -5.659537
v 0.453013 0.029698 -5.529710
v 0.453013 0.078627 -5.531834
v 0.453013 0.080185 -5.497977
v 0.453013 0.021781 -5.499275
v 0.453013 0.032738 -5.371704
v 0.453013 0.086398 -5.371731
v 0.453013 0.089509 -5.327723
v 0.453013 0.029542 -5.326495
v 0.453013 0.034197 -5.202235
v 0.453013 0.087858 -5.205878
v 0.453013 0.092565 -5.170912
v 0.453013 0.038898 -5.166092
v 0.453013 0.043563 -5.050880
v 0.453013 0.090906 -5.053574
v 0.453013 0.092457 -5.016336
v 0.453013 0.045103 -5.013632
v 0.453013 0.040280 -4.891467
v 0.453013 0.092373 -4.888797
v 0.453013 0.095485 -4.850491
v 0.453013 0.038646 -4.839406
v 0.453013 0.005674 -3.807033
v 0.453013 0.035120 -4.710507
v 0.453013 0.094927 -4.707626
v 0.453013 0.096465 -4.673784
v 0.453013 0.028793 -4.667671
v 0.453013 0.030292 -4.539920
v 0.453013 0.093272 -4.540703
v 0.453013 0.101112 -4.503382
v 0.453013 0.028709 -4.500409
v 0.453013 0.034922 -4.365822
v 0.453013 0.096329 -4.367998
v 0.453013 0.101014 -4.334136
v 0.453013 0.039642 -4.324004
v 0.453013 0.041130 -4.195055
v 0.453013 0.094676 -4.194132
v 0.453013 0.093076 -4.146669
v 0.453013 0.037943 -4.139612
v 0.453013 0.045775 -4.011814
v 0.453013 0.102431 -4.016798
v 0.453013 0.094565 -3.973742
v 0.453013 0.042595 -3.969895
v 0.453013 0.045675 -3.836363
v 0.453013 0.097626 -3.840441
v 0.453013 0.102347 -3.811128
v 0.565818 1.421519 -4.000128
v 0.565818 1.363214 -4.009789
v 0.565818 1.241997 -3.864480
v 0.565818 1.405940 -3.870518
v 0.565818 1.234664 -3.842776
v 0.565818 1.496698 -3.942415
v 0.565818 1.115174 -3.699743
v 0.565818 1.562920 -3.711351
v 0.565818 1.622077 -3.684583
v 0.565818 1.713685 -3.793763
v 0.565818 1.605056 -3.885273
v 0.565818 1.546177 -3.849969
v 0.565818 1.470894 -3.850655
v 0.565818 1.422236 -4.341788
v 0.565818 1.331162 -4.360662
v 0.565818 1.489620 -4.301592
v 0.565818 1.428354 -5.999700
v 0.565818 1.511823 -6.005356
v 0.565818 1.560193 -5.973820
v 0.565818 1.646745 -6.078303
v 0.565818 1.559687 -6.164382
v 0.565818 1.498764 -6.129103
v 0.565818 0.204292 -6.134619
v 0.565818 -0.019638 -6.135574
v 0.565818 -0.021083 -6.006652
v 0.565818 0.005674 -3.807033
v 0.565818 0.007329 -3.671022
v 0.565818 1.240733 -4.004774
v 0.565818 1.234958 -4.034660
v 0.565818 1.379509 -4.040854
v 0.565818 1.451410 -4.073533
v 0.565818 1.493260 -4.119004
v 0.565818 1.446131 -4.152879
v 0.565818 1.400200 -4.176701
v 0.565818 1.234837 -4.182345
v 0.565818 1.231605 -4.214106
v 0.565818 1.383215 -4.218779
v 0.565818 1.444555 -4.252658
v 0.565818 1.227904 -4.357045
v 0.565818 1.225878 -4.393404
v 0.565818 1.346546 -4.394653
v 0.565818 1.415375 -4.418847
v 0.565818 1.457820 -4.471412
v 0.565818 1.407037 -4.518918
v 0.565818 1.341095 -4.540415
v 0.565818 1.224433 -4.541765
v 0.565818 1.226670 -4.566243
v 0.565818 1.277943 -4.570982
v 0.565818 1.285685 -4.594281
v 0.565818 1.268747 -4.643004
v 0.565818 1.262998 -4.665040
v 0.565818 1.271932 -4.700520
v 0.565818 1.222774 -4.703283
v 0.565818 1.218956 -4.907667
v 0.565818 1.369715 -4.913442
v 0.565818 1.416682 -4.938082
v 0.565818 1.465118 -4.980697
v 0.565818 1.410731 -5.020337
v 0.565818 1.336447 -5.045265
v 0.565818 1.219387 -5.035040
v 0.565818 1.220252 -5.058498
v 0.565818 1.359580 -5.068222
v 0.565818 1.420910 -5.096323
v 0.565818 1.459757 -5.129282
v 0.565818 1.392734 -5.174895
v 0.565818 1.316177 -5.187755
v 0.565818 1.217376 -5.185364
v 0.565818 1.219666 -5.210271
v 0.565818 1.345127 -5.213943
v 0.565818 1.414141 -5.239003
v 0.565818 1.454363 -5.278800
v 0.565818 1.418933 -5.318910
v 0.565818 1.355889 -5.349174
v 0.565818 1.210852 -5.344874
v 0.565818 1.211745 -5.369210
v 0.565818 1.324568 -5.372054
v 0.565818 1.304355 -5.395129
v 0.565818 1.282334 -5.431643
v 0.565818 1.257554 -5.452077
v 0.565818 1.268275 -5.493159
v 0.565818 1.213044 -5.503736
v 0.565818 1.210918 -5.532809
v 0.565818 1.366201 -5.535622
v 0.565818 1.442766 -5.600232
v 0.565818 1.377501 -5.663633
v 0.565818 1.210750 -5.670239
v 0.565818 1.210155 -5.696733
v 0.565818 1.341252 -5.696820
v 0.565818 1.398224 -5.725829
v 0.565818 1.436763 -5.766624
v 0.565818 1.365665 -5.815502
v 0.565818 1.276699 -5.826105
v 0.565818 1.207261 -5.825341
v 0.565818 1.209648 -5.851244
v 0.565818 1.327432 -5.853237
v 0.565818 1.382358 -5.871418
v 0.565818 1.431365 -5.916246
v 0.565818 1.352201 -5.962146
v 0.565818 1.242659 -5.981754
v 0.565818 1.199266 -5.980610
v 0.565818 1.207728 -6.005534
v 0.565818 0.236838 -3.676972
v 0.565818 1.078064 -6.130896
v 0.565818 1.080067 -5.999636
v 0.565818 0.206113 -5.997125
v 0.565818 0.235069 -3.810512
v 0.565818 1.113132 -3.833482
v 0.565818 0.234752 -3.834448
v 0.565818 1.112794 -3.855677
v 0.565818 0.232825 -3.979951
v 0.565818 1.110514 -4.005031
v 0.565818 0.232428 -4.009974
v 0.565818 1.110145 -4.029222
v 0.565818 0.230514 -4.154464
v 0.565818 1.107846 -4.179817
v 0.565818 0.230070 -4.188047
v 0.565818 1.107342 -4.212846
v 0.565818 0.228150 -4.332997
v 0.565818 1.105148 -4.356540
v 0.565818 0.227737 -4.364228
v 0.565818 1.104627 -4.390718
v 0.565818 0.225766 -4.513042
v 0.565818 1.102397 -4.536759
v 0.565818 0.225501 -4.533035
v 0.565818 1.102045 -4.559811
v 0.565818 0.223696 -4.669315
v 0.565818 1.099899 -4.700428
v 0.565818 0.223205 -4.706433
v 0.565818 0.221289 -4.851136
v 0.565818 0.702661 -4.727087
v 0.565818 0.704240 -4.785937
v 0.565818 0.684191 -4.802600
v 0.565818 0.698092 -4.863567
v 0.565818 0.220787 -4.888985
v 0.565818 1.096870 -4.898851
v 0.565818 0.219081 -5.017867
v 0.565818 1.094742 -5.038295
v 0.565818 0.218679 -5.048195
v 0.565818 1.094355 -5.063618
v 0.565818 0.217028 -5.172887
v 0.565818 1.092496 -5.185383
v 0.565818 0.216702 -5.197495
v 0.565818 1.092110 -5.210726
v 0.565818 0.214895 -5.333909
v 0.565818 1.090150 -5.339070
v 0.565818 0.214555 -5.359650
v 0.565818 1.089784 -5.363074
v 0.565818 0.212646 -5.503790
v 0.565818 1.087588 -5.506913
v 0.565818 0.212343 -5.526665
v 0.565818 1.087307 -5.525357
v 0.565818 0.210604 -5.657973
v 0.565818 1.085170 -5.665347
v 0.565818 0.210201 -5.688386
v 0.565818 1.084764 -5.691938
v 0.565818 0.208546 -5.813384
v 0.565818 1.082822 -5.819142
v 0.565818 0.208134 -5.844467
v 0.565818 1.082389 -5.847523
v 0.565818 0.206462 -5.970719
v 0.565818 1.080453 -5.974375
v 0.565818 0.077385 -5.997057
v 0.565818 0.077363 -5.962166
v 0.565818 0.022147 -5.963051
v 0.565818 0.023627 -5.849131
v 0.565818 0.077277 -5.843914
v 0.565818 0.081977 -5.811175
v 0.565818 0.022022 -5.809679
v 0.565818 0.029826 -5.695639
v 0.565818 0.089760 -5.690614
v 0.565818 0.088174 -5.662472
v 0.565818 0.026654 -5.659537
v 0.565818 0.029698 -5.529710
v 0.565818 0.078627 -5.531834
v 0.565818 0.080185 -5.497977
v 0.565818 0.021781 -5.499275
v 0.565818 0.032738 -5.371704
v 0.565818 0.086398 -5.371731
v 0.565818 0.089509 -5.327723
v 0.565818 0.029542 -5.326495
v 0.565818 0.034197 -5.202235
v 0.565818 0.087858 -5.205878
v 0.565818 0.092565 -5.170912
v 0.565818 0.038898 -5.166092
v 0.565818 0.043563 -5.050880
v 0.565818 0.090906 -5.053574
v 0.565818 0.092457 -5.016336
v 0.565818 0.045103 -5.013632
v 0.565818 0.040280 -4.891467
v 0.565818 0.092373 -4.888797
v 0.565818 0.095485 -4.850491
v 0.565818 0.038646 -4.839406
v 0.565818 0.035120 -4.710507
v 0.565818 0.094927 -4.707626
v 0.565818 0.096465 -4.673784
v 0.565818 0.028793 -4.667671
v 0.565818 0.030292 -4.539920
v 0.565818 0.093272 -4.540703
v 0.565818 0.101112 -4.503382
v 0.565818 0.028709 -4.500409
v 0.565818 0.034922 -4.365822
v 0.565818 0.096329 -4.367998
v 0.565818 0.101014 -4.334136
v 0.565818 0.039642 -4.324004
v 0.565818 0.041130 -4.195055
v 0.565818 0.094676 -4.194132
v 0.565818 0.093076 -4.146669
v 0.565818 0.037943 -4.139612
v 0.565818 0.045775 -4.011814
v 0.565818 0.102431 -4.016798
v 0.565818 0.094565 -3.973742
v 0.565818 0.042595 -3.969895
v 0.565818 0.045675 -3.836363
v 0.565818 0.097626 -3.840441
v 0.565818 0.102347 -3.811128
vn -1.0000 -0.0000 -0.0000
vn 1.0000 -0.0000 -0.0000
vn -0.0000 -0.0894 -0.9960
vn -0.0000 0.9999 -0.0132
vn -0.0000 0.6210 0.7838
vn -0.0000 -0.9992 0.0405
vn -0.0000 -0.9999 0.0153
vn -0.0000 0.0259 0.9997
vn -0.0000 0.0568 0.9984
vn -0.0000 0.0242 0.9997
vn -0.0000 -0.4122 0.9111
vn -0.0000 -0.9991 0.0416
vn -0.0000 0.7661 0.6428
vn -0.0000 -0.0570 -0.9984
vn -0.0000 0.6443 -0.7648
vn -0.0000 -0.9992 -0.0394
vn -0.0000 -0.0286 -0.9996
vn -0.0000 -0.5142 -0.8576
vn -0.0000 -0.0512 0.9987
vn -0.0000 0.0091 -1.0000
vn -0.0000 -0.9967 0.0810
vn -0.0000 0.2029 -0.9792
vn -0.0000 -0.1914 -0.9815
vn -0.0000 0.0219 0.9998
vn -0.0000 0.5123 -0.8588
vn -0.0000 -0.9996 -0.0273
vn -0.0000 0.0676 0.9977
vn -0.0000 -0.0481 0.9988
vn -0.0000 -0.5462 0.8377
vn -0.0000 -0.9990 0.0454
vn -0.0000 -0.0289 -0.9996
vn -0.0000 0.7701 0.6379
vn -0.0000 -0.0900 -0.9959
vn -0.0000 0.7031 -0.7111
vn -0.0000 -0.9999 0.0117
vn -0.0000 -0.5011 -0.8654
vn -0.0000 0.0124 0.9999
vn -0.0000 0.0283 0.9996
vn -0.0000 0.0043 -1.0000
vn -0.0000 -0.9786 0.2056
vn -0.0000 -0.9999 -0.0112
vn -0.0000 -0.0410 -0.9992
vn -0.0000 -0.9999 0.0122
vn -0.0000 -0.9989 0.0461
vn -0.0000 -0.0268 -0.9996
vn -0.0000 -0.0333 -0.9994
vn -0.0000 0.0354 0.9994
vn -0.0000 0.6089 -0.7932
vn -0.0000 -0.9906 0.1371
vn -0.0000 -0.0409 -0.9992
vn -0.0000 -0.1629 -0.9866
vn -0.0000 0.0302 0.9995
vn -0.0000 0.9818 -0.1897
vn -0.0000 -0.9999 0.0115
vn -0.0000 0.0428 0.9991
vn -0.0000 -0.0172 0.9999
vn -0.0000 0.4138 0.9104
vn -0.0000 -0.9994 -0.0337
vn -0.0000 -0.0270 -0.9996
vn -0.0000 0.7358 0.6772
vn -0.0000 -0.1270 -0.9919
vn -0.0000 0.5836 -0.8120
vn -0.0000 -0.9981 0.0612
vn -0.0000 0.4604 -0.8877
vn -0.0000 0.0876 0.9962
vn -0.0000 0.0305 0.9995
vn -0.0000 0.0341 -0.9994
vn -0.0000 -0.9837 -0.1797
vn -0.0000 0.9949 -0.1012
vn -0.0000 -0.0738 -0.9973
vn -0.0000 0.0308 0.9995
vn -0.0000 -0.9997 0.0231
vn -0.0000 -0.0355 -0.9994
vn -0.0000 0.4835 0.8754
vn -0.0000 0.0783 0.9969
vn -0.0000 0.7356 0.6774
vn -0.0000 -0.9873 0.1590
vn -0.0000 -0.0350 -0.9994
vn -0.0000 -0.0423 -0.9991
vn -0.0000 0.0430 0.9991
vn -0.0000 0.9985 -0.0557
vn -0.0000 0.9996 0.0268
vn -0.0000 0.0104 0.9999
vn -0.0000 0.6392 -0.7691
vn -0.0000 0.3316 0.9434
vn -0.0000 0.9750 0.2223
vn -0.0000 0.7780 0.6282
vn -0.0000 -0.0261 -0.9997
vn -0.0000 0.6832 -0.7303
vn -0.0000 0.3100 -0.9508
vn -0.0000 0.0116 -0.9999
vn -0.0000 0.0113 0.9999
vn -0.0000 0.9959 0.0910
vn -0.0000 0.0920 0.9958
vn -0.0000 0.9490 0.3153
vn -0.0000 -0.0233 -0.9997
vn -0.0000 0.9446 -0.3284
vn -0.0000 0.9676 -0.2524
vn -0.0000 0.9697 0.2442
vn -0.0000 0.0176 0.9998
vn -0.0000 0.0561 -0.9984
vn -0.0000 0.9998 -0.0187
vn -0.0000 0.0383 0.9993
vn -0.0000 -0.0143 -0.9999
vn -0.0000 0.4646 0.8855
vn -0.0000 0.6605 0.7508
vn -0.0000 0.5890 -0.8081
vn -0.0000 0.0151 0.9999
vn -0.0000 0.3181 -0.9480
vn -0.0000 -0.0870 -0.9962
vn -0.0000 0.9993 0.0369
vn -0.0000 -0.0059 -1.0000
vn -0.0000 0.0696 0.9976
vn -0.0000 0.4165 0.9091
vn -0.0000 0.6470 0.7625
vn -0.0000 0.0039 1.0000
vn -0.0000 0.5626 -0.8267
vn -0.0000 0.1656 -0.9862
vn -0.0000 -0.0242 -0.9997
vn -0.0000 -0.0036 -1.0000
vn -0.0000 0.9958 0.0915
vn -0.0000 0.0293 0.9996
vn -0.0000 0.3413 0.9400
vn -0.0000 -0.0015 1.0000
vn -0.0000 0.7033 0.7109
vn -0.0000 0.7495 -0.6620
vn -0.0000 0.4328 -0.9015
vn -0.0000 -0.0084 -1.0000
vn -0.0000 -0.0296 -0.9996
vn -0.0000 0.9993 0.0367
vn -0.0000 0.0252 0.9997
vn -0.0000 0.0041 1.0000
vn -0.0000 0.7522 -0.6589
vn -0.0000 0.8563 -0.5164
vn -0.0000 0.6362 -0.7715
vn -0.0000 -0.0066 -1.0000
vn -0.0000 0.9676 0.2525
vn -0.0000 0.1881 -0.9822
vn -0.0000 0.9973 -0.0729
vn -0.0000 0.0035 1.0000
vn -0.0000 0.0181 0.9998
vn -0.0000 0.6449 0.7642
vn -0.0000 0.6968 -0.7173
vn -0.0000 -0.0042 -1.0000
vn -0.0000 0.0396 -0.9992
vn -0.0000 0.9997 -0.0224
vn -0.0000 0.0007 1.0000
vn -0.0000 0.0029 1.0000
vn -0.0000 0.4537 0.8911
vn -0.0000 -0.0970 0.9953
vn -0.0000 0.7269 0.6867
vn -0.0000 -1.0000 -0.0006
vn -0.0000 0.5665 -0.8241
vn -0.0000 0.0160 -0.9999
vn -0.0000 0.1183 -0.9930
vn -0.0000 -0.9999 0.0130
vn -0.0000 -0.0110 -0.9999
vn -0.0000 -0.0968 0.9953
vn -0.0000 0.9958 0.0918
vn -0.0000 -0.9899 0.1421
vn -0.0000 0.0169 0.9999
vn -0.0000 -0.0249 -0.9997
vn -0.0000 0.3143 0.9493
vn -0.0000 -0.9977 0.0683
vn -0.0000 0.6750 0.7379
vn -0.0000 -0.0835 0.9965
vn -0.0000 0.5016 -0.8651
vn -0.0000 -0.9984 -0.0563
vn -0.0000 0.1762 -0.9844
vn -0.0000 -0.0476 -0.9989
vn -0.0000 -0.0264 -0.9997
vn -0.0000 -0.9997 0.0234
vn -0.0000 0.9469 0.3215
vn -0.0000 0.0434 0.9991
vn -0.0000 -0.0264 0.9997
vn -0.0000 -0.9989 0.0460
vn -0.0000 0.0222 -0.9998
vn -0.0000 -0.9963 0.0856
vn -0.0000 0.0005 1.0000
vn -0.0000 -0.9975 0.0705
vn -0.0000 -0.0205 -0.9998
vn -0.0000 -0.9993 0.0374
vn -0.0000 0.1635 -0.9866
vn -0.0000 0.0677 0.9977
vn -0.0000 0.0368 0.9993
vn -0.0000 -0.9911 0.1334
vn -0.0000 -0.0262 -0.9997
vn -0.0000 0.9474 0.3201
vt 0.112219 0.721267
vt 0.144668 0.693359
vt 0.132149 0.678233
vt 0.132392 0.658892
vt 0.129598 0.598203
vt 0.137295 0.600087
vt 0.139436 0.642205
vt 0.164930 0.665521
vt 0.185395 0.646208
vt 0.188820 0.631229
vt 0.187042 0.599763
vt 0.197639 0.598279
vt 0.199836 0.635415
vt 0.211424 0.653887
vt 0.227547 0.664638
vt 0.239559 0.652530
vt 0.248006 0.640731
vt 0.250008 0.598248
vt 0.261270 0.597417
vt 0.262927 0.636367
vt 0.274940 0.652126
vt 0.292292 0.663703
vt 0.306545 0.646392
vt 0.313238 0.622994
vt 0.311955 0.596467
vt 0.324848 0.595946
vt 0.325291 0.626947
vt 0.333870 0.644629
vt 0.352509 0.655534
vt 0.369354 0.642487
vt 0.376977 0.625546
vt 0.377456 0.595575
vt 0.386135 0.596150
vt 0.387816 0.609322
vt 0.396078 0.611311
vt 0.413355 0.606959
vt 0.421168 0.605483
vt 0.433749 0.607778
vt 0.434729 0.595149
vt 0.507202 0.594168
vt 0.509250 0.632899
vt 0.517988 0.644965
vt 0.533098 0.657408
vt 0.547155 0.643436
vt 0.555994 0.624352
vt 0.552368 0.594279
vt 0.560686 0.594501
vt 0.564134 0.630295
vt 0.574099 0.646051
vt 0.585786 0.656031
vt 0.601960 0.638813
vt 0.606520 0.619145
vt 0.605672 0.593762
vt 0.614504 0.594350
vt 0.615806 0.626582
vt 0.624692 0.644312
vt 0.638804 0.654645
vt 0.653026 0.645543
vt 0.663758 0.629347
vt 0.662234 0.592086
vt 0.670863 0.592315
vt 0.671871 0.621301
vt 0.680053 0.616107
vt 0.693001 0.610450
vt 0.700247 0.604084
vt 0.714814 0.606838
vt 0.718565 0.592649
vt 0.728874 0.592103
vt 0.729872 0.631996
vt 0.752782 0.651666
vt 0.775263 0.634899
vt 0.777606 0.592060
vt 0.787000 0.591907
vt 0.787031 0.625586
vt 0.797318 0.640223
vt 0.811783 0.650124
vt 0.829115 0.631858
vt 0.832875 0.609002
vt 0.832604 0.591163
vt 0.841789 0.591777
vt 0.842496 0.622036
vt 0.848943 0.636147
vt 0.864839 0.648737
vt 0.881115 0.628399
vt 0.888067 0.600258
vt 0.887661 0.589110
vt 0.896500 0.591284
vt 0.894431 0.647963
vt 0.896436 0.669407
vt 0.885254 0.681834
vt 0.922303 0.704069
vt 0.952826 0.681704
vt 0.940316 0.666052
vt 0.940952 0.557972
vt 0.894408 0.558487
vt 0.885451 0.558586
vt 0.840469 0.559083
vt 0.830406 0.559195
vt 0.785300 0.559694
vt 0.775871 0.559798
vt 0.726232 0.560347
vt 0.719691 0.560419
vt 0.668687 0.560983
vt 0.660175 0.561077
vt 0.614665 0.561581
vt 0.605679 0.561680
vt 0.562502 0.562158
vt 0.553522 0.562257
vt 0.504076 0.562804
vt 0.433717 0.563582
vt 0.383855 0.564133
vt 0.375681 0.564224
vt 0.323896 0.564796
vt 0.311776 0.564930
vt 0.260823 0.565494
vt 0.249111 0.565623
vt 0.195711 0.566214
vt 0.187133 0.566309
vt 0.134173 0.566894
vt 0.126303 0.566981
vt 0.078880 0.567506
vt 0.082996 0.682534
vt 0.073504 0.697732
vt 0.942272 0.333495
vt 0.893518 0.333963
vt 0.942611 0.275967
vt 0.896896 0.275596
vt 0.893493 0.300892
vt 0.881121 0.300887
vt 0.881435 0.286701
vt 0.841040 0.287082
vt 0.839190 0.300865
vt 0.827581 0.302072
vt 0.827050 0.286669
vt 0.786612 0.288674
vt 0.784831 0.304072
vt 0.774852 0.303664
vt 0.773811 0.287859
vt 0.727775 0.288641
vt 0.728528 0.301211
vt 0.716523 0.301612
vt 0.716983 0.286607
vt 0.671747 0.289422
vt 0.671757 0.303208
vt 0.656152 0.304007
vt 0.655716 0.288601
vt 0.611654 0.289797
vt 0.612946 0.303583
vt 0.600547 0.304792
vt 0.598838 0.291005
vt 0.557985 0.292203
vt 0.558940 0.304366
vt 0.545736 0.304764
vt 0.544777 0.292599
vt 0.501458 0.291360
vt 0.500511 0.304743
vt 0.486928 0.305542
vt 0.482998 0.290940
vt 0.437291 0.290034
vt 0.436269 0.305399
vt 0.424269 0.305794
vt 0.422101 0.288409
vt 0.376802 0.288794
vt 0.377079 0.304974
vt 0.363845 0.306988
vt 0.362791 0.288387
vt 0.315068 0.289984
vt 0.315839 0.305759
vt 0.303832 0.306963
vt 0.300239 0.291196
vt 0.254515 0.291578
vt 0.254187 0.305335
vt 0.237357 0.304924
vt 0.234855 0.290760
vt 0.189538 0.292772
vt 0.191306 0.307327
vt 0.176038 0.305306
vt 0.174674 0.291955
vt 0.127324 0.292746
vt 0.128771 0.306093
vt 0.118376 0.307305
vt 0.116924 0.282470
vt 0.068696 0.282895
vt 0.070805 0.341857
vt 0.118158 0.341402
vt 0.126646 0.341321
vt 0.178240 0.340826
vt 0.188886 0.340724
vt 0.240121 0.340232
vt 0.252030 0.340118
vt 0.303428 0.339625
vt 0.314502 0.339519
vt 0.367271 0.339012
vt 0.374360 0.338944
vt 0.422684 0.338481
vt 0.435846 0.338354
vt 0.487157 0.337862
vt 0.500578 0.337733
vt 0.546279 0.337295
vt 0.557033 0.337192
vt 0.601248 0.336767
vt 0.609973 0.336684
vt 0.658345 0.336220
vt 0.667473 0.336132
vt 0.718584 0.335642
vt 0.726695 0.335564
vt 0.773256 0.335117
vt 0.784041 0.335014
vt 0.828364 0.334588
vt 0.839386 0.334483
vt 0.884154 0.334053
vt 0.443170 0.461529
vt 0.464038 0.461935
vt 0.469946 0.456784
vt 0.491565 0.460355
vt 0.061000 0.680701
vt 0.056884 0.565673
vt 0.051508 0.695899
vt 0.090222 0.719434
vt 0.048809 0.340024
vt 0.046699 0.281062
s 0
usemtl Material.005
f 774/858/134 775/859/134 776/860/134 777/861/134 768/862/134 767/863/134 769/864/134 770/865/134 789/866/134 790/867/134 791/868/134 792/869/134 793/870/134 794/871/134 779/872/134 795/873/134 796/874/134 797/875/134 798/876/134 799/877/134 800/878/134 780/879/134 801/880/134 802/881/134 803/882/134 804/883/134 805/884/134 806/885/134 807/886/134 808/887/134 809/888/134 810/889/134 811/890/134 812/891/134 813/892/134 814/893/134 815/894/134 816/895/134 817/896/134 818/897/134 819/898/134 820/899/134 778/900/134 826/901/134 827/902/134 828/903/134 829/904/134 830/905/134 831/906/134 821/907/134 832/908/134 833/909/134 834/910/134 835/911/134 836/912/134 837/913/134 822/914/134 838/915/134 839/916/134 840/917/134 841/918/134 842/919/134 843/920/134 844/921/134 845/922/134 846/923/134 847/924/134 848/925/134 849/926/134 823/927/134 850/928/134 851/929/134 852/930/134 853/931/134 854/932/134 824/933/134 855/934/134 856/935/134 857/936/134 858/937/134 859/938/134 860/939/134 825/940/134 861/941/134 862/942/134 863/943/134 864/944/134 781/945/134 782/946/134 783/947/134 784/948/134 785/949/134 786/950/134 866/951/134 926/952/134 924/953/134 922/954/134 920/955/134 918/956/134 916/957/134 914/958/134 912/959/134 910/960/134 908/961/134 906/962/134 904/963/134 902/964/134 900/965/134 898/966/134 890/967/134 888/968/134 886/969/134 884/970/134 882/971/134 880/972/134 878/973/134 876/974/134 874/975/134 872/976/134 870/977/134 865/978/134 772/979/134 773/980/134
f 866/951/134 867/981/134 925/982/134 926/952/134
f 867/981/134 787/983/134 788/984/134 927/985/134 928/986/134 929/987/134 930/988/134 931/989/134 932/990/134 933/991/134 934/992/134 935/993/134 936/994/134 937/995/134 938/996/134 939/997/134 940/998/134 941/999/134 942/1000/134 943/1001/134 944/1002/134 945/1003/134 946/1004/134 947/1005/134 948/1006/134 949/1007/134 950/1008/134 951/1009/134 952/1010/134 953/1011/134 954/1012/134 955/1013/134 956/1014/134 957/1015/134 959/1016/134 960/1017/134 961/1018/134 962/1019/134 963/1020/134 964/1021/134 965/1022/134 966/1023/134 967/1024/134 968/1025/134 969/1026/134 970/1027/134 971/1028/134 972/1029/134 973/1030/134 974/1031/134 975/1032/134 976/1033/134 977/1034/134 978/1035/134 979/1036/134 980/1037/134 981/1038/134 958/1039/134 771/1040/134 868/1041/134 869/1042/134 871/1043/134 873/1044/134 875/1045/134 877/1046/134 879/1047/134 881/1048/134 883/1049/134 885/1050/134 887/1051/134 889/1052/134 891/1053/134 892/1054/134 897/1055/134 899/1056/134 901/1057/134 903/1058/134 905/1059/134 907/1060/134 909/1061/134 911/1062/134 913/1063/134 915/1064/134 917/1065/134 919/1066/134 921/1067/134 923/1068/134 925/982/134
f 873/1044/134 871/1043/134 872/976/134 874/975/134
f 869/1042/134 868/1041/134 865/978/134 870/977/134
f 877/1046/134 875/1045/134 876/974/134 878/973/134
f 881/1048/134 879/1047/134 880/972/134 882/971/134
f 903/1058/134 901/1057/134 902/964/134 904/963/134
f 885/1050/134 883/1049/134 884/970/134 886/969/134
f 899/1056/134 897/1055/134 898/966/134 900/965/134
f 889/1052/134 887/1051/134 888/968/134 890/967/134
f 892/1054/134 891/1053/134 893/1069/134 894/1070/134 895/1071/134 896/1072/134
f 907/1060/134 905/1059/134 906/962/134 908/961/134
f 911/1062/134 909/1061/134 910/960/134 912/959/134
f 915/1064/134 913/1063/134 914/958/134 916/957/134
f 919/1066/134 917/1065/134 918/956/134 920/955/134
f 923/1068/134 921/1067/134 922/954/134 924/953/134
f 991/858/135 990/980/135 989/979/135 988/978/135 1088/977/135 1090/976/135 1092/975/135 1094/974/135 1096/973/135 1098/972/135 1100/971/135 1102/970/135 1104/969/135 1106/968/135 1108/967/135 1116/966/135 1118/965/135 1120/964/135 1122/963/135 1124/962/135 1126/961/135 1128/960/135 1130/959/135 1132/958/135 1134/957/135 1136/956/135 1138/955/135 1140/954/135 1142/953/135 1085/952/135 1084/951/135 1003/950/135 1002/949/135 1001/948/135 1000/947/135 999/946/135 998/945/135 1082/944/135 1081/943/135 1080/942/135 1079/941/135 1078/940/135 1077/939/135 1076/938/135 1075/937/135 1074/936/135 1073/935/135 1072/934/135 1071/933/135 1070/932/135 1069/931/135 1068/930/135 1067/929/135 1066/928/135 1065/927/135 1064/926/135 1063/925/135 1062/924/135 1061/923/135 1060/922/135 1059/921/135 1058/920/135 1057/919/135 1056/918/135 1055/917/135 1054/916/135 1053/915/135 1052/914/135 1051/913/135 1050/912/135 1049/911/135 1048/910/135 1047/909/135 1046/908/135 1045/907/135 1044/906/135 1043/905/135 1042/904/135 1041/903/135 1040/902/135 1039/901/135 1038/900/135 1037/899/135 1036/898/135 1035/897/135 1034/896/135 1033/895/135 1032/894/135 1031/893/135 1030/892/135 1029/891/135 1028/890/135 1027/889/135 1026/888/135 1025/887/135 1024/886/135 1023/885/135 1022/884/135 1021/883/135 1020/882/135 996/881/135 995/880/135 997/879/135 1019/878/135 1018/877/135 1017/876/135 1016/875/135 1015/874/135 1014/873/135 1013/872/135 1012/871/135 1011/870/135 1010/869/135 1009/868/135 983/867/135 982/866/135 987/865/135 985/864/135 984/863/135 986/862/135 994/861/135 993/860/135 992/859/135
f 1084/951/135 1085/952/135 1086/982/135 1004/981/135
f 1004/981/135 1086/982/135 1141/1068/135 1139/1067/135 1137/1066/135 1135/1065/135 1133/1064/135 1131/1063/135 1129/1062/135 1127/1061/135 1125/1060/135 1123/1059/135 1121/1058/135 1119/1057/135 1117/1056/135 1115/1055/135 1110/1054/135 1109/1053/135 1107/1052/135 1105/1051/135 1103/1050/135 1101/1049/135 1099/1048/135 1097/1047/135 1095/1046/135 1093/1045/135 1091/1044/135 1089/1043/135 1087/1042/135 1083/1041/135 1008/1040/135 1007/1039/135 1196/1038/135 1195/1037/135 1194/1036/135 1193/1035/135 1192/1034/135 1191/1033/135 1190/1032/135 1189/1031/135 1188/1030/135 1187/1029/135 1186/1028/135 1185/1027/135 1184/1026/135 1183/1025/135 1182/1024/135 1181/1023/135 1180/1022/135 1179/1021/135 1178/1020/135 1177/1019/135 1176/1018/135 1175/1017/135 1174/1016/135 1173/1015/135 1172/1014/135 1171/1013/135 1170/1012/135 1169/1011/135 1168/1010/135 1167/1009/135 1166/1008/135 1165/1007/135 1164/1006/135 1163/1005/135 1162/1004/135 1161/1003/135 1160/1002/135 1159/1001/135 1158/1000/135 1157/999/135 1156/998/135 1155/997/135 1154/996/135 1153/995/135 1152/994/135 1151/993/135 1150/992/135 1149/991/135 1148/990/135 1147/989/135 1146/988/135 1145/987/135 1144/986/135 1143/985/135 1006/984/135 1005/983/135
f 1091/1044/135 1092/975/135 1090/976/135 1089/1043/135
f 1087/1042/135 1088/977/135 988/978/135 1083/1041/135
f 1095/1046/135 1096/973/135 1094/974/135 1093/1045/135
f 1099/1048/135 1100/971/135 1098/972/135 1097/1047/135
f 1121/1058/135 1122/963/135 1120/964/135 1119/1057/135
f 1103/1050/135 1104/969/135 1102/970/135 1101/1049/135
f 1117/1056/135 1118/965/135 1116/966/135 1115/1055/135
f 1107/1052/135 1108/967/135 1106/968/135 1105/1051/135
f 1110/1054/135 1114/1072/135 1113/1071/135 1112/1070/135 1111/1069/135 1109/1053/135
f 1125/1060/135 1126/961/135 1124/962/135 1123/1059/135
f 1129/1062/135 1130/959/135 1128/960/135 1127/1061/135
f 1133/1064/135 1134/957/135 1132/958/135 1131/1063/135
f 1137/1066/135 1138/955/135 1136/956/135 1135/1065/135
f 1141/1068/135 1142/953/135 1140/954/135 1139/1067/135
f 949/1007/136 948/1006/136 1164/1006/136 1165/1007/136
f 871/1043/137 869/1042/137 1087/1042/137 1089/1043/137
f 770/865/138 769/864/138 985/864/138 987/865/138
f 950/1008/139 949/1007/139 1165/1007/139 1166/1008/139
f 870/977/140 872/976/140 1090/976/140 1088/977/140
f 772/1073/141 865/1074/141 988/1074/141 989/1073/141
f 951/1009/142 950/1008/142 1166/1008/142 1167/1009/142
f 872/976/143 871/1043/143 1089/1043/143 1090/976/143
f 773/1075/144 772/1073/144 989/1073/144 990/1075/144
f 952/1010/145 951/1009/145 1167/1009/145 1168/1010/145
f 774/1076/146 773/1075/146 990/1075/146 991/1076/146
f 953/1011/147 952/1010/147 1168/1010/147 1169/1011/147
f 775/859/148 774/858/148 991/858/148 992/859/148
f 954/1012/149 953/1011/149 1169/1011/149 1170/1012/149
f 873/1044/150 874/975/150 1092/975/150 1091/1044/150
f 776/860/151 775/859/151 992/859/151 993/860/151
f 955/1013/152 954/1012/152 1170/1012/152 1171/1013/152
f 875/1045/137 873/1044/137 1091/1044/137 1093/1045/137
f 777/861/153 776/860/153 993/860/153 994/861/153
f 956/1014/154 955/1013/154 1171/1013/154 1172/1014/154
f 874/975/140 876/974/140 1094/974/140 1092/975/140
f 802/881/155 801/880/155 995/880/155 996/881/155
f 957/1015/156 956/1014/156 1172/1014/156 1173/1015/156
f 876/974/157 875/1045/157 1093/1045/157 1094/974/157
f 801/880/158 780/879/158 997/879/158 995/880/158
f 959/1016/159 957/1015/159 1173/1015/159 1174/1016/159
f 782/946/160 781/945/160 998/945/160 999/946/160
f 960/1017/161 959/1016/161 1174/1016/161 1175/1017/161
f 783/947/162 782/946/162 999/946/162 1000/947/162
f 961/1018/163 960/1017/163 1175/1017/163 1176/1018/163
f 877/1046/164 878/973/164 1096/973/164 1095/1046/164
f 784/948/165 783/947/165 1000/947/165 1001/948/165
f 962/1019/166 961/1018/166 1176/1018/166 1177/1019/166
f 879/1047/137 877/1046/137 1095/1046/137 1097/1047/137
f 785/949/167 784/948/167 1001/948/167 1002/949/167
f 963/1020/168 962/1019/168 1177/1019/168 1178/1020/168
f 878/973/140 880/972/140 1098/972/140 1096/973/140
f 786/950/169 785/949/169 1002/949/169 1003/950/169
f 964/1021/170 963/1020/170 1178/1020/170 1179/1021/170
f 880/972/171 879/1047/171 1097/1047/171 1098/972/171
f 787/983/172 867/981/172 1004/981/172 1005/983/172
f 965/1022/173 964/1021/173 1179/1021/173 1180/1022/173
f 788/984/174 787/983/174 1005/983/174 1006/984/174
f 966/1023/175 965/1022/175 1180/1022/175 1181/1023/175
f 771/1040/176 958/1039/176 1007/1039/176 1008/1040/176
f 967/1024/177 966/1023/177 1181/1023/177 1182/1024/177
f 881/1048/178 882/971/178 1100/971/178 1099/1048/178
f 768/862/179 777/861/179 994/861/179 986/862/179
f 968/1025/180 967/1024/180 1182/1024/180 1183/1025/180
f 883/1049/137 881/1048/137 1099/1048/137 1101/1049/137
f 789/866/181 770/865/181 987/865/181 982/866/181
f 969/1026/182 968/1025/182 1183/1025/182 1184/1026/182
f 882/971/140 884/970/140 1102/970/140 1100/971/140
f 791/868/183 790/867/183 983/867/183 1009/868/183
f 970/1027/184 969/1026/184 1184/1026/184 1185/1027/184
f 884/970/185 883/1049/185 1101/1049/185 1102/970/185
f 792/869/186 791/868/186 1009/868/186 1010/869/186
f 971/1028/187 970/1027/187 1185/1027/187 1186/1028/187
f 793/870/188 792/869/188 1010/869/188 1011/870/188
f 972/1029/189 971/1028/189 1186/1028/189 1187/1029/189
f 794/871/190 793/870/190 1011/870/190 1012/871/190
f 973/1030/191 972/1029/191 1187/1029/191 1188/1030/191
f 885/1050/192 886/969/192 1104/969/192 1103/1050/192
f 779/872/193 794/871/193 1012/871/193 1013/872/193
f 974/1031/194 973/1030/194 1188/1030/194 1189/1031/194
f 887/1051/137 885/1050/137 1103/1050/137 1105/1051/137
f 795/873/195 779/872/195 1013/872/195 1014/873/195
f 975/1032/196 974/1031/196 1189/1031/196 1190/1032/196
f 886/969/140 888/968/140 1106/968/140 1104/969/140
f 796/874/197 795/873/197 1014/873/197 1015/874/197
f 976/1033/198 975/1032/198 1190/1032/198 1191/1033/198
f 888/968/199 887/1051/199 1105/1051/199 1106/968/199
f 797/875/200 796/874/200 1015/874/200 1016/875/200
f 977/1034/201 976/1033/201 1191/1033/201 1192/1034/201
f 798/876/202 797/875/202 1016/875/202 1017/876/202
f 978/1035/203 977/1034/203 1192/1034/203 1193/1035/203
f 799/877/204 798/876/204 1017/876/204 1018/877/204
f 979/1036/205 978/1035/205 1193/1035/205 1194/1036/205
f 889/1052/206 890/967/206 1108/967/206 1107/1052/206
f 800/878/207 799/877/207 1018/877/207 1019/878/207
f 980/1037/208 979/1036/208 1194/1036/208 1195/1037/208
f 891/1053/137 889/1052/137 1107/1052/137 1109/1053/137
f 780/879/209 800/878/209 1019/878/209 997/879/209
f 981/1038/210 980/1037/210 1195/1037/210 1196/1038/210
f 803/882/211 802/881/211 996/881/211 1020/882/211
f 958/1039/212 981/1038/212 1196/1038/212 1007/1039/212
f 893/1069/213 891/1053/213 1109/1053/213 1111/1069/213
f 804/883/214 803/882/214 1020/882/214 1021/883/214
f 894/1070/215 893/1069/215 1111/1069/215 1112/1070/215
f 805/884/216 804/883/216 1021/883/216 1022/884/216
f 895/1071/217 894/1070/217 1112/1070/217 1113/1071/217
f 806/885/218 805/884/218 1022/884/218 1023/885/218
f 896/1072/219 895/1071/219 1113/1071/219 1114/1072/219
f 807/886/220 806/885/220 1023/885/220 1024/886/220
f 892/1054/221 896/1072/221 1114/1072/221 1110/1054/221
f 808/887/222 807/886/222 1024/886/222 1025/887/222
f 897/1055/137 892/1054/137 1110/1054/137 1115/1055/137
f 809/888/223 808/887/223 1025/887/223 1026/888/223
f 890/967/140 898/966/140 1116/966/140 1108/967/140
f 810/889/224 809/888/224 1026/888/224 1027/889/224
f 898/966/225 897/1055/225 1115/1055/225 1116/966/225
f 811/890/226 810/889/226 1027/889/226 1028/890/226
f 812/891/227 811/890/227 1028/890/227 1029/891/227
f 813/892/228 812/891/228 1029/891/228 1030/892/228
f 899/1056/229 900/965/229 1118/965/229 1117/1056/229
f 814/893/230 813/892/230 1030/892/230 1031/893/230
f 901/1057/137 899/1056/137 1117/1056/137 1119/1057/137
f 815/894/231 814/893/231 1031/893/231 1032/894/231
f 900/965/140 902/964/140 1120/964/140 1118/965/140
f 816/895/232 815/894/232 1032/894/232 1033/895/232
f 902/964/233 901/1057/233 1119/1057/233 1120/964/233
f 817/896/234 816/895/234 1033/895/234 1034/896/234
f 818/897/235 817/896/235 1034/896/235 1035/897/235
f 819/898/236 818/897/236 1035/897/236 1036/898/236
f 903/1058/237 904/963/237 1122/963/237 1121/1058/237
f 820/899/238 819/898/238 1036/898/238 1037/899/238
f 905/1059/137 903/1058/137 1121/1058/137 1123/1059/137
f 778/900/239 820/899/239 1037/899/239 1038/900/239
f 904/963/140 906/962/140 1124/962/140 1122/963/140
f 826/901/240 778/900/240 1038/900/240 1039/901/240
f 906/962/241 905/1059/241 1123/1059/241 1124/962/241
f 827/902/242 826/901/242 1039/901/242 1040/902/242
f 828/903/243 827/902/243 1040/902/243 1041/903/243
f 829/904/244 828/903/244 1041/903/244 1042/904/244
f 907/1060/245 908/961/245 1126/961/245 1125/1060/245
f 830/905/246 829/904/246 1042/904/246 1043/905/246
f 909/1061/137 907/1060/137 1125/1060/137 1127/1061/137
f 831/906/247 830/905/247 1043/905/247 1044/906/247
f 908/961/140 910/960/140 1128/960/140 1126/961/140
f 821/907/248 831/906/248 1044/906/248 1045/907/248
f 910/960/249 909/1061/249 1127/1061/249 1128/960/249
f 832/908/250 821/907/250 1045/907/250 1046/908/250
f 833/909/251 832/908/251 1046/908/251 1047/909/251
f 834/910/252 833/909/252 1047/909/252 1048/910/252
f 911/1062/253 912/959/253 1130/959/253 1129/1062/253
f 835/911/254 834/910/254 1048/910/254 1049/911/254
f 913/1063/137 911/1062/137 1129/1062/137 1131/1063/137
f 836/912/255 835/911/255 1049/911/255 1050/912/255
f 912/959/140 914/958/140 1132/958/140 1130/959/140
f 837/913/256 836/912/256 1050/912/256 1051/913/256
f 914/958/257 913/1063/257 1131/1063/257 1132/958/257
f 822/914/258 837/913/258 1051/913/258 1052/914/258
f 838/915/259 822/914/259 1052/914/259 1053/915/259
f 839/916/260 838/915/260 1053/915/260 1054/916/260
f 915/1064/261 916/957/261 1134/957/261 1133/1064/261
f 840/917/262 839/916/262 1054/916/262 1055/917/262
f 917/1065/137 915/1064/137 1133/1064/137 1135/1065/137
f 841/918/263 840/917/263 1055/917/263 1056/918/263
f 916/957/140 918/956/140 1136/956/140 1134/957/140
f 842/919/264 841/918/264 1056/918/264 1057/919/264
f 918/956/265 917/1065/265 1135/1065/265 1136/956/265
f 843/920/266 842/919/266 1057/919/266 1058/920/266
f 844/921/267 843/920/267 1058/920/267 1059/921/267
f 845/922/268 844/921/268 1059/921/268 1060/922/268
f 919/1066/269 920/955/269 1138/955/269 1137/1066/269
f 846/923/270 845/922/270 1060/922/270 1061/923/270
f 921/1067/137 919/1066/137 1137/1066/137 1139/1067/137
f 847/924/271 846/923/271 1061/923/271 1062/924/271
f 920/955/140 922/954/140 1140/954/140 1138/955/140
f 848/925/272 847/924/272 1062/924/272 1063/925/272
f 922/954/273 921/1067/273 1139/1067/273 1140/954/273
f 849/926/274 848/925/274 1063/925/274 1064/926/274
f 823/927/275 849/926/275 1064/926/275 1065/927/275
f 850/928/276 823/927/276 1065/927/276 1066/928/276
f 923/1068/277 924/953/277 1142/953/277 1141/1068/277
f 851/929/278 850/928/278 1066/928/278 1067/929/278
f 925/982/137 923/1068/137 1141/1068/137 1086/982/137
f 852/930/279 851/929/279 1067/929/279 1068/930/279
f 924/953/140 926/952/140 1085/952/140 1142/953/140
f 853/931/280 852/930/280 1068/930/280 1069/931/280
f 926/952/281 925/982/281 1086/982/281 1085/952/281
f 854/932/282 853/931/282 1069/931/282 1070/932/282
f 927/985/283 788/984/283 1006/984/283 1143/985/283
f 824/933/284 854/932/284 1070/932/284 1071/933/284
f 928/986/285 927/985/285 1143/985/285 1144/986/285
f 855/934/286 824/933/286 1071/933/286 1072/934/286
f 929/987/287 928/986/287 1144/986/287 1145/987/287
f 856/935/288 855/934/288 1072/934/288 1073/935/288
f 930/988/289 929/987/289 1145/987/289 1146/988/289
f 857/936/290 856/935/290 1073/935/290 1074/936/290
f 931/989/291 930/988/291 1146/988/291 1147/989/291
f 858/937/292 857/936/292 1074/936/292 1075/937/292
f 932/990/293 931/989/293 1147/989/293 1148/990/293
f 859/938/294 858/937/294 1075/937/294 1076/938/294
f 933/991/295 932/990/295 1148/990/295 1149/991/295
f 860/939/296 859/938/296 1076/938/296 1077/939/296
f 934/992/297 933/991/297 1149/991/297 1150/992/297
f 825/940/298 860/939/298 1077/939/298 1078/940/298
f 935/993/299 934/992/299 1150/992/299 1151/993/299
f 861/941/300 825/940/300 1078/940/300 1079/941/300
f 936/994/301 935/993/301 1151/993/301 1152/994/301
f 862/942/302 861/941/302 1079/941/302 1080/942/302
f 937/995/303 936/994/303 1152/994/303 1153/995/303
f 863/943/304 862/942/304 1080/942/304 1081/943/304
f 938/996/305 937/995/305 1153/995/305 1154/996/305
f 864/944/306 863/943/306 1081/943/306 1082/944/306
f 939/997/307 938/996/307 1154/996/307 1155/997/307
f 781/945/308 864/944/308 1082/944/308 998/945/308
f 940/998/309 939/997/309 1155/997/309 1156/998/309
f 865/1074/141 868/1077/141 1083/1077/141 988/1074/141
f 941/999/310 940/998/310 1156/998/310 1157/999/310
f 866/951/172 786/950/172 1003/950/172 1084/951/172
f 942/1000/311 941/999/311 1157/999/311 1158/1000/311
f 943/1001/312 942/1000/312 1158/1000/312 1159/1001/312
f 867/981/172 866/951/172 1084/951/172 1004/981/172
f 944/1002/313 943/1001/313 1159/1001/313 1160/1002/313
f 868/1077/141 771/1078/141 1008/1078/141 1083/1077/141
f 945/1003/314 944/1002/314 1160/1002/314 1161/1003/314
f 946/1004/315 945/1003/315 1161/1003/315 1162/1004/315
f 790/867/316 789/866/316 982/866/316 983/867/316
f 947/1005/317 946/1004/317 1162/1004/317 1163/1005/317
f 769/864/318 767/863/318 984/863/318 985/864/318
f 948/1006/319 947/1005/319 1163/1005/319 1164/1006/319
f 869/1042/320 870/977/320 1088/977/320 1087/1042/320
f 767/863/321 768/862/321 986/862/321 984/863/321
o Plane.004
v -1.880877 1.241997 -6.234031
v -1.902582 1.234664 -6.234031
v -1.874840 1.405940 -6.234031
v -1.802943 1.496698 -6.234031
v -2.074336 0.007328 -6.234031
v -2.034007 1.562920 -6.234031
v -2.060775 1.622077 -6.234031
v -1.951595 1.713685 -6.234031
v -1.860085 1.605056 -6.234031
v -1.895389 1.546177 -6.234031
v -1.894703 1.470894 -6.234031
v -0.764661 1.465118 -6.234031
v -1.626354 1.493260 -6.234031
v -1.443766 1.489620 -6.234031
v 0.254341 1.428354 -6.234031
v 0.259998 1.511824 -6.234031
v 0.228461 1.560193 -6.234031
v 0.332945 1.646745 -6.234031
v 0.419024 1.559687 -6.234031
v 0.383744 1.498764 -6.234031
v 0.390216 -0.019638 -6.234031
v 0.261294 -0.021083 -6.234031
v -1.745230 1.421519 -6.234031
v -1.735569 1.363214 -6.234031
v -1.740584 1.240733 -6.234031
v -1.710698 1.234958 -6.234031
v -1.704504 1.379509 -6.234031
v -1.671825 1.451410 -6.234031
v -1.592479 1.446131 -6.234031
v -1.568657 1.400200 -6.234031
v -1.563013 1.234837 -6.234031
v -1.531253 1.231605 -6.234031
v -1.526579 1.383215 -6.234031
v -1.492701 1.444555 -6.234031
v -1.403570 1.422236 -6.234031
v -1.384697 1.331162 -6.234031
v -1.388313 1.227904 -6.234031
v -1.351954 1.225878 -6.234031
v -1.350705 1.346546 -6.234031
v -1.326511 1.415375 -6.234031
v -1.273946 1.457820 -6.234031
v -1.226441 1.407037 -6.234031
v -1.204943 1.341095 -6.234031
v -1.203593 1.224433 -6.234031
v -1.179116 1.226669 -6.234031
v -1.174376 1.277943 -6.234031
v -1.151077 1.285685 -6.234031
v -1.102353 1.268747 -6.234031
v -1.080318 1.262998 -6.234031
v -1.044839 1.271932 -6.234031
v -1.042075 1.222774 -6.234031
v -0.837691 1.218956 -6.234031
v -0.831916 1.369715 -6.234031
v -0.807276 1.416682 -6.234031
v -0.616076 1.459757 -6.234031
v -0.466559 1.454363 -6.234031
v -0.145126 1.442766 -6.234031
v 0.021266 1.436763 -6.234031
v 0.170889 1.431365 -6.234031
v -0.725021 1.410731 -6.234031
v -0.700094 1.336447 -6.234031
v -0.710318 1.219387 -6.234031
v -0.686860 1.220252 -6.234031
v -0.677136 1.359580 -6.234031
v -0.649035 1.420910 -6.234031
v -0.570463 1.392734 -6.234031
v -0.557604 1.316177 -6.234031
v -0.559994 1.217376 -6.234031
v -0.535087 1.219666 -6.234031
v -0.531415 1.345127 -6.234031
v -0.506355 1.414141 -6.234031
v -0.426449 1.418933 -6.234031
v -0.396184 1.355889 -6.234031
v -0.400484 1.210852 -6.234031
v -0.376148 1.211745 -6.234031
v -0.373304 1.324568 -6.234031
v -0.350229 1.304355 -6.234031
v -0.313715 1.282334 -6.234031
v -0.293281 1.257554 -6.234031
v -0.252199 1.268275 -6.234031
v -0.241621 1.213044 -6.234031
v -0.212549 1.210918 -6.234031
v -0.209737 1.366201 -6.234031
v -0.081725 1.377501 -6.234031
v -0.075119 1.210750 -6.234031
v -0.048625 1.210155 -6.234031
v -0.048538 1.341252 -6.234031
v -0.019529 1.398224 -6.234031
v 0.070143 1.365665 -6.234031
v 0.080747 1.276699 -6.234031
v 0.079983 1.207261 -6.234031
v 0.105886 1.209649 -6.234031
v 0.107879 1.327432 -6.234031
v 0.126060 1.382358 -6.234031
v 0.216788 1.352201 -6.234031
v 0.236396 1.242659 -6.234031
v 0.235252 1.199267 -6.234031
v 0.260176 1.207728 -6.234031
v -2.045615 1.115174 -6.234031
v 0.385537 1.078064 -6.234031
v 0.389261 0.204292 -6.234031
v -2.068386 0.236838 -6.234031
v -1.934846 0.235069 -6.234031
v -1.911877 1.113132 -6.234031
v -1.910910 0.234752 -6.234031
v -1.889681 1.112794 -6.234031
v -1.765407 0.232825 -6.234031
v -1.740327 1.110514 -6.234031
v -1.735384 0.232428 -6.234031
v -1.716137 1.110144 -6.234031
v -1.590894 0.230514 -6.234031
v -1.565541 1.107846 -6.234031
v -1.557311 0.230070 -6.234031
v -1.532512 1.107342 -6.234031
v -1.412361 0.228150 -6.234031
v -1.388818 1.105148 -6.234031
v -1.381130 0.227736 -6.234031
v -1.354640 1.104627 -6.234031
v -1.232316 0.225766 -6.234031
v -1.208599 1.102397 -6.234031
v -1.212323 0.225501 -6.234031
v -1.185547 1.102045 -6.234031
v -1.076043 0.223696 -6.234031
v -1.044930 1.099899 -6.234031
v -1.038925 0.223205 -6.234031
v -0.894222 0.221289 -6.234031
v -1.018271 0.702661 -6.234031
v -0.959421 0.704240 -6.234031
v -0.942758 0.684191 -6.234031
v -0.881791 0.698092 -6.234031
v -0.856374 0.220787 -6.234031
v -0.846507 1.096870 -6.234031
v -0.727491 0.219081 -6.234031
v -0.707063 1.094742 -6.234031
v -0.697163 0.218679 -6.234031
v -0.681740 1.094355 -6.234031
v -0.572471 0.217028 -6.234031
v -0.559975 1.092496 -6.234031
v -0.547864 0.216702 -6.234031
v -0.534632 1.092110 -6.234031
v -0.411450 0.214896 -6.234031
v -0.406288 1.090150 -6.234031
v -0.385709 0.214555 -6.234031
v -0.382284 1.089784 -6.234031
v -0.241568 0.212646 -6.234031
v -0.238445 1.087588 -6.234031
v -0.218693 0.212343 -6.234031
v -0.220001 1.087307 -6.234031
v -0.087385 0.210604 -6.234031
v -0.080011 1.085170 -6.234031
v -0.056972 0.210201 -6.234031
v -0.053420 1.084764 -6.234031
v 0.068025 0.208546 -6.234031
v 0.073784 1.082822 -6.234031
v 0.099109 0.208134 -6.234031
v 0.102164 1.082389 -6.234031
v 0.225361 0.206462 -6.234031
v 0.229017 1.080453 -6.234031
v 0.251767 0.206113 -6.234031
v 0.254277 1.080067 -6.234031
v 0.251699 0.077385 -6.234031
v 0.216808 0.077363 -6.234031
v 0.217693 0.022147 -6.234031
v 0.103773 0.023627 -6.234031
v 0.098556 0.077277 -6.234031
v 0.065817 0.081977 -6.234031
v 0.064321 0.022022 -6.234031
v -0.049719 0.029827 -6.234031
v -0.054744 0.089761 -6.234031
v -0.082886 0.088174 -6.234031
v -0.085821 0.026654 -6.234031
v -0.215648 0.029698 -6.234031
v -0.213524 0.078627 -6.234031
v -0.247381 0.080185 -6.234031
v -0.246083 0.021781 -6.234031
v -0.373654 0.032738 -6.234031
v -0.373627 0.086398 -6.234031
v -0.417635 0.089509 -6.234031
v -0.418863 0.029542 -6.234031
v -0.543123 0.034197 -6.234031
v -0.539480 0.087858 -6.234031
v -0.574446 0.092565 -6.234031
v -0.579266 0.038898 -6.234031
v -0.694478 0.043563 -6.234031
v -0.691784 0.090906 -6.234031
v -0.729022 0.092457 -6.234031
v -0.731726 0.045103 -6.234031
v -0.853891 0.040280 -6.234031
v -0.856561 0.092373 -6.234031
v -0.894867 0.095485 -6.234031
v -0.905952 0.038646 -6.234031
v -1.938325 0.005674 -6.234031
v -1.034851 0.035120 -6.234031
v -1.037732 0.094927 -6.234031
v -1.071574 0.096465 -6.234031
v -1.077687 0.028793 -6.234031
v -1.205438 0.030292 -6.234031
v -1.204655 0.093272 -6.234031
v -1.241976 0.101112 -6.234031
v -1.244949 0.028709 -6.234031
v -1.379536 0.034922 -6.234031
v -1.377360 0.096329 -6.234031
v -1.411222 0.101014 -6.234031
v -1.421354 0.039642 -6.234031
v -1.550303 0.041130 -6.234031
v -1.551226 0.094676 -6.234031
v -1.598689 0.093076 -6.234031
v -1.605746 0.037943 -6.234031
v -1.733544 0.045775 -6.234031
v -1.728560 0.102431 -6.234031
v -1.771616 0.094565 -6.234031
v -1.775463 0.042595 -6.234031
v -1.908995 0.045675 -6.234031
v -1.904917 0.097626 -6.234031
v -1.934230 0.102347 -6.234031
v -1.745230 1.421519 -6.121226
v -1.735569 1.363214 -6.121226
v -1.880877 1.241997 -6.121226
v -1.874840 1.405940 -6.121226
v -1.902582 1.234664 -6.121226
v -1.802943 1.496698 -6.121226
v -2.045615 1.115174 -6.121226
v -2.034007 1.562920 -6.121226
v -2.060775 1.622077 -6.121226
v -1.951595 1.713685 -6.121226
v -1.860085 1.605056 -6.121226
v -1.895389 1.546177 -6.121226
v -1.894703 1.470894 -6.121226
v -1.403570 1.422236 -6.121226
v -1.384697 1.331162 -6.121226
v -1.443766 1.489620 -6.121226
v 0.254341 1.428354 -6.121226
v 0.259998 1.511824 -6.121226
v 0.228461 1.560193 -6.121226
v 0.332945 1.646745 -6.121226
v 0.419024 1.559687 -6.121226
v 0.383744 1.498764 -6.121226
v 0.389261 0.204292 -6.121226
v 0.390216 -0.019638 -6.121226
v 0.261294 -0.021083 -6.121226
v -1.938325 0.005674 -6.121226
v -2.074336 0.007328 -6.121226
v -1.740584 1.240733 -6.121226
v -1.710698 1.234958 -6.121226
v -1.704504 1.379509 -6.121226
v -1.671825 1.451410 -6.121226
v -1.626354 1.493260 -6.121226
v -1.592479 1.446131 -6.121226
v -1.568657 1.400200 -6.121226
v -1.563013 1.234837 -6.121226
v -1.531253 1.231605 -6.121226
v -1.526579 1.383215 -6.121226
v -1.492701 1.444555 -6.121226
v -1.388313 1.227904 -6.121226
v -1.351954 1.225878 -6.121226
v -1.350705 1.346546 -6.121226
v -1.326511 1.415375 -6.121226
v -1.273946 1.457820 -6.121226
v -1.226441 1.407037 -6.121226
v -1.204943 1.341095 -6.121226
v -1.203593 1.224433 -6.121226
v -1.179116 1.226669 -6.121226
v -1.174376 1.277943 -6.121226
v -1.151077 1.285685 -6.121226
v -1.102353 1.268747 -6.121226
v -1.080318 1.262998 -6.121226
v -1.044839 1.271932 -6.121226
v -1.042075 1.222774 -6.121226
v -0.837691 1.218956 -6.121226
v -0.831916 1.369715 -6.121226
v -0.807276 1.416682 -6.121226
v -0.764661 1.465118 -6.121226
v -0.725021 1.410731 -6.121226
v -0.700094 1.336447 -6.121226
v -0.710318 1.219387 -6.121226
v -0.686860 1.220252 -6.121226
v -0.677136 1.359580 -6.121226
v -0.649035 1.420910 -6.121226
v -0.616076 1.459757 -6.121226
v -0.570463 1.392734 -6.121226
v -0.557604 1.316177 -6.121226
v -0.559994 1.217376 -6.121226
v -0.535087 1.219666 -6.121226
v -0.531415 1.345127 -6.121226
v -0.506355 1.414141 -6.121226
v -0.466559 1.454363 -6.121226
v -0.426449 1.418933 -6.121226
v -0.396184 1.355889 -6.121226
v -0.400484 1.210852 -6.121226
v -0.376148 1.211745 -6.121226
v -0.373304 1.324568 -6.121226
v -0.350229 1.304355 -6.121226
v -0.313715 1.282334 -6.121226
v -0.293281 1.257554 -6.121226
v -0.252199 1.268275 -6.121226
v -0.241621 1.213044 -6.121226
v -0.212549 1.210918 -6.121226
v -0.209737 1.366201 -6.121226
v -0.145126 1.442766 -6.121226
v -0.081725 1.377501 -6.121226
v -0.075119 1.210750 -6.121226
v -0.048625 1.210155 -6.121226
v -0.048538 1.341252 -6.121226
v -0.019529 1.398224 -6.121226
v 0.021266 1.436763 -6.121226
v 0.070143 1.365665 -6.121226
v 0.080747 1.276699 -6.121226
v 0.079983 1.207261 -6.121226
v 0.105886 1.209649 -6.121226
v 0.107879 1.327432 -6.121226
v 0.126060 1.382358 -6.121226
v 0.170889 1.431365 -6.121226
v 0.216788 1.352201 -6.121226
v 0.236396 1.242659 -6.121226
v 0.235252 1.199267 -6.121226
v 0.260176 1.207728 -6.121226
v -2.068386 0.236838 -6.121226
v 0.385537 1.078064 -6.121226
v 0.254277 1.080067 -6.121226
v 0.251767 0.206113 -6.121226
v -1.934846 0.235069 -6.121226
v -1.911877 1.113132 -6.121226
v -1.910910 0.234752 -6.121226
v -1.889681 1.112794 -6.121226
v -1.765407 0.232825 -6.121226
v -1.740327 1.110514 -6.121226
v -1.735384 0.232428 -6.121226
v -1.716137 1.110144 -6.121226
v -1.590894 0.230514 -6.121226
v -1.565541 1.107846 -6.121226
v -1.557311 0.230070 -6.121226
v -1.532512 1.107342 -6.121226
v -1.412361 0.228150 -6.121226
v -1.388818 1.105148 -6.121226
v -1.381130 0.227736 -6.121226
v -1.354640 1.104627 -6.121226
v -1.232316 0.225766 -6.121226
v -1.208599 1.102397 -6.121226
v -1.212323 0.225501 -6.121226
v -1.185547 1.102045 -6.121226
v -1.076043 0.223696 -6.121226
v -1.044930 1.099899 -6.121226
v -1.038925 0.223205 -6.121226
v -0.894222 0.221289 -6.121226
v -1.018271 0.702661 -6.121226
v -0.959421 0.704240 -6.121226
v -0.942758 0.684191 -6.121226
v -0.881791 0.698092 -6.121226
v -0.856374 0.220787 -6.121226
v -0.846507 1.096870 -6.121226
v -0.727491 0.219081 -6.121226
v -0.707063 1.094742 -6.121226
v -0.697163 0.218679 -6.121226
v -0.681740 1.094355 -6.121226
v -0.572471 0.217028 -6.121226
v -0.559975 1.092496 -6.121226
v -0.547864 0.216702 -6.121226
v -0.534632 1.092110 -6.121226
v -0.411450 0.214896 -6.121226
v -0.406288 1.090150 -6.121226
v -0.385709 0.214555 -6.121226
v -0.382284 1.089784 -6.121226
v -0.241568 0.212646 -6.121226
v -0.238445 1.087588 -6.121226
v -0.218693 0.212343 -6.121226
v -0.220001 1.087307 -6.121226
v -0.087385 0.210604 -6.121226
v -0.080011 1.085170 -6.121226
v -0.056972 0.210201 -6.121226
v -0.053420 1.084764 -6.121226
v 0.068025 0.208546 -6.121226
v 0.073784 1.082822 -6.121226
v 0.099109 0.208134 -6.121226
v 0.102164 1.082389 -6.121226
v 0.225361 0.206462 -6.121226
v 0.229017 1.080453 -6.121226
v 0.251699 0.077385 -6.121226
v 0.216808 0.077363 -6.121226
v 0.217693 0.022147 -6.121226
v 0.103773 0.023627 -6.121226
v 0.098556 0.077277 -6.121226
v 0.065817 0.081977 -6.121226
v 0.064321 0.022022 -6.121226
v -0.049719 0.029827 -6.121226
v -0.054744 0.089761 -6.121226
v -0.082886 0.088174 -6.121226
v -0.085821 0.026654 -6.121226
v -0.215648 0.029698 -6.121226
v -0.213524 0.078627 -6.121226
v -0.247381 0.080185 -6.121226
v -0.246083 0.021781 -6.121226
v -0.373654 0.032738 -6.121226
v -0.373627 0.086398 -6.121226
v -0.417635 0.089509 -6.121226
v -0.418863 0.029542 -6.121226
v -0.543123 0.034197 -6.121226
v -0.539480 0.087858 -6.121226
v -0.574446 0.092565 -6.121226
v -0.579266 0.038898 -6.121226
v -0.694478 0.043563 -6.121226
v -0.691784 0.090906 -6.121226
v -0.729022 0.092457 -6.121226
v -0.731726 0.045103 -6.121226
v -0.853891 0.040280 -6.121226
v -0.856561 0.092373 -6.121226
v -0.894867 0.095485 -6.121226
v -0.905952 0.038646 -6.121226
v -1.034851 0.035120 -6.121226
v -1.037732 0.094927 -6.121226
v -1.071574 0.096465 -6.121226
v -1.077687 0.028793 -6.121226
v -1.205438 0.030292 -6.121226
v -1.204655 0.093272 -6.121226
v -1.241976 0.101112 -6.121226
v -1.244949 0.028709 -6.121226
v -1.379536 0.034922 -6.121226
v -1.377360 0.096329 -6.121226
v -1.411222 0.101014 -6.121226
v -1.421354 0.039642 -6.121226
v -1.550303 0.041130 -6.121226
v -1.551226 0.094676 -6.121226
v -1.598689 0.093076 -6.121226
v -1.605746 0.037943 -6.121226
v -1.733544 0.045775 -6.121226
v -1.728560 0.102431 -6.121226
v -1.771616 0.094565 -6.121226
v -1.775463 0.042595 -6.121226
v -1.908995 0.045675 -6.121226
v -1.904917 0.097626 -6.121226
v -1.934230 0.102347 -6.121226
vn -0.0000 -0.0000 -1.0000
vn -0.0000 -0.0000 1.0000
vn 0.9960 -0.0894 -0.0000
vn 0.0132 0.9999 -0.0000
vn -0.7838 0.6210 -0.0000
vn -0.0405 -0.9992 -0.0000
vn -0.0153 -0.9999 -0.0000
vn -0.9997 0.0259 -0.0000
vn -0.9984 0.0568 -0.0000
vn -0.9997 0.0242 -0.0000
vn -0.9111 -0.4122 -0.0000
vn -0.0416 -0.9991 -0.0000
vn -0.6428 0.7661 -0.0000
vn 0.9984 -0.0570 -0.0000
vn 0.7648 0.6443 -0.0000
vn 0.0394 -0.9992 -0.0000
vn 0.9996 -0.0286 -0.0000
vn 0.8576 -0.5142 -0.0000
vn -0.9987 -0.0512 -0.0000
vn 1.0000 0.0091 -0.0000
vn -0.0810 -0.9967 -0.0000
vn 0.9792 0.2029 -0.0000
vn 0.9815 -0.1914 -0.0000
vn -0.9998 0.0219 -0.0000
vn 0.8588 0.5123 -0.0000
vn 0.0273 -0.9996 -0.0000
vn -0.9977 0.0676 -0.0000
vn -0.9988 -0.0481 -0.0000
vn -0.8377 -0.5462 -0.0000
vn -0.0454 -0.9990 -0.0000
vn 0.9996 -0.0289 -0.0000
vn -0.6379 0.7701 -0.0000
vn 0.9959 -0.0900 -0.0000
vn 0.7111 0.7031 -0.0000
vn -0.0117 -0.9999 -0.0000
vn 0.8654 -0.5011 -0.0000
vn -0.9999 0.0124 -0.0000
vn -0.9996 0.0283 -0.0000
vn 1.0000 0.0043 -0.0000
vn -0.2056 -0.9786 -0.0000
vn 0.0112 -0.9999 -0.0000
vn 0.9992 -0.0410 -0.0000
vn -0.0122 -0.9999 -0.0000
vn -0.0461 -0.9989 -0.0000
vn 0.9996 -0.0268 -0.0000
vn 0.9994 -0.0333 -0.0000
vn -0.9994 0.0354 -0.0000
vn 0.7932 0.6089 -0.0000
vn -0.1371 -0.9906 -0.0000
vn 0.9992 -0.0409 -0.0000
vn 0.9866 -0.1629 -0.0000
vn -0.9995 0.0302 -0.0000
vn 0.1897 0.9818 -0.0000
vn -0.0115 -0.9999 -0.0000
vn -0.9991 0.0428 -0.0000
vn -0.9999 -0.0172 -0.0000
vn -0.9104 0.4138 -0.0000
vn 0.0337 -0.9994 -0.0000
vn 0.9996 -0.0270 -0.0000
vn -0.6772 0.7358 -0.0000
vn 0.9919 -0.1270 -0.0000
vn 0.8120 0.5836 -0.0000
vn -0.0612 -0.9981 -0.0000
vn 0.8877 0.4604 -0.0000
vn -0.9962 0.0876 -0.0000
vn -0.9995 0.0305 -0.0000
vn 0.9994 0.0341 -0.0000
vn 0.1797 -0.9837 -0.0000
vn 0.1012 0.9949 -0.0000
vn 0.9973 -0.0738 -0.0000
vn -0.9995 0.0308 -0.0000
vn -0.0231 -0.9997 -0.0000
vn 0.9994 -0.0355 -0.0000
vn -0.8754 0.4835 -0.0000
vn -0.9969 0.0783 -0.0000
vn -0.6774 0.7356 -0.0000
vn -0.1590 -0.9873 -0.0000
vn 0.9994 -0.0350 -0.0000
vn 0.9991 -0.0423 -0.0000
vn -0.9991 0.0430 -0.0000
vn 0.0557 0.9985 -0.0000
vn -0.0268 0.9996 -0.0000
vn -0.9999 0.0104 -0.0000
vn 0.7691 0.6392 -0.0000
vn -0.9434 0.3316 -0.0000
vn -0.2223 0.9750 -0.0000
vn -0.6282 0.7780 -0.0000
vn 0.9997 -0.0261 -0.0000
vn 0.7303 0.6832 -0.0000
vn 0.9508 0.3100 -0.0000
vn 0.9999 0.0116 -0.0000
vn -0.9999 0.0113 -0.0000
vn -0.0910 0.9959 -0.0000
vn -0.9958 0.0920 -0.0000
vn -0.3153 0.9490 -0.0000
vn 0.9997 -0.0233 -0.0000
vn 0.3284 0.9446 -0.0000
vn 0.2524 0.9676 -0.0000
vn -0.2442 0.9697 -0.0000
vn -0.9998 0.0176 -0.0000
vn 0.9984 0.0561 -0.0000
vn 0.0187 0.9998 -0.0000
vn -0.9993 0.0383 -0.0000
vn 0.9999 -0.0143 -0.0000
vn -0.8855 0.4646 -0.0000
vn -0.7508 0.6605 -0.0000
vn 0.8081 0.5890 -0.0000
vn -0.9999 0.0151 -0.0000
vn 0.9480 0.3181 -0.0000
vn 0.9962 -0.0870 -0.0000
vn -0.0369 0.9993 -0.0000
vn 1.0000 -0.0059 -0.0000
vn -0.9976 0.0696 -0.0000
vn -0.9091 0.4165 -0.0000
vn -0.7625 0.6470 -0.0000
vn -1.0000 0.0039 -0.0000
vn 0.8267 0.5626 -0.0000
vn 0.9862 0.1656 -0.0000
vn 0.9997 -0.0242 -0.0000
vn 1.0000 -0.0036 -0.0000
vn -0.0915 0.9958 -0.0000
vn -0.9996 0.0293 -0.0000
vn -0.9400 0.3413 -0.0000
vn -1.0000 -0.0015 -0.0000
vn -0.7109 0.7033 -0.0000
vn 0.6620 0.7495 -0.0000
vn 0.9015 0.4328 -0.0000
vn 1.0000 -0.0084 -0.0000
vn 0.9996 -0.0296 -0.0000
vn -0.0367 0.9993 -0.0000
vn -0.9997 0.0252 -0.0000
vn -1.0000 0.0041 -0.0000
vn 0.6589 0.7522 -0.0000
vn 0.5164 0.8563 -0.0000
vn 0.7715 0.6362 -0.0000
vn 1.0000 -0.0066 -0.0000
vn -0.2525 0.9676 -0.0000
vn 0.9822 0.1881 -0.0000
vn 0.0729 0.9973 -0.0000
vn -1.0000 0.0035 -0.0000
vn -0.9998 0.0181 -0.0000
vn -0.7642 0.6449 -0.0000
vn 0.7173 0.6968 -0.0000
vn 1.0000 -0.0042 -0.0000
vn 0.9992 0.0396 -0.0000
vn 0.0224 0.9997 -0.0000
vn -1.0000 0.0007 -0.0000
vn -1.0000 0.0029 -0.0000
vn -0.8911 0.4537 -0.0000
vn -0.9953 -0.0970 -0.0000
vn -0.6867 0.7269 -0.0000
vn 0.0006 -1.0000 -0.0000
vn 0.8241 0.5665 -0.0000
vn 0.9999 0.0160 -0.0000
vn 0.9930 0.1183 -0.0000
vn -0.0130 -0.9999 -0.0000
vn 0.9999 -0.0110 -0.0000
vn -0.9953 -0.0968 -0.0000
vn -0.0918 0.9958 -0.0000
vn -0.1421 -0.9899 -0.0000
vn -0.9999 0.0169 -0.0000
vn 0.9997 -0.0249 -0.0000
vn -0.9493 0.3143 -0.0000
vn -0.0683 -0.9977 -0.0000
vn -0.7379 0.6750 -0.0000
vn -0.9965 -0.0835 -0.0000
vn 0.8651 0.5016 -0.0000
vn 0.0563 -0.9984 -0.0000
vn 0.9844 0.1762 -0.0000
vn 0.9989 -0.0476 -0.0000
vn 0.9997 -0.0264 -0.0000
vn -0.0234 -0.9997 -0.0000
vn -0.3215 0.9469 -0.0000
vn -0.9991 0.0434 -0.0000
vn -0.9997 -0.0264 -0.0000
vn -0.0460 -0.9989 -0.0000
vn 0.9998 0.0222 -0.0000
vn -0.0856 -0.9963 -0.0000
vn -1.0000 0.0005 -0.0000
vn -0.0705 -0.9975 -0.0000
vn 0.9998 -0.0205 -0.0000
vn -0.0374 -0.9993 -0.0000
vn 0.9865 0.1635 -0.0000
vn -0.9977 0.0677 -0.0000
vn -0.9993 0.0368 -0.0000
vn -0.1334 -0.9911 -0.0000
vn 0.9997 -0.0262 -0.0000
vn -0.3201 0.9474 -0.0000
vt 0.112219 0.721267
vt 0.144668 0.693359
vt 0.132149 0.678233
vt 0.132392 0.658892
vt 0.129598 0.598203
vt 0.137295 0.600087
vt 0.139436 0.642205
vt 0.164930 0.665521
vt 0.185395 0.646208
vt 0.188820 0.631229
vt 0.187042 0.599763
vt 0.197639 0.598279
vt 0.199836 0.635415
vt 0.211424 0.653887
vt 0.227547 0.664638
vt 0.239559 0.652530
vt 0.248006 0.640731
vt 0.250008 0.598248
vt 0.261270 0.597417
vt 0.262927 0.636367
vt 0.274940 0.652126
vt 0.292292 0.663703
vt 0.306545 0.646392
vt 0.313238 0.622994
vt 0.311955 0.596467
vt 0.324848 0.595946
vt 0.325291 0.626947
vt 0.333870 0.644629
vt 0.352509 0.655534
vt 0.369354 0.642487
vt 0.376977 0.625546
vt 0.377456 0.595575
vt 0.386135 0.596150
vt 0.387816 0.609322
vt 0.396078 0.611311
vt 0.413355 0.606959
vt 0.421168 0.605483
vt 0.433749 0.607778
vt 0.434729 0.595149
vt 0.507202 0.594168
vt 0.509250 0.632899
vt 0.517988 0.644965
vt 0.533098 0.657408
vt 0.547155 0.643436
vt 0.555994 0.624352
vt 0.552368 0.594279
vt 0.560686 0.594501
vt 0.564134 0.630295
vt 0.574099 0.646051
vt 0.585786 0.656031
vt 0.601960 0.638813
vt 0.606520 0.619145
vt 0.605672 0.593762
vt 0.614504 0.594350
vt 0.615806 0.626582
vt 0.624692 0.644312
vt 0.638804 0.654645
vt 0.653026 0.645543
vt 0.663758 0.629347
vt 0.662234 0.592086
vt 0.670863 0.592315
vt 0.671871 0.621301
vt 0.680053 0.616107
vt 0.693001 0.610450
vt 0.700247 0.604084
vt 0.714814 0.606838
vt 0.718565 0.592649
vt 0.728874 0.592103
vt 0.729872 0.631996
vt 0.752782 0.651666
vt 0.775263 0.634899
vt 0.777606 0.592060
vt 0.787000 0.591907
vt 0.787031 0.625586
vt 0.797318 0.640223
vt 0.811783 0.650124
vt 0.829115 0.631858
vt 0.832875 0.609002
vt 0.832604 0.591163
vt 0.841789 0.591777
vt 0.842496 0.622036
vt 0.848943 0.636147
vt 0.864839 0.648737
vt 0.881115 0.628399
vt 0.888067 0.600258
vt 0.887661 0.589110
vt 0.896500 0.591284
vt 0.894431 0.647963
vt 0.896436 0.669407
vt 0.885254 0.681834
vt 0.922303 0.704069
vt 0.952826 0.681704
vt 0.940316 0.666052
vt 0.940952 0.557972
vt 0.894408 0.558487
vt 0.885451 0.558586
vt 0.840469 0.559083
vt 0.830406 0.559195
vt 0.785300 0.559694
vt 0.775871 0.559798
vt 0.726232 0.560347
vt 0.719691 0.560419
vt 0.668687 0.560983
vt 0.660175 0.561077
vt 0.614665 0.561581
vt 0.605679 0.561680
vt 0.562502 0.562158
vt 0.553522 0.562257
vt 0.504076 0.562804
vt 0.433717 0.563582
vt 0.383855 0.564133
vt 0.375681 0.564224
vt 0.323896 0.564796
vt 0.311776 0.564930
vt 0.260823 0.565494
vt 0.249111 0.565623
vt 0.195711 0.566214
vt 0.187133 0.566309
vt 0.134173 0.566894
vt 0.126303 0.566981
vt 0.078880 0.567506
vt 0.082996 0.682534
vt 0.073504 0.697732
vt 0.942272 0.333495
vt 0.893518 0.333963
vt 0.942611 0.275967
vt 0.896896 0.275596
vt 0.893493 0.300892
vt 0.881121 0.300887
vt 0.881435 0.286701
vt 0.841040 0.287082
vt 0.839190 0.300865
vt 0.827581 0.302072
vt 0.827050 0.286669
vt 0.786612 0.288674
vt 0.784831 0.304072
vt 0.774852 0.303664
vt 0.773811 0.287859
vt 0.727775 0.288641
vt 0.728528 0.301211
vt 0.716523 0.301612
vt 0.716983 0.286607
vt 0.671747 0.289422
vt 0.671757 0.303208
vt 0.656152 0.304007
vt 0.655716 0.288601
vt 0.611654 0.289797
vt 0.612946 0.303583
vt 0.600547 0.304792
vt 0.598838 0.291005
vt 0.557985 0.292203
vt 0.558940 0.304366
vt 0.545736 0.304764
vt 0.544777 0.292599
vt 0.501458 0.291360
vt 0.500511 0.304743
vt 0.486928 0.305542
vt 0.482998 0.290940
vt 0.437291 0.290034
vt 0.436269 0.305399
vt 0.424269 0.305794
vt 0.422101 0.288409
vt 0.376802 0.288794
vt 0.377079 0.304974
vt 0.363845 0.306988
vt 0.362791 0.288387
vt 0.315068 0.289984
vt 0.315839 0.305759
vt 0.303832 0.306963
vt 0.300239 0.291196
vt 0.254515 0.291578
vt 0.254187 0.305335
vt 0.237357 0.304924
vt 0.234855 0.290760
vt 0.189538 0.292772
vt 0.191306 0.307327
vt 0.176038 0.305306
vt 0.174674 0.291955
vt 0.127324 0.292746
vt 0.128771 0.306093
vt 0.118376 0.307305
vt 0.116924 0.282470
vt 0.068696 0.282895
vt 0.070805 0.341857
vt 0.118158 0.341402
vt 0.126646 0.341321
vt 0.178240 0.340826
vt 0.188886 0.340724
vt 0.240121 0.340232
vt 0.252030 0.340118
vt 0.303428 0.339625
vt 0.314502 0.339519
vt 0.367271 0.339012
vt 0.374360 0.338944
vt 0.422684 0.338481
vt 0.435846 0.338354
vt 0.487157 0.337862
vt 0.500578 0.337733
vt 0.546279 0.337295
vt 0.557033 0.337192
vt 0.601248 0.336767
vt 0.609973 0.336684
vt 0.658345 0.336220
vt 0.667473 0.336132
vt 0.718584 0.335642
vt 0.726695 0.335564
vt 0.773256 0.335117
vt 0.784041 0.335014
vt 0.828364 0.334588
vt 0.839386 0.334483
vt 0.884154 0.334053
vt 0.443170 0.461529
vt 0.464038 0.461935
vt 0.469946 0.456784
vt 0.491565 0.460355
vt 0.061000 0.680701
vt 0.056884 0.565673
vt 0.051508 0.695899
vt 0.090222 0.719434
vt 0.048809 0.340024
vt 0.046699 0.281062
s 0
usemtl Material.006
f 1204/1079/322 1205/1080/322 1206/1081/322 1207/1082/322 1198/1083/322 1197/1084/322 1199/1085/322 1200/1086/322 1219/1087/322 1220/1088/322 1221/1089/322 1222/1090/322 1223/1091/322 1224/1092/322 1209/1093/322 1225/1094/322 1226/1095/322 1227/1096/322 1228/1097/322 1229/1098/322 1230/1099/322 1210/1100/322 1231/1101/322 1232/1102/322 1233/1103/322 1234/1104/322 1235/1105/322 1236/1106/322 1237/1107/322 1238/1108/322 1239/1109/322 1240/1110/322 1241/1111/322 1242/1112/322 1243/1113/322 1244/1114/322 1245/1115/322 1246/1116/322 1247/1117/322 1248/1118/322 1249/1119/322 1250/1120/322 1208/1121/322 1256/1122/322 1257/1123/322 1258/1124/322 1259/1125/322 1260/1126/322 1261/1127/322 1251/1128/322 1262/1129/322 1263/1130/322 1264/1131/322 1265/1132/322 1266/1133/322 1267/1134/322 1252/1135/322 1268/1136/322 1269/1137/322 1270/1138/322 1271/1139/322 1272/1140/322 1273/1141/322 1274/1142/322 1275/1143/322 1276/1144/322 1277/1145/322 1278/1146/322 1279/1147/322 1253/1148/322 1280/1149/322 1281/1150/322 1282/1151/322 1283/1152/322 1284/1153/322 1254/1154/322 1285/1155/322 1286/1156/322 1287/1157/322 1288/1158/322 1289/1159/322 1290/1160/322 1255/1161/322 1291/1162/322 1292/1163/322 1293/1164/322 1294/1165/322 1211/1166/322 1212/1167/322 1213/1168/322 1214/1169/322 1215/1170/322 1216/1171/322 1296/1172/322 1356/1173/322 1354/1174/322 1352/1175/322 1350/1176/322 1348/1177/322 1346/1178/322 1344/1179/322 1342/1180/322 1340/1181/322 1338/1182/322 1336/1183/322 1334/1184/322 1332/1185/322 1330/1186/322 1328/1187/322 1320/1188/322 1318/1189/322 1316/1190/322 1314/1191/322 1312/1192/322 1310/1193/322 1308/1194/322 1306/1195/322 1304/1196/322 1302/1197/322 1300/1198/322 1295/1199/322 1202/1200/322 1203/1201/322
f 1296/1172/322 1297/1202/322 1355/1203/322 1356/1173/322
f 1297/1202/322 1217/1204/322 1218/1205/322 1357/1206/322 1358/1207/322 1359/1208/322 1360/1209/322 1361/1210/322 1362/1211/322 1363/1212/322 1364/1213/322 1365/1214/322 1366/1215/322 1367/1216/322 1368/1217/322 1369/1218/322 1370/1219/322 1371/1220/322 1372/1221/322 1373/1222/322 1374/1223/322 1375/1224/322 1376/1225/322 1377/1226/322 1378/1227/322 1379/1228/322 1380/1229/322 1381/1230/322 1382/1231/322 1383/1232/322 1384/1233/322 1385/1234/322 1386/1235/322 1387/1236/322 1389/1237/322 1390/1238/322 1391/1239/322 1392/1240/322 1393/1241/322 1394/1242/322 1395/1243/322 1396/1244/322 1397/1245/322 1398/1246/322 1399/1247/322 1400/1248/322 1401/1249/322 1402/1250/322 1403/1251/322 1404/1252/322 1405/1253/322 1406/1254/322 1407/1255/322 1408/1256/322 1409/1257/322 1410/1258/322 1411/1259/322 1388/1260/322 1201/1261/322 1298/1262/322 1299/1263/322 1301/1264/322 1303/1265/322 1305/1266/322 1307/1267/322 1309/1268/322 1311/1269/322 1313/1270/322 1315/1271/322 1317/1272/322 1319/1273/322 1321/1274/322 1322/1275/322 1327/1276/322 1329/1277/322 1331/1278/322 1333/1279/322 1335/1280/322 1337/1281/322 1339/1282/322 1341/1283/322 1343/1284/322 1345/1285/322 1347/1286/322 1349/1287/322 1351/1288/322 1353/1289/322 1355/1203/322
f 1303/1265/322 1301/1264/322 1302/1197/322 1304/1196/322
f 1299/1263/322 1298/1262/322 1295/1199/322 1300/1198/322
f 1307/1267/322 1305/1266/322 1306/1195/322 1308/1194/322
f 1311/1269/322 1309/1268/322 1310/1193/322 1312/1192/322
f 1333/1279/322 1331/1278/322 1332/1185/322 1334/1184/322
f 1315/1271/322 1313/1270/322 1314/1191/322 1316/1190/322
f 1329/1277/322 1327/1276/322 1328/1187/322 1330/1186/322
f 1319/1273/322 1317/1272/322 1318/1189/322 1320/1188/322
f 1322/1275/322 1321/1274/322 1323/1290/322 1324/1291/322 1325/1292/322 1326/1293/322
f 1337/1281/322 1335/1280/322 1336/1183/322 1338/1182/322
f 1341/1283/322 1339/1282/322 1340/1181/322 1342/1180/322
f 1345/1285/322 1343/1284/322 1344/1179/322 1346/1178/322
f 1349/1287/322 1347/1286/322 1348/1177/322 1350/1176/322
f 1353/1289/322 1351/1288/322 1352/1175/322 1354/1174/322
f 1421/1079/323 1420/1201/323 1419/1200/323 1418/1199/323 1518/1198/323 1520/1197/323 1522/1196/323 1524/1195/323 1526/1194/323 1528/1193/323 1530/1192/323 1532/1191/323 1534/1190/323 1536/1189/323 1538/1188/323 1546/1187/323 1548/1186/323 1550/1185/323 1552/1184/323 1554/1183/323 1556/1182/323 1558/1181/323 1560/1180/323 1562/1179/323 1564/1178/323 1566/1177/323 1568/1176/323 1570/1175/323 1572/1174/323 1515/1173/323 1514/1172/323 1433/1171/323 1432/1170/323 1431/1169/323 1430/1168/323 1429/1167/323 1428/1166/323 1512/1165/323 1511/1164/323 1510/1163/323 1509/1162/323 1508/1161/323 1507/1160/323 1506/1159/323 1505/1158/323 1504/1157/323 1503/1156/323 1502/1155/323 1501/1154/323 1500/1153/323 1499/1152/323 1498/1151/323 1497/1150/323 1496/1149/323 1495/1148/323 1494/1147/323 1493/1146/323 1492/1145/323 1491/1144/323 1490/1143/323 1489/1142/323 1488/1141/323 1487/1140/323 1486/1139/323 1485/1138/323 1484/1137/323 1483/1136/323 1482/1135/323 1481/1134/323 1480/1133/323 1479/1132/323 1478/1131/323 1477/1130/323 1476/1129/323 1475/1128/323 1474/1127/323 1473/1126/323 1472/1125/323 1471/1124/323 1470/1123/323 1469/1122/323 1468/1121/323 1467/1120/323 1466/1119/323 1465/1118/323 1464/1117/323 1463/1116/323 1462/1115/323 1461/1114/323 1460/1113/323 1459/1112/323 1458/1111/323 1457/1110/323 1456/1109/323 1455/1108/323 1454/1107/323 1453/1106/323 1452/1105/323 1451/1104/323 1450/1103/323 1426/1102/323 1425/1101/323 1427/1100/323 1449/1099/323 1448/1098/323 1447/1097/323 1446/1096/323 1445/1095/323 1444/1094/323 1443/1093/323 1442/1092/323 1441/1091/323 1440/1090/323 1439/1089/323 1413/1088/323 1412/1087/323 1417/1086/323 1415/1085/323 1414/1084/323 1416/1083/323 1424/1082/323 1423/1081/323 1422/1080/323
f 1514/1172/323 1515/1173/323 1516/1203/323 1434/1202/323
f 1434/1202/323 1516/1203/323 1571/1289/323 1569/1288/323 1567/1287/323 1565/1286/323 1563/1285/323 1561/1284/323 1559/1283/323 1557/1282/323 1555/1281/323 1553/1280/323 1551/1279/323 1549/1278/323 1547/1277/323 1545/1276/323 1540/1275/323 1539/1274/323 1537/1273/323 1535/1272/323 1533/1271/323 1531/1270/323 1529/1269/323 1527/1268/323 1525/1267/323 1523/1266/323 1521/1265/323 1519/1264/323 1517/1263/323 1513/1262/323 1438/1261/323 1437/1260/323 1626/1259/323 1625/1258/323 1624/1257/323 1623/1256/323 1622/1255/323 1621/1254/323 1620/1253/323 1619/1252/323 1618/1251/323 1617/1250/323 1616/1249/323 1615/1248/323 1614/1247/323 1613/1246/323 1612/1245/323 1611/1244/323 1610/1243/323 1609/1242/323 1608/1241/323 1607/1240/323 1606/1239/323 1605/1238/323 1604/1237/323 1603/1236/323 1602/1235/323 1601/1234/323 1600/1233/323 1599/1232/323 1598/1231/323 1597/1230/323 1596/1229/323 1595/1228/323 1594/1227/323 1593/1226/323 1592/1225/323 1591/1224/323 1590/1223/323 1589/1222/323 1588/1221/323 1587/1220/323 1586/1219/323 1585/1218/323 1584/1217/323 1583/1216/323 1582/1215/323 1581/1214/323 1580/1213/323 1579/1212/323 1578/1211/323 1577/1210/323 1576/1209/323 1575/1208/323 1574/1207/323 1573/1206/323 1436/1205/323 1435/1204/323
f 1521/1265/323 1522/1196/323 1520/1197/323 1519/1264/323
f 1517/1263/323 1518/1198/323 1418/1199/323 1513/1262/323
f 1525/1267/323 1526/1194/323 1524/1195/323 1523/1266/323
f 1529/1269/323 1530/1192/323 1528/1193/323 1527/1268/323
f 1551/1279/323 1552/1184/323 1550/1185/323 1549/1278/323
f 1533/1271/323 1534/1190/323 1532/1191/323 1531/1270/323
f 1547/1277/323 1548/1186/323 1546/1187/323 1545/1276/323
f 1537/1273/323 1538/1188/323 1536/1189/323 1535/1272/323
f 1540/1275/323 1544/1293/323 1543/1292/323 1542/1291/323 1541/1290/323 1539/1274/323
f 1555/1281/323 1556/1182/323 1554/1183/323 1553/1280/323
f 1559/1283/323 1560/1180/323 1558/1181/323 1557/1282/323
f 1563/1285/323 1564/1178/323 1562/1179/323 1561/1284/323
f 1567/1287/323 1568/1176/323 1566/1177/323 1565/1286/323
f 1571/1289/323 1572/1174/323 1570/1175/323 1569/1288/323
f 1379/1228/324 1378/1227/324 1594/1227/324 1595/1228/324
f 1301/1264/325 1299/1263/325 1517/1263/325 1519/1264/325
f 1200/1086/326 1199/1085/326 1415/1085/326 1417/1086/326
f 1380/1229/327 1379/1228/327 1595/1228/327 1596/1229/327
f 1300/1198/328 1302/1197/328 1520/1197/328 1518/1198/328
f 1202/1294/329 1295/1295/329 1418/1295/329 1419/1294/329
f 1381/1230/330 1380/1229/330 1596/1229/330 1597/1230/330
f 1302/1197/331 1301/1264/331 1519/1264/331 1520/1197/331
f 1203/1296/332 1202/1294/332 1419/1294/332 1420/1296/332
f 1382/1231/333 1381/1230/333 1597/1230/333 1598/1231/333
f 1204/1297/334 1203/1296/334 1420/1296/334 1421/1297/334
f 1383/1232/335 1382/1231/335 1598/1231/335 1599/1232/335
f 1205/1080/336 1204/1079/336 1421/1079/336 1422/1080/336
f 1384/1233/337 1383/1232/337 1599/1232/337 1600/1233/337
f 1303/1265/338 1304/1196/338 1522/1196/338 1521/1265/338
f 1206/1081/339 1205/1080/339 1422/1080/339 1423/1081/339
f 1385/1234/340 1384/1233/340 1600/1233/340 1601/1234/340
f 1305/1266/325 1303/1265/325 1521/1265/325 1523/1266/325
f 1207/1082/341 1206/1081/341 1423/1081/341 1424/1082/341
f 1386/1235/342 1385/1234/342 1601/1234/342 1602/1235/342
f 1304/1196/328 1306/1195/328 1524/1195/328 1522/1196/328
f 1232/1102/343 1231/1101/343 1425/1101/343 1426/1102/343
f 1387/1236/344 1386/1235/344 1602/1235/344 1603/1236/344
f 1306/1195/345 1305/1266/345 1523/1266/345 1524/1195/345
f 1231/1101/346 1210/1100/346 1427/1100/346 1425/1101/346
f 1389/1237/347 1387/1236/347 1603/1236/347 1604/1237/347
f 1212/1167/348 1211/1166/348 1428/1166/348 1429/1167/348
f 1390/1238/349 1389/1237/349 1604/1237/349 1605/1238/349
f 1213/1168/350 1212/1167/350 1429/1167/350 1430/1168/350
f 1391/1239/351 1390/1238/351 1605/1238/351 1606/1239/351
f 1307/1267/352 1308/1194/352 1526/1194/352 1525/1267/352
f 1214/1169/353 1213/1168/353 1430/1168/353 1431/1169/353
f 1392/1240/354 1391/1239/354 1606/1239/354 1607/1240/354
f 1309/1268/325 1307/1267/325 1525/1267/325 1527/1268/325
f 1215/1170/355 1214/1169/355 1431/1169/355 1432/1170/355
f 1393/1241/356 1392/1240/356 1607/1240/356 1608/1241/356
f 1308/1194/328 1310/1193/328 1528/1193/328 1526/1194/328
f 1216/1171/357 1215/1170/357 1432/1170/357 1433/1171/357
f 1394/1242/358 1393/1241/358 1608/1241/358 1609/1242/358
f 1310/1193/359 1309/1268/359 1527/1268/359 1528/1193/359
f 1217/1204/360 1297/1202/360 1434/1202/360 1435/1204/360
f 1395/1243/361 1394/1242/361 1609/1242/361 1610/1243/361
f 1218/1205/362 1217/1204/362 1435/1204/362 1436/1205/362
f 1396/1244/363 1395/1243/363 1610/1243/363 1611/1244/363
f 1201/1261/364 1388/1260/364 1437/1260/364 1438/1261/364
f 1397/1245/365 1396/1244/365 1611/1244/365 1612/1245/365
f 1311/1269/366 1312/1192/366 1530/1192/366 1529/1269/366
f 1198/1083/367 1207/1082/367 1424/1082/367 1416/1083/367
f 1398/1246/368 1397/1245/368 1612/1245/368 1613/1246/368
f 1313/1270/325 1311/1269/325 1529/1269/325 1531/1270/325
f 1219/1087/369 1200/1086/369 1417/1086/369 1412/1087/369
f 1399/1247/370 1398/1246/370 1613/1246/370 1614/1247/370
f 1312/1192/328 1314/1191/328 1532/1191/328 1530/1192/328
f 1221/1089/371 1220/1088/371 1413/1088/371 1439/1089/371
f 1400/1248/372 1399/1247/372 1614/1247/372 1615/1248/372
f 1314/1191/373 1313/1270/373 1531/1270/373 1532/1191/373
f 1222/1090/374 1221/1089/374 1439/1089/374 1440/1090/374
f 1401/1249/375 1400/1248/375 1615/1248/375 1616/1249/375
f 1223/1091/376 1222/1090/376 1440/1090/376 1441/1091/376
f 1402/1250/377 1401/1249/377 1616/1249/377 1617/1250/377
f 1224/1092/378 1223/1091/378 1441/1091/378 1442/1092/378
f 1403/1251/379 1402/1250/379 1617/1250/379 1618/1251/379
f 1315/1271/380 1316/1190/380 1534/1190/380 1533/1271/380
f 1209/1093/381 1224/1092/381 1442/1092/381 1443/1093/381
f 1404/1252/382 1403/1251/382 1618/1251/382 1619/1252/382
f 1317/1272/325 1315/1271/325 1533/1271/325 1535/1272/325
f 1225/1094/383 1209/1093/383 1443/1093/383 1444/1094/383
f 1405/1253/384 1404/1252/384 1619/1252/384 1620/1253/384
f 1316/1190/328 1318/1189/328 1536/1189/328 1534/1190/328
f 1226/1095/385 1225/1094/385 1444/1094/385 1445/1095/385
f 1406/1254/386 1405/1253/386 1620/1253/386 1621/1254/386
f 1318/1189/387 1317/1272/387 1535/1272/387 1536/1189/387
f 1227/1096/388 1226/1095/388 1445/1095/388 1446/1096/388
f 1407/1255/389 1406/1254/389 1621/1254/389 1622/1255/389
f 1228/1097/390 1227/1096/390 1446/1096/390 1447/1097/390
f 1408/1256/391 1407/1255/391 1622/1255/391 1623/1256/391
f 1229/1098/392 1228/1097/392 1447/1097/392 1448/1098/392
f 1409/1257/393 1408/1256/393 1623/1256/393 1624/1257/393
f 1319/1273/394 1320/1188/394 1538/1188/394 1537/1273/394
f 1230/1099/395 1229/1098/395 1448/1098/395 1449/1099/395
f 1410/1258/396 1409/1257/396 1624/1257/396 1625/1258/396
f 1321/1274/325 1319/1273/325 1537/1273/325 1539/1274/325
f 1210/1100/397 1230/1099/397 1449/1099/397 1427/1100/397
f 1411/1259/398 1410/1258/398 1625/1258/398 1626/1259/398
f 1233/1103/399 1232/1102/399 1426/1102/399 1450/1103/399
f 1388/1260/400 1411/1259/400 1626/1259/400 1437/1260/400
f 1323/1290/401 1321/1274/401 1539/1274/401 1541/1290/401
f 1234/1104/402 1233/1103/402 1450/1103/402 1451/1104/402
f 1324/1291/403 1323/1290/403 1541/1290/403 1542/1291/403
f 1235/1105/404 1234/1104/404 1451/1104/404 1452/1105/404
f 1325/1292/405 1324/1291/405 1542/1291/405 1543/1292/405
f 1236/1106/406 1235/1105/406 1452/1105/406 1453/1106/406
f 1326/1293/407 1325/1292/407 1543/1292/407 1544/1293/407
f 1237/1107/408 1236/1106/408 1453/1106/408 1454/1107/408
f 1322/1275/409 1326/1293/409 1544/1293/409 1540/1275/409
f 1238/1108/410 1237/1107/410 1454/1107/410 1455/1108/410
f 1327/1276/325 1322/1275/325 1540/1275/325 1545/1276/325
f 1239/1109/411 1238/1108/411 1455/1108/411 1456/1109/411
f 1320/1188/328 1328/1187/328 1546/1187/328 1538/1188/328
f 1240/1110/412 1239/1109/412 1456/1109/412 1457/1110/412
f 1328/1187/413 1327/1276/413 1545/1276/413 1546/1187/413
f 1241/1111/414 1240/1110/414 1457/1110/414 1458/1111/414
f 1242/1112/415 1241/1111/415 1458/1111/415 1459/1112/415
f 1243/1113/416 1242/1112/416 1459/1112/416 1460/1113/416
f 1329/1277/417 1330/1186/417 1548/1186/417 1547/1277/417
f 1244/1114/418 1243/1113/418 1460/1113/418 1461/1114/418
f 1331/1278/325 1329/1277/325 1547/1277/325 1549/1278/325
f 1245/1115/419 1244/1114/419 1461/1114/419 1462/1115/419
f 1330/1186/328 1332/1185/328 1550/1185/328 1548/1186/328
f 1246/1116/420 1245/1115/420 1462/1115/420 1463/1116/420
f 1332/1185/421 1331/1278/421 1549/1278/421 1550/1185/421
f 1247/1117/422 1246/1116/422 1463/1116/422 1464/1117/422
f 1248/1118/423 1247/1117/423 1464/1117/423 1465/1118/423
f 1249/1119/424 1248/1118/424 1465/1118/424 1466/1119/424
f 1333/1279/425 1334/1184/425 1552/1184/425 1551/1279/425
f 1250/1120/426 1249/1119/426 1466/1119/426 1467/1120/426
f 1335/1280/325 1333/1279/325 1551/1279/325 1553/1280/325
f 1208/1121/427 1250/1120/427 1467/1120/427 1468/1121/427
f 1334/1184/328 1336/1183/328 1554/1183/328 1552/1184/328
f 1256/1122/428 1208/1121/428 1468/1121/428 1469/1122/428
f 1336/1183/429 1335/1280/429 1553/1280/429 1554/1183/429
f 1257/1123/430 1256/1122/430 1469/1122/430 1470/1123/430
f 1258/1124/431 1257/1123/431 1470/1123/431 1471/1124/431
f 1259/1125/432 1258/1124/432 1471/1124/432 1472/1125/432
f 1337/1281/433 1338/1182/433 1556/1182/433 1555/1281/433
f 1260/1126/434 1259/1125/434 1472/1125/434 1473/1126/434
f 1339/1282/325 1337/1281/325 1555/1281/325 1557/1282/325
f 1261/1127/435 1260/1126/435 1473/1126/435 1474/1127/435
f 1338/1182/328 1340/1181/328 1558/1181/328 1556/1182/328
f 1251/1128/436 1261/1127/436 1474/1127/436 1475/1128/436
f 1340/1181/437 1339/1282/437 1557/1282/437 1558/1181/437
f 1262/1129/438 1251/1128/438 1475/1128/438 1476/1129/438
f 1263/1130/439 1262/1129/439 1476/1129/439 1477/1130/439
f 1264/1131/440 1263/1130/440 1477/1130/440 1478/1131/440
f 1341/1283/441 1342/1180/441 1560/1180/441 1559/1283/441
f 1265/1132/442 1264/1131/442 1478/1131/442 1479/1132/442
f 1343/1284/325 1341/1283/325 1559/1283/325 1561/1284/325
f 1266/1133/443 1265/1132/443 1479/1132/443 1480/1133/443
f 1342/1180/328 1344/1179/328 1562/1179/328 1560/1180/328
f 1267/1134/444 1266/1133/444 1480/1133/444 1481/1134/444
f 1344/1179/445 1343/1284/445 1561/1284/445 1562/1179/445
f 1252/1135/446 1267/1134/446 1481/1134/446 1482/1135/446
f 1268/1136/447 1252/1135/447 1482/1135/447 1483/1136/447
f 1269/1137/448 1268/1136/448 1483/1136/448 1484/1137/448
f 1345/1285/449 1346/1178/449 1564/1178/449 1563/1285/449
f 1270/1138/450 1269/1137/450 1484/1137/450 1485/1138/450
f 1347/1286/325 1345/1285/325 1563/1285/325 1565/1286/325
f 1271/1139/451 1270/1138/451 1485/1138/451 1486/1139/451
f 1346/1178/328 1348/1177/328 1566/1177/328 1564/1178/328
f 1272/1140/452 1271/1139/452 1486/1139/452 1487/1140/452
f 1348/1177/453 1347/1286/453 1565/1286/453 1566/1177/453
f 1273/1141/454 1272/1140/454 1487/1140/454 1488/1141/454
f 1274/1142/455 1273/1141/455 1488/1141/455 1489/1142/455
f 1275/1143/456 1274/1142/456 1489/1142/456 1490/1143/456
f 1349/1287/457 1350/1176/457 1568/1176/457 1567/1287/457
f 1276/1144/458 1275/1143/458 1490/1143/458 1491/1144/458
f 1351/1288/325 1349/1287/325 1567/1287/325 1569/1288/325
f 1277/1145/459 1276/1144/459 1491/1144/459 1492/1145/459
f 1350/1176/328 1352/1175/328 1570/1175/328 1568/1176/328
f 1278/1146/460 1277/1145/460 1492/1145/460 1493/1146/460
f 1352/1175/461 1351/1288/461 1569/1288/461 1570/1175/461
f 1279/1147/462 1278/1146/462 1493/1146/462 1494/1147/462
f 1253/1148/463 1279/1147/463 1494/1147/463 1495/1148/463
f 1280/1149/464 1253/1148/464 1495/1148/464 1496/1149/464
f 1353/1289/465 1354/1174/465 1572/1174/465 1571/1289/465
f 1281/1150/466 1280/1149/466 1496/1149/466 1497/1150/466
f 1355/1203/325 1353/1289/325 1571/1289/325 1516/1203/325
f 1282/1151/467 1281/1150/467 1497/1150/467 1498/1151/467
f 1354/1174/328 1356/1173/328 1515/1173/328 1572/1174/328
f 1283/1152/468 1282/1151/468 1498/1151/468 1499/1152/468
f 1356/1173/469 1355/1203/469 1516/1203/469 1515/1173/469
f 1284/1153/470 1283/1152/470 1499/1152/470 1500/1153/470
f 1357/1206/471 1218/1205/471 1436/1205/471 1573/1206/471
f 1254/1154/472 1284/1153/472 1500/1153/472 1501/1154/472
f 1358/1207/473 1357/1206/473 1573/1206/473 1574/1207/473
f 1285/1155/474 1254/1154/474 1501/1154/474 1502/1155/474
f 1359/1208/475 1358/1207/475 1574/1207/475 1575/1208/475
f 1286/1156/476 1285/1155/476 1502/1155/476 1503/1156/476
f 1360/1209/477 1359/1208/477 1575/1208/477 1576/1209/477
f 1287/1157/478 1286/1156/478 1503/1156/478 1504/1157/478
f 1361/1210/479 1360/1209/479 1576/1209/479 1577/1210/479
f 1288/1158/480 1287/1157/480 1504/1157/480 1505/1158/480
f 1362/1211/481 1361/1210/481 1577/1210/481 1578/1211/481
f 1289/1159/482 1288/1158/482 1505/1158/482 1506/1159/482
f 1363/1212/483 1362/1211/483 1578/1211/483 1579/1212/483
f 1290/1160/484 1289/1159/484 1506/1159/484 1507/1160/484
f 1364/1213/485 1363/1212/485 1579/1212/485 1580/1213/485
f 1255/1161/486 1290/1160/486 1507/1160/486 1508/1161/486
f 1365/1214/487 1364/1213/487 1580/1213/487 1581/1214/487
f 1291/1162/488 1255/1161/488 1508/1161/488 1509/1162/488
f 1366/1215/489 1365/1214/489 1581/1214/489 1582/1215/489
f 1292/1163/490 1291/1162/490 1509/1162/490 1510/1163/490
f 1367/1216/491 1366/1215/491 1582/1215/491 1583/1216/491
f 1293/1164/492 1292/1163/492 1510/1163/492 1511/1164/492
f 1368/1217/493 1367/1216/493 1583/1216/493 1584/1217/493
f 1294/1165/494 1293/1164/494 1511/1164/494 1512/1165/494
f 1369/1218/495 1368/1217/495 1584/1217/495 1585/1218/495
f 1211/1166/496 1294/1165/496 1512/1165/496 1428/1166/496
f 1370/1219/497 1369/1218/497 1585/1218/497 1586/1219/497
f 1295/1295/329 1298/1298/329 1513/1298/329 1418/1295/329
f 1371/1220/498 1370/1219/498 1586/1219/498 1587/1220/498
f 1296/1172/360 1216/1171/360 1433/1171/360 1514/1172/360
f 1372/1221/499 1371/1220/499 1587/1220/499 1588/1221/499
f 1373/1222/500 1372/1221/500 1588/1221/500 1589/1222/500
f 1297/1202/360 1296/1172/360 1514/1172/360 1434/1202/360
f 1374/1223/501 1373/1222/501 1589/1222/501 1590/1223/501
f 1298/1298/329 1201/1299/329 1438/1299/329 1513/1298/329
f 1375/1224/502 1374/1223/502 1590/1223/502 1591/1224/502
f 1376/1225/503 1375/1224/503 1591/1224/503 1592/1225/503
f 1220/1088/504 1219/1087/504 1412/1087/504 1413/1088/504
f 1377/1226/505 1376/1225/505 1592/1225/505 1593/1226/505
f 1199/1085/506 1197/1084/506 1414/1084/506 1415/1085/506
f 1378/1227/507 1377/1226/507 1593/1226/507 1594/1227/507
f 1299/1263/508 1300/1198/508 1518/1198/508 1517/1263/508
f 1197/1084/509 1198/1083/509 1416/1083/509 1414/1084/509
o Plane.005
v -3.237678 3.855136 -2.910429
v -3.158528 4.296825 -2.718468
v -3.244618 3.756473 -2.927264
v -3.114312 4.377357 -2.611230
v -3.250835 0.003253 -2.942342
v -3.201309 0.135062 -2.822225
v -3.146405 0.437900 -2.689065
v -3.145070 0.852657 -2.685828
v -3.146650 1.345348 -2.689659
v -3.149535 1.621226 -2.696656
v -3.185280 2.278236 -2.783349
v -3.182432 2.369658 -2.776443
v -3.200066 2.441124 -2.819210
v -3.171385 2.546464 -2.749648
v -3.205065 2.661428 -2.831333
v -3.289224 2.840837 -3.035446
v -3.353693 3.003773 -3.191805
v -3.480373 3.017250 -3.499044
v -3.555329 2.926280 -3.680836
v -3.488933 3.074735 -3.519805
v -3.427665 3.075107 -3.371209
v -3.355857 3.064893 -3.197052
v -3.330635 3.057747 -3.135880
v -3.307464 2.953784 -3.079685
v -3.270665 2.877820 -2.990435
v -3.276274 2.994123 -3.004040
v -3.267901 3.115056 -2.983732
v -3.258237 3.370102 -2.960292
v -3.246175 3.444597 -2.931039
v -3.216299 3.556164 -2.858580
v -3.260320 3.681676 -2.965345
v -3.308945 3.786610 -3.083276
v -3.347687 3.869679 -3.177238
v -3.369328 3.988521 -3.229725
v -3.396991 4.177255 -3.296814
v -3.411205 4.351622 -3.331288
v -3.388741 4.254477 -3.276807
v -3.370297 4.106563 -3.232075
v -3.338329 3.943939 -3.154542
v -3.301457 3.883033 -3.065116
v -3.277749 3.830034 -3.007616
v -3.245052 3.956758 -2.928314
v -3.211437 4.142546 -2.846788
v -3.176501 4.297328 -2.762057
v -3.160675 4.346937 -2.723673
v -3.118518 4.414024 -2.621430
v -3.132441 4.514807 -2.655198
v -3.128727 4.597303 -2.646190
v -3.107725 4.711937 -2.595253
v -3.103540 4.815486 -2.585104
v -3.135549 4.998034 -2.662735
v -3.161985 5.132340 -2.726851
v -3.180586 5.267177 -2.771965
v -3.208799 5.328706 -2.840391
v -3.271111 5.326181 -2.991516
v -3.297218 5.253471 -3.054834
v -3.365982 4.913683 -3.221609
v -3.371621 4.742775 -3.235284
v -3.383838 4.911648 -3.264915
v -3.359530 5.040109 -3.205961
v -3.305224 5.314879 -3.074251
v -3.363442 5.318296 -3.215449
v -3.477449 5.306780 -3.491952
v -3.530401 5.254506 -3.620377
v -3.638965 5.068343 -3.883678
v -3.585506 5.212014 -3.754024
v -3.520831 5.311917 -3.597167
v -3.483792 5.357778 -3.507334
v -3.454475 5.373226 -3.436233
v -3.514465 5.676412 -3.581727
v -3.464583 5.514212 -3.460747
v -3.425575 5.372408 -3.366141
v -3.375485 5.371283 -3.244657
v -3.307240 5.376367 -3.079141
v -3.243182 5.381456 -2.923780
v -3.192819 5.362900 -2.801634
v -3.229883 5.499474 -2.891526
v -3.253241 5.609497 -2.948177
v -3.250043 5.942570 -2.940420
v -3.231575 5.601328 -2.895628
v -3.194156 5.463844 -2.804875
v -3.161420 5.353301 -2.725481
v -3.145177 5.171523 -2.686085
v -3.135480 5.135146 -2.662569
v -3.095798 5.281960 -2.566328
v -3.091415 5.488749 -2.555697
v -3.054412 5.622172 -2.465952
v -3.009529 5.683052 -2.357096
v -3.025425 5.619078 -2.395650
v -3.054808 5.536230 -2.466912
v -3.065372 5.446395 -2.492533
v -3.072443 5.319894 -2.509682
v -3.013188 5.332738 -2.365970
v -2.933739 5.401738 -2.173283
v -2.866576 5.276706 -2.010389
v -2.917327 5.312641 -2.133477
v -2.950657 5.334730 -2.214314
v -3.055922 5.256704 -2.469614
v -3.087738 5.185005 -2.546779
v -3.110557 5.083993 -2.602122
v -3.104337 4.989711 -2.587035
v -3.076555 4.873577 -2.519657
v -3.077168 4.779105 -2.521144
v -3.093943 4.527212 -2.561827
v -3.093610 4.455621 -2.561019
v -3.000968 4.595523 -2.336335
v -3.020605 4.506202 -2.383960
v -3.079878 4.414974 -2.527717
v -3.062169 4.345552 -2.484765
v -3.035021 4.349114 -2.418922
v -2.967973 4.484962 -2.256312
v -2.936293 4.553172 -2.179476
v -2.874870 4.614712 -2.030507
v -2.823431 4.663377 -1.905749
v -2.800028 4.720380 -1.848990
v -2.797044 4.782728 -1.841752
v -2.840529 4.917058 -1.947219
v -2.952466 4.954744 -2.218702
v -3.028888 4.966482 -2.404049
v -2.958010 5.009271 -2.232146
v -2.894808 4.994809 -2.078861
v -2.828954 4.965978 -1.919146
v -2.770391 5.171373 -1.777111
v -2.741723 5.299811 -1.707581
v -2.781542 5.421002 -1.804155
v -2.875904 5.670045 -2.033013
v -2.874542 5.841065 -2.029711
v -2.856262 5.717894 -1.985376
v -2.841177 5.643777 -1.948789
v -2.776443 5.471160 -1.791790
v -2.731698 5.366932 -1.683268
v -2.716218 5.493824 -1.645723
v -2.716228 5.729935 -1.645749
v -2.649134 5.901627 -1.483023
v -2.669363 5.773952 -1.532085
v -2.696232 5.661242 -1.597253
v -2.700269 5.393257 -1.607043
v -2.736855 5.190433 -1.695776
v -2.787643 4.983055 -1.818952
v -2.794354 4.893876 -1.835229
v -2.748867 4.785736 -1.724908
v -2.755210 4.687747 -1.740294
v -2.692060 4.676080 -1.587135
v -2.591327 4.691480 -1.342824
v -2.539095 4.703553 -1.216144
v -2.452904 4.493082 -1.007105
v -2.548037 4.619887 -1.237832
v -2.662736 4.619156 -1.516013
v -2.642211 4.460372 -1.466233
v -2.630327 4.313445 -1.437413
v -2.578249 4.202670 -1.311106
v -2.646933 4.271923 -1.477686
v -2.686958 4.600819 -1.574759
v -2.759815 4.606341 -1.751461
v -2.820272 4.587703 -1.898088
v -2.883101 4.491996 -2.050469
v -3.004518 4.269628 -2.344944
v -3.014450 4.152740 -2.369031
v -2.995576 4.037628 -2.323256
v -3.064882 3.616541 -2.491347
v -3.101633 3.306893 -2.580479
v -3.037857 3.346344 -2.425802
v -3.016275 3.313992 -2.373458
v -2.928659 3.401848 -2.160961
v -2.829047 3.746400 -1.919371
v -2.802114 4.081348 -1.854048
v -2.794022 3.870848 -1.834423
v -2.730930 3.953376 -1.681405
v -2.799205 3.778329 -1.846995
v -2.859329 3.545049 -1.992813
v -2.928745 3.324918 -2.161170
v -3.039527 3.223547 -2.429852
v -3.072220 3.070503 -2.509143
v -3.060031 2.864939 -2.479581
v -3.027885 2.807153 -2.401616
v -2.853509 3.080595 -1.978698
v -2.793272 3.087080 -1.832605
v -2.658303 3.422957 -1.505263
v -2.630245 3.641021 -1.437214
v -2.628681 3.463714 -1.433419
v -2.705084 3.215331 -1.618721
v -2.741494 3.100938 -1.707027
v -2.636469 3.143367 -1.452308
v -2.517104 3.103566 -1.162811
v -2.595124 3.083857 -1.352035
v -2.692052 3.072345 -1.587114
v -2.827946 3.020684 -1.916700
v -2.889115 2.953483 -2.065056
v -2.903087 2.918132 -2.098941
v -2.844890 2.683325 -1.957794
v -2.837433 2.496269 -1.939709
v -2.838370 2.356050 -1.941982
v -2.758512 2.432893 -1.748302
v -2.665081 2.465951 -1.521701
v -2.606265 2.363770 -1.379053
v -2.532980 2.350702 -1.201314
v -2.578193 2.303864 -1.310970
v -2.632310 2.346247 -1.442222
v -2.663855 2.402294 -1.518728
v -2.748091 2.359200 -1.723027
v -2.840454 2.277417 -1.947038
v -2.887678 2.078149 -2.061569
v -2.971317 1.698892 -2.264421
v -2.997335 1.460201 -2.327523
v -2.995308 0.962531 -2.322607
v -2.992001 0.429241 -2.314588
v -2.932697 0.119476 -2.170756
v -2.880468 0.027395 -2.044084
v -3.082581 4.228025 -2.534272
v -3.060433 4.022333 -2.480555
v -3.087598 3.809240 -2.546440
v -3.125033 3.568117 -2.637230
v -3.169262 3.587935 -2.744502
v -3.182062 3.614996 -2.775545
v -3.160199 3.718641 -2.722519
v -3.193609 3.641895 -2.803550
v -3.250399 3.157820 -2.941284
v -3.241547 3.361459 -2.919815
v -3.204844 3.522324 -2.830797
v -3.171838 3.454689 -2.750749
v -3.165642 3.385704 -2.735722
v -3.181247 3.290888 -2.773568
v -3.176312 3.247234 -2.761599
v -3.251290 3.064179 -2.943445
v -3.211889 3.149320 -2.847884
v -3.169912 3.190363 -2.746078
v -3.161870 3.024574 -2.726571
v -3.145333 2.835987 -2.686465
v -3.141376 2.715880 -2.676869
v -3.164052 2.679018 -2.731864
v -3.194526 2.713213 -2.805775
v -3.243896 2.829886 -2.925513
v -3.253163 2.947146 -2.947988
v -3.100917 3.230463 -2.578742
v -3.054200 3.289478 -2.465439
v -3.078259 3.205100 -2.523790
v -3.089163 3.159154 -2.550236
v -3.037929 2.524301 -2.425977
v -2.984473 1.861912 -2.296329
v -3.028623 2.634457 -2.403407
v -2.946769 2.840279 -2.204885
v -2.922987 2.891147 -2.147205
v -2.864524 2.676415 -2.005413
v -2.867304 2.456762 -2.012156
v -2.871578 2.375309 -2.022522
v -2.879016 2.271185 -2.040561
v -2.973325 1.910951 -2.269292
v -3.013491 1.799263 -2.366707
v -3.032557 1.897457 -2.412949
v -3.044180 2.133155 -2.441137
v -3.048534 2.379836 -2.451696
vn -0.9245 -0.0000 0.3812
vt 0.450220 0.396636
vt 0.458789 0.458304
vt 0.446488 0.463566
vt 0.426559 0.481518
vt 0.422818 0.499561
vt 0.423575 0.517569
vt 0.439479 0.530669
vt 0.456423 0.536985
vt 0.453840 0.545735
vt 0.423934 0.531977
vt 0.413489 0.506789
vt 0.415753 0.488894
vt 0.400899 0.500582
vt 0.391546 0.516579
vt 0.381365 0.517678
vt 0.352379 0.519250
vt 0.327647 0.519193
vt 0.300846 0.496350
vt 0.331103 0.510348
vt 0.382238 0.508274
vt 0.408262 0.483203
vt 0.442234 0.455598
vt 0.455829 0.437908
vt 0.444251 0.421699
vt 0.451369 0.410703
vt 0.518441 0.556007
vt 0.503132 0.552236
vt 0.493420 0.539252
vt 0.489018 0.532183
vt 0.509699 0.434498
vt 0.513456 0.451448
vt 0.546497 0.483117
vt 0.556097 0.490944
vt 0.579696 0.457904
vt 0.578574 0.424106
vt 0.576849 0.411573
vt 0.573847 0.395551
vt 0.535778 0.340122
vt 0.531278 0.332576
vt 0.536588 0.307493
vt 0.570350 0.365849
vt 0.589412 0.396510
vt 0.626696 0.409094
vt 0.660698 0.415725
vt 0.673432 0.407101
vt 0.695277 0.400579
vt 0.713527 0.407786
vt 0.683945 0.409797
vt 0.660203 0.425520
vt 0.622489 0.420433
vt 0.590254 0.408609
vt 0.590632 0.430185
vt 0.587622 0.458967
vt 0.564130 0.495096
vt 0.569770 0.500536
vt 0.594461 0.510876
vt 0.649316 0.518825
vt 0.688442 0.520597
vt 0.719936 0.523629
vt 0.671753 0.529753
vt 0.629359 0.523225
vt 0.644056 0.540826
vt 0.674897 0.579045
vt 0.674265 0.606327
vt 0.662939 0.572774
vt 0.608458 0.521092
vt 0.584143 0.520095
vt 0.513754 0.478020
vt 0.500778 0.486912
vt 0.495858 0.518542
vt 0.509055 0.542091
vt 0.553773 0.557688
vt 0.581793 0.591560
vt 0.606063 0.627455
vt 0.633623 0.654389
vt 0.608155 0.641690
vt 0.604889 0.674080
vt 0.594017 0.622542
vt 0.553808 0.569526
vt 0.427507 0.563311
vt 0.442323 0.588063
vt 0.446858 0.606462
vt 0.426267 0.624092
vt 0.429069 0.639273
vt 0.461019 0.707235
vt 0.478867 0.719627
vt 0.473048 0.753470
vt 0.471549 0.740776
vt 0.477169 0.725269
vt 0.460152 0.714946
vt 0.453764 0.707313
vt 0.439662 0.683496
vt 0.426093 0.654909
vt 0.412894 0.635410
vt 0.403324 0.643565
vt 0.388440 0.652937
vt 0.375536 0.677960
vt 0.368091 0.700719
vt 0.359023 0.715667
vt 0.364761 0.688837
vt 0.375927 0.659797
vt 0.384663 0.641511
vt 0.400301 0.628729
vt 0.419929 0.612583
vt 0.437699 0.593270
vt 0.425639 0.576103
vt 0.420770 0.564641
vt 0.416869 0.525397
vt 0.474539 0.595109
vt 0.456686 0.598159
vt 0.451519 0.602323
vt 0.460344 0.618270
vt 0.455646 0.577656
vt 0.458147 0.567041
vt 0.451848 0.552452
vt 0.459670 0.511474
vt 0.466345 0.482457
vt 0.467942 0.463976
vt 0.464649 0.295542
vt 0.465813 0.253093
vt 0.466451 0.177283
vt 0.465912 0.113464
vt 0.443750 0.066867
vt 0.423758 0.046585
vt 0.573260 0.050300
vt 0.552177 0.064469
vt 0.528239 0.112132
vt 0.526904 0.194189
vt 0.526086 0.270765
vt 0.519564 0.322937
vt 0.511868 0.338045
vt 0.507176 0.374313
vt 0.505419 0.412269
vt 0.484274 0.543155
vt 0.509729 0.560985
vt 0.483985 0.554915
vt 0.498820 0.602560
vt 0.526796 0.667353
vt 0.519177 0.685065
vt 0.523186 0.703050
vt 0.572197 0.737266
vt 0.597559 0.751993
vt 0.621963 0.754861
vt 0.651373 0.754011
vt 0.667529 0.703404
vt 0.695254 0.692748
vt 0.674232 0.709793
vt 0.669435 0.732400
vt 0.661150 0.756832
vt 0.707449 0.756945
vt 0.745851 0.737433
vt 0.711059 0.769818
vt 0.689975 0.767961
vt 0.649313 0.765591
vt 0.623822 0.767386
vt 0.626382 0.782464
vt 0.608021 0.799103
vt 0.610730 0.812825
vt 0.631231 0.844734
vt 0.645999 0.875943
vt 0.647629 0.917178
vt 0.658475 0.934520
vt 0.666641 0.954165
vt 0.639557 0.927747
vt 0.639562 0.891417
vt 0.633313 0.871892
vt 0.615251 0.887930
vt 0.589121 0.914490
vt 0.583031 0.925895
vt 0.575652 0.944847
vt 0.575103 0.918532
vt 0.613193 0.880212
vt 0.629266 0.861564
vt 0.617694 0.841802
vt 0.594054 0.810198
vt 0.567472 0.814634
vt 0.541960 0.816859
vt 0.513349 0.810275
vt 0.544198 0.808469
vt 0.589382 0.802670
vt 0.606935 0.782001
vt 0.605731 0.772408
vt 0.596284 0.763637
vt 0.575520 0.756148
vt 0.550726 0.746679
vt 0.537938 0.736184
vt 0.510874 0.715281
vt 0.499915 0.714733
vt 0.492766 0.725415
vt 0.516693 0.739452
vt 0.524619 0.753196
vt 0.487224 0.731669
vt 0.487089 0.742685
vt 0.493860 0.781444
vt 0.494108 0.795980
vt 0.482894 0.813849
vt 0.480383 0.828357
vt 0.489594 0.843899
vt 0.502437 0.854932
vt 0.544928 0.866937
vt 0.558382 0.863538
vt 0.578868 0.858009
vt 0.551757 0.877248
vt 0.519687 0.866631
vt 0.495768 0.864654
vt 0.498622 0.884119
vt 0.502886 0.897942
vt 0.514747 0.910690
vt 0.521164 0.920533
vt 0.503046 0.911166
vt 0.488109 0.890636
vt 0.486340 0.858818
vt 0.470322 0.836228
vt 0.466408 0.841825
vt 0.459851 0.869795
vt 0.446637 0.886804
vt 0.431533 0.907959
vt 0.424078 0.960465
vt 0.422787 0.909216
vt 0.432215 0.892286
vt 0.447177 0.871272
vt 0.426847 0.874127
vt 0.400990 0.873344
vt 0.373442 0.872562
vt 0.353223 0.872735
vt 0.337477 0.894554
vt 0.317341 0.919512
vt 0.341557 0.872861
vt 0.329723 0.870484
vt 0.314772 0.863427
vt 0.288665 0.848055
vt 0.267086 0.825948
vt 0.310909 0.854593
vt 0.332283 0.862637
vt 0.378303 0.864409
vt 0.401804 0.863883
vt 0.379882 0.821604
vt 0.370070 0.801838
vt 0.375002 0.775853
vt 0.377278 0.802151
vt 0.405035 0.854434
vt 0.415574 0.865622
vt 0.440726 0.866010
vt 0.452115 0.856543
vt 0.459623 0.835796
vt 0.470294 0.815130
vt 0.483215 0.787041
vt 0.481526 0.771109
vt 0.491676 0.696649
vt 0.500616 0.664999
vt 0.489650 0.632211
s 0
usemtl Material.007
f 1637/1300/510 1856/1301/510 1857/1302/510 1858/1303/510 1859/1304/510 1850/1305/510 1851/1306/510 1852/1307/510 1849/1308/510 1843/1309/510 1652/1310/510 1651/1311/510 1650/1312/510 1649/1313/510 1648/1314/510 1647/1315/510 1646/1316/510 1645/1317/510 1644/1318/510 1643/1319/510 1642/1320/510 1641/1321/510 1640/1322/510 1639/1323/510 1638/1324/510
f 1789/1325/510 1861/1326/510 1862/1327/510 1863/1328/510 1864/1329/510 1866/1330/510 1867/1331/510 1868/1332/510 1869/1333/510 1870/1334/510 1871/1335/510 1872/1336/510 1873/1337/510 1865/1338/510 1829/1339/510 1828/1340/510 1827/1341/510 1826/1342/510 1825/1343/510 1824/1344/510 1823/1345/510 1822/1346/510 1821/1347/510 1820/1348/510 1819/1349/510 1818/1350/510 1817/1351/510 1816/1352/510 1815/1353/510 1814/1354/510 1813/1355/510 1812/1356/510 1811/1357/510 1810/1358/510 1809/1359/510 1808/1360/510 1807/1361/510 1806/1362/510 1805/1363/510 1804/1364/510 1803/1365/510 1802/1366/510 1801/1367/510 1800/1368/510 1799/1369/510 1798/1370/510 1797/1371/510 1796/1372/510 1795/1373/510 1794/1374/510 1793/1375/510 1792/1376/510 1791/1377/510 1790/1378/510
f 1652/1310/510 1843/1309/510 1844/1379/510 1845/1380/510 1842/1381/510 1629/1382/510 1627/1383/510 1628/1384/510 1630/1385/510 1674/1386/510 1673/1387/510 1672/1388/510 1671/1389/510 1670/1390/510 1669/1391/510 1668/1392/510 1667/1393/510 1666/1394/510 1665/1395/510 1664/1396/510 1663/1397/510 1662/1398/510 1661/1399/510 1660/1400/510 1659/1401/510 1658/1402/510 1657/1403/510 1656/1404/510 1655/1405/510 1654/1406/510 1653/1407/510
f 1838/1408/510 1839/1409/510 1840/1410/510 1841/1411/510 1842/1381/510 1845/1380/510 1846/1412/510 1847/1413/510 1848/1414/510 1849/1308/510 1852/1307/510 1853/1415/510 1854/1416/510 1855/1417/510 1856/1301/510 1637/1300/510 1636/1418/510 1635/1419/510 1634/1420/510 1633/1421/510 1632/1422/510 1631/1423/510 1834/1424/510 1833/1425/510 1832/1426/510 1831/1427/510 1830/1428/510 1829/1339/510 1865/1338/510 1874/1429/510 1875/1430/510 1876/1431/510 1877/1432/510 1864/1329/510 1863/1328/510 1860/1433/510 1861/1326/510 1788/1434/510 1787/1435/510 1786/1436/510 1785/1437/510 1784/1438/510 1783/1439/510 1782/1440/510 1781/1441/510 1780/1442/510 1779/1443/510 1778/1444/510 1777/1445/510 1776/1446/510 1775/1447/510 1774/1448/510 1773/1449/510 1772/1450/510 1771/1451/510 1770/1452/510 1769/1453/510 1768/1454/510 1767/1455/510 1766/1456/510 1765/1457/510 1764/1458/510 1763/1459/510 1762/1460/510 1761/1461/510 1760/1462/510 1759/1463/510 1758/1464/510 1757/1465/510 1756/1466/510 1755/1467/510 1754/1468/510 1753/1469/510 1752/1470/510 1751/1471/510 1750/1472/510 1749/1473/510 1748/1474/510 1747/1475/510 1746/1476/510 1745/1477/510 1744/1478/510 1743/1479/510 1742/1480/510 1741/1481/510 1740/1482/510 1739/1483/510 1738/1484/510 1737/1485/510 1736/1486/510 1735/1487/510 1734/1488/510 1733/1489/510 1732/1490/510 1731/1491/510 1730/1492/510 1729/1493/510 1728/1494/510 1727/1495/510 1726/1496/510 1725/1497/510 1724/1498/510 1723/1499/510 1722/1500/510 1721/1501/510 1720/1502/510 1719/1503/510 1718/1504/510 1717/1505/510 1716/1506/510 1715/1507/510 1714/1508/510 1713/1509/510 1712/1510/510 1711/1511/510 1710/1512/510 1709/1513/510 1708/1514/510 1707/1515/510 1706/1516/510 1705/1517/510 1704/1518/510 1703/1519/510 1702/1520/510 1701/1521/510 1700/1522/510 1699/1523/510 1698/1524/510 1697/1525/510 1696/1526/510 1695/1527/510 1694/1528/510 1693/1529/510 1692/1530/510 1691/1531/510 1690/1532/510 1689/1533/510 1688/1534/510 1687/1535/510 1686/1536/510 1685/1537/510 1684/1538/510 1683/1539/510 1682/1540/510 1681/1541/510 1680/1542/510 1679/1543/510 1678/1544/510 1677/1545/510 1676/1546/510 1675/1547/510 1674/1386/510 1630/1385/510 1835/1548/510 1836/1549/510 1837/1550/510
o Plane.006
v -0.660115 2.028736 1.670780
v -0.719822 2.262350 1.804060
v -0.654878 1.976552 1.659092
v -0.753177 2.304945 1.878515
v -0.650188 -0.008566 1.648623
v -0.687549 0.061149 1.732021
v -0.728967 0.221323 1.824474
v -0.729974 0.440693 1.826722
v -0.728783 0.701282 1.824062
v -0.726606 0.847197 1.819204
v -0.699642 1.194697 1.759013
v -0.701790 1.243051 1.763808
v -0.688487 1.280850 1.734114
v -0.710124 1.336565 1.782411
v -0.684716 1.397372 1.725697
v -0.621230 1.492262 1.583981
v -0.572596 1.578441 1.475420
v -0.477033 1.585569 1.262103
v -0.420489 1.537455 1.135885
v -0.470576 1.615974 1.247689
v -0.516795 1.616170 1.350860
v -0.570964 1.610768 1.471777
v -0.589991 1.606989 1.514249
v -0.607470 1.552001 1.553266
v -0.635230 1.511824 1.615232
v -0.630998 1.573337 1.605786
v -0.637315 1.637300 1.619886
v -0.644606 1.772197 1.636161
v -0.653704 1.811598 1.656471
v -0.676242 1.870607 1.706779
v -0.643034 1.936991 1.632652
v -0.606353 1.992492 1.550773
v -0.577127 2.036428 1.485535
v -0.560802 2.099285 1.449093
v -0.539934 2.199109 1.402512
v -0.529212 2.291333 1.378577
v -0.546157 2.239952 1.416403
v -0.560071 2.161718 1.447461
v -0.584186 2.075705 1.501292
v -0.612001 2.043491 1.563381
v -0.629886 2.015460 1.603303
v -0.654552 2.082485 1.658363
v -0.679910 2.180750 1.714967
v -0.706264 2.262616 1.773796
v -0.718203 2.288855 1.800446
v -0.750004 2.324338 1.871433
v -0.739501 2.377643 1.847988
v -0.742303 2.421277 1.854242
v -0.758147 2.481908 1.889608
v -0.761303 2.536675 1.896654
v -0.737157 2.633227 1.842755
v -0.717214 2.704263 1.798239
v -0.703183 2.775580 1.766917
v -0.681899 2.808123 1.719408
v -0.634894 2.806788 1.614482
v -0.615200 2.768331 1.570520
v -0.563326 2.588613 1.454728
v -0.559072 2.498218 1.445233
v -0.549856 2.587537 1.424660
v -0.568193 2.655481 1.465592
v -0.609160 2.800810 1.557039
v -0.565242 2.802618 1.459004
v -0.479239 2.796526 1.267028
v -0.439294 2.768878 1.177862
v -0.357397 2.670414 0.995051
v -0.397725 2.746403 1.085071
v -0.446513 2.799243 1.193977
v -0.474455 2.823500 1.256348
v -0.496570 2.831670 1.305714
v -0.451316 2.992028 1.204697
v -0.488945 2.906239 1.288694
v -0.518371 2.831238 1.354378
v -0.556157 2.830643 1.438725
v -0.607639 2.833331 1.553644
v -0.655962 2.836024 1.661511
v -0.693954 2.826209 1.746317
v -0.665994 2.898444 1.683905
v -0.648374 2.956636 1.644572
v -0.650786 3.132802 1.649958
v -0.664719 2.952316 1.681057
v -0.692946 2.879599 1.744067
v -0.717641 2.821132 1.799191
v -0.729894 2.724988 1.826543
v -0.737209 2.705748 1.842871
v -0.767143 2.783399 1.909691
v -0.770450 2.892772 1.917072
v -0.798364 2.963341 1.979382
v -0.832222 2.995541 2.054961
v -0.820231 2.961704 2.028193
v -0.798065 2.917885 1.978716
v -0.790096 2.870370 1.960927
v -0.784762 2.803463 1.949020
v -0.829462 2.810256 2.048800
v -0.889395 2.846751 2.182583
v -0.940061 2.780620 2.295680
v -0.901776 2.799626 2.210220
v -0.876633 2.811310 2.154095
v -0.797225 2.770041 1.976840
v -0.773224 2.732119 1.923264
v -0.756010 2.678692 1.884839
v -0.760703 2.628825 1.895314
v -0.781660 2.567401 1.942095
v -0.781197 2.517433 1.941062
v -0.768543 2.384204 1.912816
v -0.768795 2.346339 1.913377
v -0.838680 2.420335 2.069376
v -0.823867 2.373092 2.036309
v -0.779153 2.324841 1.936499
v -0.792512 2.288123 1.966320
v -0.812992 2.290007 2.012035
v -0.863570 2.361858 2.124936
v -0.887469 2.397935 2.178283
v -0.933804 2.430484 2.281713
v -0.972608 2.456224 2.368332
v -0.990263 2.486373 2.407740
v -0.992514 2.519350 2.412765
v -0.959710 2.590398 2.339540
v -0.875268 2.610331 2.151048
v -0.817618 2.616539 2.022362
v -0.871087 2.639170 2.141714
v -0.918764 2.631521 2.248140
v -0.968442 2.616272 2.359031
v -1.012620 2.724908 2.457646
v -1.034246 2.792840 2.505921
v -1.004208 2.856940 2.438869
v -0.933024 2.988661 2.279972
v -0.934052 3.079116 2.282265
v -0.947842 3.013969 2.313047
v -0.959221 2.974768 2.338450
v -1.008054 2.883469 2.447455
v -1.041808 2.828341 2.522801
v -1.053486 2.895456 2.548869
v -1.053478 3.020338 2.548851
v -1.104092 3.111147 2.661832
v -1.088832 3.043618 2.627768
v -1.068563 2.984005 2.582522
v -1.065517 2.842265 2.575725
v -1.037918 2.734989 2.514117
v -0.999606 2.625305 2.428596
v -0.994543 2.578137 2.417295
v -1.028857 2.520941 2.493891
v -1.024071 2.469113 2.483208
v -1.071710 2.462942 2.589547
v -1.147699 2.471087 2.759172
v -1.187102 2.477473 2.847127
v -1.252121 2.366153 2.992263
v -1.180356 2.433221 2.832069
v -1.093831 2.432835 2.638927
v -1.109314 2.348852 2.673489
v -1.118279 2.271141 2.693500
v -1.157565 2.212550 2.781194
v -1.105752 2.249179 2.665537
v -1.075559 2.423136 2.598140
v -1.020598 2.426057 2.475455
v -0.974991 2.416199 2.373651
v -0.927595 2.365578 2.267853
v -0.836002 2.247965 2.063398
v -0.828510 2.186142 2.046674
v -0.842748 2.125258 2.078457
v -0.790465 1.902541 1.961751
v -0.762742 1.738765 1.899866
v -0.810852 1.759630 2.007259
v -0.827133 1.742519 2.043601
v -0.893228 1.788987 2.191138
v -0.968371 1.971224 2.358875
v -0.988689 2.148382 2.404228
v -0.994793 2.037046 2.417854
v -1.042388 2.080696 2.524095
v -0.990883 1.988112 2.409125
v -0.945528 1.864728 2.307883
v -0.893163 1.748298 2.190993
v -0.809592 1.694682 2.004446
v -0.784930 1.613735 1.949394
v -0.794125 1.505010 1.969919
v -0.818375 1.474447 2.024051
v -0.949918 1.619073 2.317683
v -0.995359 1.622503 2.419116
v -1.097175 1.800152 2.646391
v -1.118341 1.915488 2.693637
v -1.119521 1.821709 2.696272
v -1.061885 1.690337 2.567617
v -1.034418 1.629833 2.506305
v -1.113646 1.652274 2.683157
v -1.203690 1.631223 2.884156
v -1.144835 1.620799 2.752778
v -1.071716 1.614710 2.589561
v -0.969202 1.587385 2.360729
v -0.923058 1.551842 2.257725
v -0.912518 1.533145 2.234199
v -0.956420 1.408953 2.332197
v -0.962046 1.310017 2.344754
v -0.961338 1.235853 2.343175
v -1.021580 1.276497 2.477648
v -1.092062 1.293981 2.634978
v -1.136431 1.239936 2.734018
v -1.191714 1.233025 2.857423
v -1.157607 1.208251 2.781289
v -1.116783 1.230668 2.690160
v -1.092986 1.260313 2.637042
v -1.029442 1.237520 2.495197
v -0.959766 1.194264 2.339665
v -0.924142 1.088869 2.260146
v -0.861048 0.888275 2.119305
v -0.841421 0.762029 2.075494
v -0.842950 0.498806 2.078907
v -0.845444 0.216744 2.084475
v -0.890181 0.052906 2.184338
v -0.929581 0.004203 2.272286
v -0.777114 2.225961 1.931947
v -0.793822 2.117169 1.969243
v -0.773329 2.004462 1.923499
v -0.745090 1.876929 1.860463
v -0.711725 1.887411 1.785984
v -0.702069 1.901724 1.764431
v -0.718562 1.956543 1.801247
v -0.693358 1.915951 1.744987
v -0.650518 1.659919 1.649358
v -0.657195 1.767625 1.664264
v -0.684883 1.852708 1.726069
v -0.709781 1.816935 1.781647
v -0.714455 1.780449 1.792080
v -0.702684 1.730299 1.765803
v -0.706406 1.707210 1.774113
v -0.649845 1.610391 1.647857
v -0.679569 1.655423 1.714206
v -0.711234 1.677131 1.784890
v -0.717301 1.589443 1.798433
v -0.729776 1.489697 1.826279
v -0.732761 1.426172 1.832942
v -0.715655 1.406675 1.794758
v -0.692666 1.424761 1.743442
v -0.655423 1.486470 1.660308
v -0.648433 1.548491 1.644704
v -0.763282 1.698340 1.901071
v -0.798524 1.729553 1.979738
v -0.780374 1.684925 1.939225
v -0.772149 1.660624 1.920864
v -0.810798 1.324843 2.007137
v -0.851123 0.974498 2.097152
v -0.817818 1.383106 2.022807
v -0.879566 1.491967 2.160641
v -0.897506 1.518872 2.200689
v -0.941609 1.405298 2.299135
v -0.939512 1.289121 2.294454
v -0.936288 1.246040 2.287257
v -0.930677 1.190967 2.274732
v -0.859533 1.000436 2.115924
v -0.829233 0.941363 2.048288
v -0.814850 0.993299 2.016182
v -0.806082 1.117962 1.996611
v -0.802798 1.248434 1.989280
vn -0.9126 -0.0000 -0.4088
vt 0.450220 0.396636
vt 0.458789 0.458304
vt 0.446488 0.463566
vt 0.426559 0.481518
vt 0.422818 0.499561
vt 0.423575 0.517569
vt 0.439479 0.530669
vt 0.456423 0.536985
vt 0.453840 0.545735
vt 0.423934 0.531977
vt 0.413489 0.506789
vt 0.415753 0.488894
vt 0.400899 0.500582
vt 0.391546 0.516579
vt 0.381365 0.517678
vt 0.352379 0.519250
vt 0.327647 0.519193
vt 0.300846 0.496350
vt 0.331103 0.510348
vt 0.382238 0.508274
vt 0.408262 0.483203
vt 0.442234 0.455598
vt 0.455829 0.437908
vt 0.444251 0.421699
vt 0.451369 0.410703
vt 0.518441 0.556007
vt 0.503132 0.552236
vt 0.493420 0.539252
vt 0.489018 0.532183
vt 0.509699 0.434498
vt 0.513456 0.451448
vt 0.546497 0.483117
vt 0.556097 0.490944
vt 0.579696 0.457904
vt 0.578574 0.424106
vt 0.576849 0.411573
vt 0.573847 0.395551
vt 0.535778 0.340122
vt 0.531278 0.332576
vt 0.536588 0.307493
vt 0.570350 0.365849
vt 0.589412 0.396510
vt 0.626696 0.409094
vt 0.660698 0.415725
vt 0.673432 0.407101
vt 0.695277 0.400579
vt 0.713527 0.407786
vt 0.683945 0.409797
vt 0.660203 0.425520
vt 0.622489 0.420433
vt 0.590254 0.408609
vt 0.590632 0.430185
vt 0.587622 0.458967
vt 0.564130 0.495096
vt 0.569770 0.500536
vt 0.594461 0.510876
vt 0.649316 0.518825
vt 0.688442 0.520597
vt 0.719936 0.523629
vt 0.671753 0.529753
vt 0.629359 0.523225
vt 0.644056 0.540826
vt 0.674897 0.579045
vt 0.674265 0.606327
vt 0.662939 0.572774
vt 0.608458 0.521092
vt 0.584143 0.520095
vt 0.513754 0.478020
vt 0.500778 0.486912
vt 0.495858 0.518542
vt 0.509055 0.542091
vt 0.553773 0.557688
vt 0.581793 0.591560
vt 0.606063 0.627455
vt 0.633623 0.654389
vt 0.608155 0.641690
vt 0.604889 0.674080
vt 0.594017 0.622542
vt 0.553808 0.569526
vt 0.427507 0.563311
vt 0.442323 0.588063
vt 0.446858 0.606462
vt 0.426267 0.624092
vt 0.429069 0.639273
vt 0.461019 0.707235
vt 0.478867 0.719627
vt 0.473048 0.753470
vt 0.471549 0.740776
vt 0.477169 0.725269
vt 0.460152 0.714946
vt 0.453764 0.707313
vt 0.439662 0.683496
vt 0.426093 0.654909
vt 0.412894 0.635410
vt 0.403324 0.643565
vt 0.388440 0.652937
vt 0.375536 0.677960
vt 0.368091 0.700719
vt 0.359023 0.715667
vt 0.364761 0.688837
vt 0.375927 0.659797
vt 0.384663 0.641511
vt 0.400301 0.628729
vt 0.419929 0.612583
vt 0.437699 0.593270
vt 0.425639 0.576103
vt 0.420770 0.564641
vt 0.416869 0.525397
vt 0.474539 0.595109
vt 0.456686 0.598159
vt 0.451519 0.602323
vt 0.460344 0.618270
vt 0.455646 0.577656
vt 0.458147 0.567041
vt 0.451848 0.552452
vt 0.459670 0.511474
vt 0.466345 0.482457
vt 0.467942 0.463976
vt 0.464649 0.295542
vt 0.465813 0.253093
vt 0.466451 0.177283
vt 0.465912 0.113464
vt 0.443750 0.066867
vt 0.423758 0.046585
vt 0.573260 0.050300
vt 0.552177 0.064469
vt 0.528239 0.112132
vt 0.526904 0.194189
vt 0.526086 0.270765
vt 0.519564 0.322937
vt 0.511868 0.338045
vt 0.507176 0.374313
vt 0.505419 0.412269
vt 0.484274 0.543155
vt 0.509729 0.560985
vt 0.483985 0.554915
vt 0.498820 0.602560
vt 0.526796 0.667353
vt 0.519177 0.685065
vt 0.523186 0.703050
vt 0.572197 0.737266
vt 0.597559 0.751993
vt 0.621963 0.754861
vt 0.651373 0.754011
vt 0.667529 0.703404
vt 0.695254 0.692748
vt 0.674232 0.709793
vt 0.669435 0.732400
vt 0.661150 0.756832
vt 0.707449 0.756945
vt 0.745851 0.737433
vt 0.711059 0.769818
vt 0.689975 0.767961
vt 0.649313 0.765591
vt 0.623822 0.767386
vt 0.626382 0.782464
vt 0.608021 0.799103
vt 0.610730 0.812825
vt 0.631231 0.844734
vt 0.645999 0.875943
vt 0.647629 0.917178
vt 0.658475 0.934520
vt 0.666641 0.954165
vt 0.639557 0.927747
vt 0.639562 0.891417
vt 0.633313 0.871892
vt 0.615251 0.887930
vt 0.589121 0.914490
vt 0.583031 0.925895
vt 0.575652 0.944847
vt 0.575103 0.918532
vt 0.613193 0.880212
vt 0.629266 0.861564
vt 0.617694 0.841802
vt 0.594054 0.810198
vt 0.567472 0.814634
vt 0.541960 0.816859
vt 0.513349 0.810275
vt 0.544198 0.808469
vt 0.589382 0.802670
vt 0.606935 0.782001
vt 0.605731 0.772408
vt 0.596284 0.763637
vt 0.575520 0.756148
vt 0.550726 0.746679
vt 0.537938 0.736184
vt 0.510874 0.715281
vt 0.499915 0.714733
vt 0.492766 0.725415
vt 0.516693 0.739452
vt 0.524619 0.753196
vt 0.487224 0.731669
vt 0.487089 0.742685
vt 0.493860 0.781444
vt 0.494108 0.795980
vt 0.482894 0.813849
vt 0.480383 0.828357
vt 0.489594 0.843899
vt 0.502437 0.854932
vt 0.544928 0.866937
vt 0.558382 0.863538
vt 0.578868 0.858009
vt 0.551757 0.877248
vt 0.519687 0.866631
vt 0.495768 0.864654
vt 0.498622 0.884119
vt 0.502886 0.897942
vt 0.514747 0.910690
vt 0.521164 0.920533
vt 0.503046 0.911166
vt 0.488109 0.890636
vt 0.486340 0.858818
vt 0.470322 0.836228
vt 0.466408 0.841825
vt 0.459851 0.869795
vt 0.446637 0.886804
vt 0.431533 0.907959
vt 0.424078 0.960465
vt 0.422787 0.909216
vt 0.432215 0.892286
vt 0.447177 0.871272
vt 0.426847 0.874127
vt 0.400990 0.873344
vt 0.373442 0.872562
vt 0.353223 0.872735
vt 0.337477 0.894554
vt 0.317341 0.919512
vt 0.341557 0.872861
vt 0.329723 0.870484
vt 0.314772 0.863427
vt 0.288665 0.848055
vt 0.267086 0.825948
vt 0.310909 0.854593
vt 0.332283 0.862637
vt 0.378303 0.864409
vt 0.401804 0.863883
vt 0.379882 0.821604
vt 0.370070 0.801838
vt 0.375002 0.775853
vt 0.377278 0.802151
vt 0.405035 0.854434
vt 0.415574 0.865622
vt 0.440726 0.866010
vt 0.452115 0.856543
vt 0.459623 0.835796
vt 0.470294 0.815130
vt 0.483215 0.787041
vt 0.481526 0.771109
vt 0.491676 0.696649
vt 0.500616 0.664999
vt 0.489650 0.632211
s 0
usemtl Material.008
f 1888/1551/511 2107/1552/511 2108/1553/511 2109/1554/511 2110/1555/511 2101/1556/511 2102/1557/511 2103/1558/511 2100/1559/511 2094/1560/511 1903/1561/511 1902/1562/511 1901/1563/511 1900/1564/511 1899/1565/511 1898/1566/511 1897/1567/511 1896/1568/511 1895/1569/511 1894/1570/511 1893/1571/511 1892/1572/511 1891/1573/511 1890/1574/511 1889/1575/511
f 2040/1576/511 2112/1577/511 2113/1578/511 2114/1579/511 2115/1580/511 2117/1581/511 2118/1582/511 2119/1583/511 2120/1584/511 2121/1585/511 2122/1586/511 2123/1587/511 2124/1588/511 2116/1589/511 2080/1590/511 2079/1591/511 2078/1592/511 2077/1593/511 2076/1594/511 2075/1595/511 2074/1596/511 2073/1597/511 2072/1598/511 2071/1599/511 2070/1600/511 2069/1601/511 2068/1602/511 2067/1603/511 2066/1604/511 2065/1605/511 2064/1606/511 2063/1607/511 2062/1608/511 2061/1609/511 2060/1610/511 2059/1611/511 2058/1612/511 2057/1613/511 2056/1614/511 2055/1615/511 2054/1616/511 2053/1617/511 2052/1618/511 2051/1619/511 2050/1620/511 2049/1621/511 2048/1622/511 2047/1623/511 2046/1624/511 2045/1625/511 2044/1626/511 2043/1627/511 2042/1628/511 2041/1629/511
f 1903/1561/511 2094/1560/511 2095/1630/511 2096/1631/511 2093/1632/511 1880/1633/511 1878/1634/511 1879/1635/511 1881/1636/511 1925/1637/511 1924/1638/511 1923/1639/511 1922/1640/511 1921/1641/511 1920/1642/511 1919/1643/511 1918/1644/511 1917/1645/511 1916/1646/511 1915/1647/511 1914/1648/511 1913/1649/511 1912/1650/511 1911/1651/511 1910/1652/511 1909/1653/511 1908/1654/511 1907/1655/511 1906/1656/511 1905/1657/511 1904/1658/511
f 2089/1659/511 2090/1660/511 2091/1661/511 2092/1662/511 2093/1632/511 2096/1631/511 2097/1663/511 2098/1664/511 2099/1665/511 2100/1559/511 2103/1558/511 2104/1666/511 2105/1667/511 2106/1668/511 2107/1552/511 1888/1551/511 1887/1669/511 1886/1670/511 1885/1671/511 1884/1672/511 1883/1673/511 1882/1674/511 2085/1675/511 2084/1676/511 2083/1677/511 2082/1678/511 2081/1679/511 2080/1590/511 2116/1589/511 2125/1680/511 2126/1681/511 2127/1682/511 2128/1683/511 2115/1580/511 2114/1579/511 2111/1684/511 2112/1577/511 2039/1685/511 2038/1686/511 2037/1687/511 2036/1688/511 2035/1689/511 2034/1690/511 2033/1691/511 2032/1692/511 2031/1693/511 2030/1694/511 2029/1695/511 2028/1696/511 2027/1697/511 2026/1698/511 2025/1699/511 2024/1700/511 2023/1701/511 2022/1702/511 2021/1703/511 2020/1704/511 2019/1705/511 2018/1706/511 2017/1707/511 2016/1708/511 2015/1709/511 2014/1710/511 2013/1711/511 2012/1712/511 2011/1713/511 2010/1714/511 2009/1715/511 2008/1716/511 2007/1717/511 2006/1718/511 2005/1719/511 2004/1720/511 2003/1721/511 2002/1722/511 2001/1723/511 2000/1724/511 1999/1725/511 1998/1726/511 1997/1727/511 1996/1728/511 1995/1729/511 1994/1730/511 1993/1731/511 1992/1732/511 1991/1733/511 1990/1734/511 1989/1735/511 1988/1736/511 1987/1737/511 1986/1738/511 1985/1739/511 1984/1740/511 1983/1741/511 1982/1742/511 1981/1743/511 1980/1744/511 1979/1745/511 1978/1746/511 1977/1747/511 1976/1748/511 1975/1749/511 1974/1750/511 1973/1751/511 1972/1752/511 1971/1753/511 1970/1754/511 1969/1755/511 1968/1756/511 1967/1757/511 1966/1758/511 1965/1759/511 1964/1760/511 1963/1761/511 1962/1762/511 1961/1763/511 1960/1764/511 1959/1765/511 1958/1766/511 1957/1767/511 1956/1768/511 1955/1769/511 1954/1770/511 1953/1771/511 1952/1772/511 1951/1773/511 1950/1774/511 1949/1775/511 1948/1776/511 1947/1777/511 1946/1778/511 1945/1779/511 1944/1780/511 1943/1781/511 1942/1782/511 1941/1783/511 1940/1784/511 1939/1785/511 1938/1786/511 1937/1787/511 1936/1788/511 1935/1789/511 1934/1790/511 1933/1791/511 1932/1792/511 1931/1793/511 1930/1794/511 1929/1795/511 1928/1796/511 1927/1797/511 1926/1798/511 1925/1637/511 1881/1636/511 2086/1799/511 2087/1800/511 2088/1801/511
o Plane.007
v -0.496805 2.028736 2.099293
v -0.630072 2.262350 2.039557
v -0.485118 1.976552 2.104531
v -0.704520 2.304945 2.006187
v -0.474650 -0.008566 2.109223
v -0.558039 0.061149 2.071845
v -0.650484 0.221323 2.030408
v -0.652732 0.440693 2.029401
v -0.650072 0.701282 2.030593
v -0.645215 0.847197 2.032770
v -0.585029 1.194697 2.059747
v -0.589823 1.243051 2.057598
v -0.560133 1.280850 2.070907
v -0.608425 1.336565 2.049260
v -0.551716 1.397372 2.074679
v -0.410014 1.492262 2.138196
v -0.301463 1.578441 2.186852
v -0.088166 1.585569 2.282460
v 0.038040 1.537455 2.339031
v -0.073754 1.615974 2.288920
v -0.176914 1.616170 2.242680
v -0.297820 1.610768 2.188485
v -0.340289 1.606989 2.169449
v -0.379301 1.552001 2.151962
v -0.441262 1.511824 2.124189
v -0.431817 1.573337 2.128423
v -0.445916 1.637300 2.122103
v -0.462188 1.772197 2.114809
v -0.482497 1.811598 2.105706
v -0.532801 1.870607 2.083158
v -0.458680 1.936991 2.116382
v -0.376808 1.992492 2.153080
v -0.311577 2.036428 2.182319
v -0.275138 2.099285 2.198652
v -0.228562 2.199109 2.219529
v -0.204629 2.291333 2.230257
v -0.242452 2.239952 2.213304
v -0.273507 2.161718 2.199383
v -0.327333 2.075705 2.175257
v -0.389416 2.043491 2.147429
v -0.429334 2.015460 2.129536
v -0.484388 2.082485 2.104858
v -0.540987 2.180750 2.079489
v -0.599811 2.262616 2.053122
v -0.626458 2.288855 2.041177
v -0.697439 2.324338 2.009361
v -0.673996 2.377643 2.019869
v -0.680250 2.421277 2.017066
v -0.715612 2.481908 2.001215
v -0.722658 2.536675 1.998057
v -0.668763 2.633227 2.022214
v -0.624252 2.704263 2.042166
v -0.592932 2.775580 2.056205
v -0.545428 2.808123 2.077498
v -0.440512 2.806788 2.124526
v -0.396554 2.768331 2.144229
v -0.280773 2.588613 2.196127
v -0.271278 2.498218 2.200382
v -0.250708 2.587537 2.209603
v -0.291636 2.655481 2.191257
v -0.383074 2.800810 2.150271
v -0.285049 2.802618 2.194210
v -0.093090 2.796526 2.280253
v -0.003933 2.768878 2.320217
v 0.178861 2.670415 2.402152
v 0.088850 2.746404 2.361805
v -0.020046 2.799243 2.312994
v -0.082411 2.823500 2.285040
v -0.131773 2.831670 2.262914
v -0.030765 2.992028 2.308189
v -0.114754 2.906239 2.270542
v -0.180433 2.831238 2.241103
v -0.264772 2.830643 2.203299
v -0.379679 2.833331 2.151793
v -0.487536 2.836024 2.103447
v -0.572335 2.826209 2.065438
v -0.509928 2.898444 2.093410
v -0.470599 2.956636 2.111039
v -0.475984 3.132802 2.108625
v -0.507081 2.952316 2.094687
v -0.570084 2.879599 2.066446
v -0.625203 2.821132 2.041740
v -0.652553 2.724988 2.029481
v -0.668879 2.705748 2.022163
v -0.735693 2.783399 1.992214
v -0.743073 2.892772 1.988906
v -0.805378 2.963341 1.960979
v -0.880950 2.995541 1.927105
v -0.854184 2.961704 1.939102
v -0.804711 2.917885 1.961277
v -0.786924 2.870370 1.969250
v -0.775019 2.803463 1.974587
v -0.874789 2.810256 1.929866
v -1.008559 2.846751 1.869905
v -1.121646 2.780620 1.819215
v -1.036194 2.799626 1.857518
v -0.980074 2.811310 1.882673
v -0.802836 2.770041 1.962118
v -0.749265 2.732119 1.986131
v -0.710844 2.678692 2.003352
v -0.721317 2.628825 1.998658
v -0.768094 2.567401 1.977691
v -0.767061 2.517433 1.978154
v -0.738818 2.384204 1.990813
v -0.739379 2.346339 1.990562
v -0.895363 2.420335 1.920644
v -0.862300 2.373092 1.935464
v -0.762498 2.324841 1.980199
v -0.792317 2.288123 1.966833
v -0.838027 2.290007 1.946344
v -0.950918 2.361858 1.895742
v -1.004260 2.397935 1.871832
v -1.107680 2.430484 1.825475
v -1.194291 2.456224 1.786653
v -1.233696 2.486373 1.768991
v -1.238720 2.519350 1.766738
v -1.165502 2.590398 1.799558
v -0.977028 2.610331 1.884039
v -0.848353 2.616539 1.941716
v -0.967694 2.639170 1.888222
v -1.074111 2.631521 1.840523
v -1.184991 2.616272 1.790822
v -1.283597 2.724908 1.746623
v -1.331867 2.792840 1.724986
v -1.264822 2.856940 1.755038
v -1.105940 2.988661 1.826255
v -1.108232 3.079116 1.825228
v -1.139012 3.013969 1.811431
v -1.164412 2.974768 1.800046
v -1.273407 2.883469 1.751191
v -1.348746 2.828341 1.717421
v -1.374811 2.895456 1.705737
v -1.374793 3.020338 1.705745
v -1.487764 3.111147 1.655108
v -1.453703 3.043618 1.670375
v -1.408461 2.984005 1.690654
v -1.401664 2.842265 1.693701
v -1.340063 2.734989 1.721313
v -1.254549 2.625305 1.759643
v -1.243249 2.578137 1.764708
v -1.319838 2.520941 1.730378
v -1.309157 2.469113 1.735166
v -1.415485 2.462942 1.687505
v -1.585095 2.471087 1.611480
v -1.673041 2.477473 1.572059
v -1.818164 2.366153 1.507010
v -1.657984 2.433221 1.578808
v -1.464861 2.432835 1.665374
v -1.499420 2.348852 1.649883
v -1.519428 2.271141 1.640914
v -1.607115 2.212550 1.601610
v -1.491468 2.249179 1.653447
v -1.424077 2.423136 1.683654
v -1.301404 2.426057 1.738641
v -1.199610 2.416199 1.784269
v -1.093822 2.365578 1.831687
v -0.889386 2.247965 1.923323
v -0.872664 2.186142 1.930819
v -0.904443 2.125258 1.916574
v -0.787748 1.902541 1.968881
v -0.725869 1.738765 1.996618
v -0.833252 1.759630 1.948485
v -0.869590 1.742519 1.932196
v -1.017114 1.788987 1.866071
v -1.184834 1.971224 1.790892
v -1.230184 2.148382 1.770565
v -1.243809 2.037046 1.764457
v -1.350040 2.080696 1.716841
v -1.235080 1.988112 1.768370
v -1.133848 1.864728 1.813746
v -1.016968 1.748298 1.866136
v -0.830439 1.694682 1.949745
v -0.775393 1.613735 1.974419
v -0.795916 1.505010 1.965220
v -0.850042 1.474447 1.940958
v -1.143647 1.619073 1.809353
v -1.245070 1.622503 1.763892
v -1.472324 1.800152 1.662028
v -1.519566 1.915488 1.640853
v -1.522200 1.821709 1.639672
v -1.393557 1.690337 1.697335
v -1.332252 1.629833 1.724814
v -1.509087 1.652274 1.645550
v -1.710067 1.631223 1.555463
v -1.578701 1.620799 1.614346
v -1.415500 1.614710 1.687499
v -1.186689 1.587385 1.790061
v -1.083695 1.551842 1.836227
v -1.060170 1.533145 1.846771
v -1.158160 1.408953 1.802848
v -1.170715 1.310017 1.797221
v -1.169137 1.235853 1.797928
v -1.303597 1.276497 1.737658
v -1.460912 1.293981 1.667144
v -1.559943 1.239936 1.622754
v -1.683336 1.233025 1.567445
v -1.607209 1.208251 1.601568
v -1.516089 1.230668 1.642411
v -1.462976 1.260313 1.666219
v -1.321144 1.237520 1.729793
v -1.165627 1.194264 1.799501
v -1.086115 1.088869 1.835142
v -0.945288 0.888275 1.898266
v -0.901480 0.762029 1.917902
v -0.904893 0.498806 1.916372
v -0.910460 0.216744 1.913877
v -1.010314 0.052906 1.869119
v -1.098254 0.004203 1.829700
v -0.757947 2.225961 1.982239
v -0.795240 2.117169 1.965523
v -0.749500 2.004462 1.986025
v -0.686470 1.876929 2.014278
v -0.611998 1.887411 2.047659
v -0.590447 1.901724 2.057319
v -0.627259 1.956543 2.040818
v -0.571004 1.915951 2.066034
v -0.475384 1.659919 2.108894
v -0.490289 1.767625 2.102213
v -0.552089 1.852708 2.074512
v -0.607661 1.816935 2.049603
v -0.618093 1.780449 2.044927
v -0.591819 1.730299 2.056704
v -0.600128 1.707210 2.052979
v -0.473884 1.610391 2.109567
v -0.540226 1.655423 2.079830
v -0.610904 1.677131 2.048149
v -0.624446 1.589443 2.042079
v -0.652289 1.489697 2.029599
v -0.658951 1.426172 2.026613
v -0.620771 1.406675 2.043726
v -0.569460 1.424761 2.066726
v -0.486333 1.486470 2.103987
v -0.470731 1.548491 2.110980
v -0.727074 1.698340 1.996077
v -0.805734 1.729553 1.960819
v -0.765224 1.684925 1.978977
v -0.746865 1.660624 1.987206
v -0.833130 1.324843 1.948539
v -0.923136 0.974498 1.908195
v -0.848799 1.383106 1.941516
v -0.986620 1.491967 1.879739
v -1.026663 1.518872 1.861790
v -1.125101 1.405298 1.817667
v -1.120420 1.289121 1.819765
v -1.113223 1.246040 1.822991
v -1.100700 1.190967 1.828604
v -0.941906 1.000436 1.899781
v -0.874277 0.941363 1.930095
v -0.842174 0.993299 1.944485
v -0.822605 1.117962 1.953257
v -0.815274 1.248434 1.956543
vn 0.4090 -0.0000 -0.9125
vt 0.450220 0.396636
vt 0.458789 0.458304
vt 0.446488 0.463566
vt 0.426559 0.481518
vt 0.422818 0.499561
vt 0.423575 0.517569
vt 0.439479 0.530669
vt 0.456423 0.536985
vt 0.453840 0.545735
vt 0.423934 0.531977
vt 0.413489 0.506789
vt 0.415753 0.488894
vt 0.400899 0.500582
vt 0.391546 0.516579
vt 0.381365 0.517678
vt 0.352379 0.519250
vt 0.327647 0.519193
vt 0.300846 0.496350
vt 0.331103 0.510348
vt 0.382238 0.508274
vt 0.408262 0.483203
vt 0.442234 0.455598
vt 0.455829 0.437908
vt 0.444251 0.421699
vt 0.451369 0.410703
vt 0.518441 0.556007
vt 0.503132 0.552236
vt 0.493420 0.539252
vt 0.489018 0.532183
vt 0.509699 0.434498
vt 0.513456 0.451448
vt 0.546497 0.483117
vt 0.556097 0.490944
vt 0.579696 0.457904
vt 0.578574 0.424106
vt 0.576849 0.411573
vt 0.573847 0.395551
vt 0.535778 0.340122
vt 0.531278 0.332576
vt 0.536588 0.307493
vt 0.570350 0.365849
vt 0.589412 0.396510
vt 0.626696 0.409094
vt 0.660698 0.415725
vt 0.673432 0.407101
vt 0.695277 0.400579
vt 0.713527 0.407786
vt 0.683945 0.409797
vt 0.660203 0.425520
vt 0.622489 0.420433
vt 0.590254 0.408609
vt 0.590632 0.430185
vt 0.587622 0.458967
vt 0.564130 0.495096
vt 0.569770 0.500536
vt 0.594461 0.510876
vt 0.649316 0.518825
vt 0.688442 0.520597
vt 0.719936 0.523629
vt 0.671753 0.529753
vt 0.629359 0.523225
vt 0.644056 0.540826
vt 0.674897 0.579045
vt 0.674265 0.606327
vt 0.662939 0.572774
vt 0.608458 0.521092
vt 0.584143 0.520095
vt 0.513754 0.478020
vt 0.500778 0.486912
vt 0.495858 0.518542
vt 0.509055 0.542091
vt 0.553773 0.557688
vt 0.581793 0.591560
vt 0.606063 0.627455
vt 0.633623 0.654389
vt 0.608155 0.641690
vt 0.604889 0.674080
vt 0.594017 0.622542
vt 0.553808 0.569526
vt 0.427507 0.563311
vt 0.442323 0.588063
vt 0.446858 0.606462
vt 0.426267 0.624092
vt 0.429069 0.639273
vt 0.461019 0.707235
vt 0.478867 0.719627
vt 0.473048 0.753470
vt 0.471549 0.740776
vt 0.477169 0.725269
vt 0.460152 0.714946
vt 0.453764 0.707313
vt 0.439662 0.683496
vt 0.426093 0.654909
vt 0.412894 0.635410
vt 0.403324 0.643565
vt 0.388440 0.652937
vt 0.375536 0.677960
vt 0.368091 0.700719
vt 0.359023 0.715667
vt 0.364761 0.688837
vt 0.375927 0.659797
vt 0.384663 0.641511
vt 0.400301 0.628729
vt 0.419929 0.612583
vt 0.437699 0.593270
vt 0.425639 0.576103
vt 0.420770 0.564641
vt 0.416869 0.525397
vt 0.474539 0.595109
vt 0.456686 0.598159
vt 0.451519 0.602323
vt 0.460344 0.618270
vt 0.455646 0.577656
vt 0.458147 0.567041
vt 0.451848 0.552452
vt 0.459670 0.511474
vt 0.466345 0.482457
vt 0.467942 0.463976
vt 0.464649 0.295542
vt 0.465813 0.253093
vt 0.466451 0.177283
vt 0.465912 0.113464
vt 0.443750 0.066867
vt 0.423758 0.046585
vt 0.573260 0.050300
vt 0.552177 0.064469
vt 0.528239 0.112132
vt 0.526904 0.194189
vt 0.526086 0.270765
vt 0.519564 0.322937
vt 0.511868 0.338045
vt 0.507176 0.374313
vt 0.505419 0.412269
vt 0.484274 0.543155
vt 0.509729 0.560985
vt 0.483985 0.554915
vt 0.498820 0.602560
vt 0.526796 0.667353
vt 0.519177 0.685065
vt 0.523186 0.703050
vt 0.572197 0.737266
vt 0.597559 0.751993
vt 0.621963 0.754861
vt 0.651373 0.754011
vt 0.667529 0.703404
vt 0.695254 0.692748
vt 0.674232 0.709793
vt 0.669435 0.732400
vt 0.661150 0.756832
vt 0.707449 0.756945
vt 0.745851 0.737433
vt 0.711059 0.769818
vt 0.689975 0.767961
vt 0.649313 0.765591
vt 0.623822 0.767386
vt 0.626382 0.782464
vt 0.608021 0.799103
vt 0.610730 0.812825
vt 0.631231 0.844734
vt 0.645999 0.875943
vt 0.647629 0.917178
vt 0.658475 0.934520
vt 0.666641 0.954165
vt 0.639557 0.927747
vt 0.639562 0.891417
vt 0.633313 0.871892
vt 0.615251 0.887930
vt 0.589121 0.914490
vt 0.583031 0.925895
vt 0.575652 0.944847
vt 0.575103 0.918532
vt 0.613193 0.880212
vt 0.629266 0.861564
vt 0.617694 0.841802
vt 0.594054 0.810198
vt 0.567472 0.814634
vt 0.541960 0.816859
vt 0.513349 0.810275
vt 0.544198 0.808469
vt 0.589382 0.802670
vt 0.606935 0.782001
vt 0.605731 0.772408
vt 0.596284 0.763637
vt 0.575520 0.756148
vt 0.550726 0.746679
vt 0.537938 0.736184
vt 0.510874 0.715281
vt 0.499915 0.714733
vt 0.492766 0.725415
vt 0.516693 0.739452
vt 0.524619 0.753196
vt 0.487224 0.731669
vt 0.487089 0.742685
vt 0.493860 0.781444
vt 0.494108 0.795980
vt 0.482894 0.813849
vt 0.480383 0.828357
vt 0.489594 0.843899
vt 0.502437 0.854932
vt 0.544928 0.866937
vt 0.558382 0.863538
vt 0.578868 0.858009
vt 0.551757 0.877248
vt 0.519687 0.866631
vt 0.495768 0.864654
vt 0.498622 0.884119
vt 0.502886 0.897942
vt 0.514747 0.910690
vt 0.521164 0.920533
vt 0.503046 0.911166
vt 0.488109 0.890636
vt 0.486340 0.858818
vt 0.470322 0.836228
vt 0.466408 0.841825
vt 0.459851 0.869795
vt 0.446637 0.886804
vt 0.431533 0.907959
vt 0.424078 0.960465
vt 0.422787 0.909216
vt 0.432215 0.892286
vt 0.447177 0.871272
vt 0.426847 0.874127
vt 0.400990 0.873344
vt 0.373442 0.872562
vt 0.353223 0.872735
vt 0.337477 0.894554
vt 0.317341 0.919512
vt 0.341557 0.872861
vt 0.329723 0.870484
vt 0.314772 0.863427
vt 0.288665 0.848055
vt 0.267086 0.825948
vt 0.310909 0.854593
vt 0.332283 0.862637
vt 0.378303 0.864409
vt 0.401804 0.863883
vt 0.379882 0.821604
vt 0.370070 0.801838
vt 0.375002 0.775853
vt 0.377278 0.802151
vt 0.405035 0.854434
vt 0.415574 0.865622
vt 0.440726 0.866010
vt 0.452115 0.856543
vt 0.459623 0.835796
vt 0.470294 0.815130
vt 0.483215 0.787041
vt 0.481526 0.771109
vt 0.491676 0.696649
vt 0.500616 0.664999
vt 0.489650 0.632211
s 0
usemtl Material.009
f 2139/1802/512 2358/1803/512 2359/1804/512 2360/1805/512 2361/1806/512 2352/1807/512 2353/1808/512 2354/1809/512 2351/1810/512 2345/1811/512 2154/1812/512 2153/1813/512 2152/1814/512 2151/1815/512 2150/1816/512 2149/1817/512 2148/1818/512 2147/1819/512 2146/1820/512 2145/1821/512 2144/1822/512 2143/1823/512 2142/1824/512 2141/1825/512 2140/1826/512
f 2291/1827/512 2363/1828/512 2364/1829/512 2365/1830/512 2366/1831/512 2368/1832/512 2369/1833/512 2370/1834/512 2371/1835/512 2372/1836/512 2373/1837/512 2374/1838/512 2375/1839/512 2367/1840/512 2331/1841/512 2330/1842/512 2329/1843/512 2328/1844/512 2327/1845/512 2326/1846/512 2325/1847/512 2324/1848/512 2323/1849/512 2322/1850/512 2321/1851/512 2320/1852/512 2319/1853/512 2318/1854/512 2317/1855/512 2316/1856/512 2315/1857/512 2314/1858/512 2313/1859/512 2312/1860/512 2311/1861/512 2310/1862/512 2309/1863/512 2308/1864/512 2307/1865/512 2306/1866/512 2305/1867/512 2304/1868/512 2303/1869/512 2302/1870/512 2301/1871/512 2300/1872/512 2299/1873/512 2298/1874/512 2297/1875/512 2296/1876/512 2295/1877/512 2294/1878/512 2293/1879/512 2292/1880/512
f 2154/1812/512 2345/1811/512 2346/1881/512 2347/1882/512 2344/1883/512 2131/1884/512 2129/1885/512 2130/1886/512 2132/1887/512 2176/1888/512 2175/1889/512 2174/1890/512 2173/1891/512 2172/1892/512 2171/1893/512 2170/1894/512 2169/1895/512 2168/1896/512 2167/1897/512 2166/1898/512 2165/1899/512 2164/1900/512 2163/1901/512 2162/1902/512 2161/1903/512 2160/1904/512 2159/1905/512 2158/1906/512 2157/1907/512 2156/1908/512 2155/1909/512
f 2340/1910/512 2341/1911/512 2342/1912/512 2343/1913/512 2344/1883/512 2347/1882/512 2348/1914/512 2349/1915/512 2350/1916/512 2351/1810/512 2354/1809/512 2355/1917/512 2356/1918/512 2357/1919/512 2358/1803/512 2139/1802/512 2138/1920/512 2137/1921/512 2136/1922/512 2135/1923/512 2134/1924/512 2133/1925/512 2336/1926/512 2335/1927/512 2334/1928/512 2333/1929/512 2332/1930/512 2331/1841/512 2367/1840/512 2376/1931/512 2377/1932/512 2378/1933/512 2379/1934/512 2366/1831/512 2365/1830/512 2362/1935/512 2363/1828/512 2290/1936/512 2289/1937/512 2288/1938/512 2287/1939/512 2286/1940/512 2285/1941/512 2284/1942/512 2283/1943/512 2282/1944/512 2281/1945/512 2280/1946/512 2279/1947/512 2278/1948/512 2277/1949/512 2276/1950/512 2275/1951/512 2274/1952/512 2273/1953/512 2272/1954/512 2271/1955/512 2270/1956/512 2269/1957/512 2268/1958/512 2267/1959/512 2266/1960/512 2265/1961/512 2264/1962/512 2263/1963/512 2262/1964/512 2261/1965/512 2260/1966/512 2259/1967/512 2258/1968/512 2257/1969/512 2256/1970/512 2255/1971/512 2254/1972/512 2253/1973/512 2252/1974/512 2251/1975/512 2250/1976/512 2249/1977/512 2248/1978/512 2247/1979/512 2246/1980/512 2245/1981/512 2244/1982/512 2243/1983/512 2242/1984/512 2241/1985/512 2240/1986/512 2239/1987/512 2238/1988/512 2237/1989/512 2236/1990/512 2235/1991/512 2234/1992/512 2233/1993/512 2232/1994/512 2231/1995/512 2230/1996/512 2229/1997/512 2228/1998/512 2227/1999/512 2226/2000/512 2225/2001/512 2224/2002/512 2223/2003/512 2222/2004/512 2221/2005/512 2220/2006/512 2219/2007/512 2218/2008/512 2217/2009/512 2216/2010/512 2215/2011/512 2214/2012/512 2213/2013/512 2212/2014/512 2211/2015/512 2210/2016/512 2209/2017/512 2208/2018/512 2207/2019/512 2206/2020/512 2205/2021/512 2204/2022/512 2203/2023/512 2202/2024/512 2201/2025/512 2200/2026/512 2199/2027/512 2198/2028/512 2197/2029/512 2196/2030/512 2195/2031/512 2194/2032/512 2193/2033/512 2192/2034/512 2191/2035/512 2190/2036/512 2189/2037/512 2188/2038/512 2187/2039/512 2186/2040/512 2185/2041/512 2184/2042/512 2183/2043/512 2182/2044/512 2181/2045/512 2180/2046/512 2179/2047/512 2178/2048/512 2177/2049/512 2176/1888/512 2132/1887/512 2337/2050/512 2338/2051/512 2339/2052/512
o Plane.008
v -3.488133 3.855136 -2.308536
v -3.296171 4.296825 -2.387685
v -3.504967 3.756473 -2.301594
v -3.188933 4.377357 -2.431901
v -3.520045 0.003253 -2.295377
v -3.399929 0.135062 -2.344904
v -3.266768 0.437900 -2.399808
v -3.263531 0.852657 -2.401143
v -3.267362 1.345348 -2.399563
v -3.274359 1.621226 -2.396678
v -3.361052 2.278236 -2.360933
v -3.354146 2.369658 -2.363781
v -3.396914 2.441124 -2.346147
v -3.327352 2.546464 -2.374829
v -3.409037 2.661428 -2.341148
v -3.613149 2.840837 -2.256989
v -3.769509 3.003773 -2.192519
v -4.076748 3.017250 -2.065840
v -4.258540 2.926280 -1.990884
v -4.097508 3.074735 -2.057280
v -3.948912 3.075107 -2.118548
v -3.774756 3.064893 -2.190356
v -3.713583 3.057747 -2.215579
v -3.657389 2.953784 -2.238749
v -3.568139 2.877820 -2.275548
v -3.581743 2.994123 -2.269939
v -3.561435 3.115055 -2.278312
v -3.537995 3.370102 -2.287977
v -3.508743 3.444597 -2.300038
v -3.436284 3.556164 -2.329914
v -3.543049 3.681676 -2.285893
v -3.660979 3.786610 -2.237268
v -3.754941 3.869679 -2.198526
v -3.807428 3.988521 -2.176885
v -3.874518 4.177255 -2.149223
v -3.908991 4.351621 -2.135009
v -3.854511 4.254477 -2.157472
v -3.809778 4.106563 -2.175916
v -3.732246 3.943939 -2.207884
v -3.642819 3.883033 -2.244756
v -3.585320 3.830034 -2.268464
v -3.506018 3.956758 -2.301162
v -3.424491 4.142546 -2.334776
v -3.339761 4.297328 -2.369712
v -3.301376 4.346937 -2.385539
v -3.199134 4.414024 -2.427695
v -3.232902 4.514807 -2.413772
v -3.223893 4.597303 -2.417486
v -3.172957 4.711937 -2.438488
v -3.162808 4.815486 -2.442673
v -3.240439 4.998034 -2.410664
v -3.304555 5.132340 -2.384228
v -3.349668 5.267177 -2.365627
v -3.418095 5.328706 -2.337414
v -3.569219 5.326181 -2.275102
v -3.632537 5.253471 -2.248995
v -3.799312 4.913683 -2.180231
v -3.812988 4.742775 -2.174592
v -3.842618 4.911648 -2.162375
v -3.783664 5.040109 -2.186683
v -3.651954 5.314879 -2.240989
v -3.793153 5.318296 -2.182771
v -4.069655 5.306780 -2.068764
v -4.198080 5.254506 -2.015812
v -4.461381 5.068343 -1.907248
v -4.331728 5.212014 -1.960707
v -4.174870 5.311917 -2.025382
v -4.085038 5.357778 -2.062422
v -4.013936 5.373226 -2.091738
v -4.159431 5.676412 -2.031748
v -4.038450 5.514212 -2.081630
v -3.943845 5.372408 -2.120638
v -3.822361 5.371283 -2.170728
v -3.656844 5.376367 -2.238973
v -3.501484 5.381456 -2.303031
v -3.379338 5.362900 -2.353394
v -3.469230 5.499474 -2.316330
v -3.525880 5.609497 -2.292972
v -3.518124 5.942570 -2.296170
v -3.473332 5.601328 -2.314639
v -3.382579 5.463844 -2.352057
v -3.303185 5.353301 -2.384793
v -3.263789 5.171523 -2.401037
v -3.240272 5.135146 -2.410733
v -3.144031 5.281960 -2.450415
v -3.133401 5.488749 -2.454798
v -3.043655 5.622172 -2.491802
v -2.934800 5.683052 -2.536685
v -2.973353 5.619078 -2.520788
v -3.044616 5.536230 -2.491405
v -3.070236 5.446395 -2.480842
v -3.087385 5.319894 -2.473771
v -2.943674 5.332738 -2.533026
v -2.750987 5.401738 -2.612474
v -2.588093 5.276706 -2.679638
v -2.711181 5.312641 -2.628886
v -2.792017 5.334730 -2.595556
v -3.047317 5.256704 -2.490292
v -3.124482 5.185005 -2.458475
v -3.179825 5.083993 -2.435656
v -3.164739 4.989711 -2.441877
v -3.097361 4.873577 -2.469658
v -3.098848 4.779105 -2.469045
v -3.139530 4.527212 -2.452271
v -3.138722 4.455621 -2.452604
v -2.914038 4.595523 -2.545245
v -2.961664 4.506202 -2.525608
v -3.105420 4.414974 -2.466335
v -3.062469 4.345552 -2.484045
v -2.996626 4.349114 -2.511193
v -2.834015 4.484962 -2.578240
v -2.757180 4.553172 -2.609920
v -2.608210 4.614712 -2.671343
v -2.483453 4.663377 -2.722783
v -2.426694 4.720380 -2.746185
v -2.419456 4.782728 -2.749170
v -2.524922 4.917058 -2.705684
v -2.796405 4.954744 -2.593747
v -2.981753 4.966482 -2.517325
v -2.809850 5.009271 -2.588204
v -2.656565 4.994809 -2.651406
v -2.496849 4.965978 -2.717259
v -2.354814 5.171373 -2.775823
v -2.285285 5.299811 -2.804491
v -2.381858 5.421002 -2.764672
v -2.610717 5.670045 -2.670310
v -2.607415 5.841065 -2.671671
v -2.563079 5.717894 -2.689951
v -2.526492 5.643777 -2.705037
v -2.369493 5.471160 -2.769770
v -2.260972 5.366932 -2.814515
v -2.223427 5.493824 -2.829996
v -2.223453 5.729935 -2.829985
v -2.060727 5.901627 -2.897080
v -2.109789 5.773952 -2.876851
v -2.174956 5.661242 -2.849981
v -2.184747 5.393257 -2.845944
v -2.273479 5.190433 -2.809359
v -2.396656 4.983055 -2.758571
v -2.412932 4.893876 -2.751860
v -2.302612 4.785736 -2.797347
v -2.317997 4.687747 -2.791003
v -2.164839 4.676080 -2.854153
v -1.920528 4.691480 -2.954886
v -1.793848 4.703554 -3.007119
v -1.584808 4.493082 -3.093309
v -1.815536 4.619887 -2.998177
v -2.093717 4.619156 -2.883478
v -2.043937 4.460372 -2.904003
v -2.015116 4.313445 -2.915886
v -1.888810 4.202670 -2.967964
v -2.055390 4.271923 -2.899280
v -2.152462 4.600819 -2.859256
v -2.329165 4.606341 -2.786398
v -2.475792 4.587703 -2.725941
v -2.628172 4.491996 -2.663112
v -2.922648 4.269628 -2.541695
v -2.946734 4.152740 -2.531764
v -2.900959 4.037628 -2.550638
v -3.069050 3.616541 -2.481331
v -3.158182 3.306893 -2.444580
v -3.003505 3.346344 -2.508356
v -2.951162 3.313992 -2.529938
v -2.738664 3.401848 -2.617554
v -2.497075 3.746400 -2.717166
v -2.431752 4.081348 -2.744100
v -2.412127 3.870848 -2.752192
v -2.259108 3.953376 -2.815284
v -2.424699 3.778329 -2.747008
v -2.570517 3.545049 -2.686885
v -2.738874 3.324918 -2.617468
v -3.007556 3.223547 -2.506686
v -3.086847 3.070503 -2.473993
v -3.057284 2.864939 -2.486182
v -2.979319 2.807153 -2.518328
v -2.556402 3.080595 -2.692705
v -2.410309 3.087080 -2.752941
v -2.082966 3.422957 -2.887910
v -2.014917 3.641021 -2.915968
v -2.011123 3.463714 -2.917532
v -2.196424 3.215332 -2.841130
v -2.284730 3.100938 -2.804719
v -2.030012 3.143367 -2.909744
v -1.740514 3.103566 -3.029109
v -1.929738 3.083858 -2.951089
v -2.164817 3.072345 -2.854162
v -2.494404 3.020684 -2.718267
v -2.642760 2.953483 -2.657098
v -2.676645 2.918132 -2.643126
v -2.535498 2.683325 -2.701324
v -2.517412 2.496269 -2.708781
v -2.519686 2.356050 -2.707843
v -2.326006 2.432893 -2.787701
v -2.099405 2.465951 -2.881132
v -1.956757 2.363770 -2.939949
v -1.779018 2.350702 -3.013233
v -1.888674 2.303864 -2.968020
v -2.019926 2.346247 -2.913903
v -2.096432 2.402294 -2.882358
v -2.300730 2.359200 -2.798122
v -2.524741 2.277417 -2.705759
v -2.639272 2.078149 -2.658535
v -2.842125 1.698892 -2.574896
v -2.905226 1.460201 -2.548878
v -2.900310 0.962531 -2.550905
v -2.892291 0.429241 -2.554212
v -2.748459 0.119476 -2.613516
v -2.621787 0.027395 -2.665745
v -3.111976 4.228025 -2.463632
v -3.058258 4.022333 -2.485780
v -3.124143 3.809240 -2.458615
v -3.214934 3.568117 -2.421180
v -3.322205 3.587935 -2.376951
v -3.353248 3.614996 -2.364151
v -3.300222 3.718641 -2.386014
v -3.381254 3.641895 -2.352604
v -3.518988 3.157820 -2.295814
v -3.497519 3.361459 -2.304666
v -3.408500 3.522324 -2.341370
v -3.328452 3.454689 -2.374375
v -3.313425 3.385704 -2.380571
v -3.351272 3.290888 -2.364966
v -3.339303 3.247234 -2.369901
v -3.521148 3.064179 -2.294923
v -3.425587 3.149320 -2.334324
v -3.323781 3.190363 -2.376301
v -3.304275 3.024574 -2.384344
v -3.264168 2.835987 -2.400880
v -3.254573 2.715880 -2.404837
v -3.309568 2.679018 -2.382161
v -3.383478 2.713213 -2.351686
v -3.503216 2.829886 -2.302317
v -3.525691 2.947146 -2.293050
v -3.156446 3.230463 -2.445296
v -3.043143 3.289478 -2.492013
v -3.101494 3.205100 -2.467954
v -3.127939 3.159154 -2.457050
v -3.003680 2.524301 -2.508284
v -2.874032 1.861912 -2.561740
v -2.981110 2.634457 -2.517590
v -2.782588 2.840279 -2.599444
v -2.724909 2.891147 -2.623226
v -2.583117 2.676415 -2.681690
v -2.589859 2.456762 -2.678910
v -2.600225 2.375309 -2.674635
v -2.618264 2.271185 -2.667197
v -2.846995 1.910951 -2.572888
v -2.944410 1.799263 -2.532722
v -2.990652 1.897457 -2.513655
v -3.018840 2.133155 -2.502033
v -3.029400 2.379836 -2.497679
vn 0.3812 -0.0000 0.9245
vt 0.450220 0.396636
vt 0.458789 0.458304
vt 0.446488 0.463566
vt 0.426559 0.481518
vt 0.422818 0.499561
vt 0.423575 0.517569
vt 0.439479 0.530669
vt 0.456423 0.536985
vt 0.453840 0.545735
vt 0.423934 0.531977
vt 0.413489 0.506789
vt 0.415753 0.488894
vt 0.400899 0.500582
vt 0.391546 0.516579
vt 0.381365 0.517678
vt 0.352379 0.519250
vt 0.327647 0.519193
vt 0.300846 0.496350
vt 0.331103 0.510348
vt 0.382238 0.508274
vt 0.408262 0.483203
vt 0.442234 0.455598
vt 0.455829 0.437908
vt 0.444251 0.421699
vt 0.451369 0.410703
vt 0.518441 0.556007
vt 0.503132 0.552236
vt 0.493420 0.539252
vt 0.489018 0.532183
vt 0.509699 0.434498
vt 0.513456 0.451448
vt 0.546497 0.483117
vt 0.556097 0.490944
vt 0.579696 0.457904
vt 0.578574 0.424106
vt 0.576849 0.411573
vt 0.573847 0.395551
vt 0.535778 0.340122
vt 0.531278 0.332576
vt 0.536588 0.307493
vt 0.570350 0.365849
vt 0.589412 0.396510
vt 0.626696 0.409094
vt 0.660698 0.415725
vt 0.673432 0.407101
vt 0.695277 0.400579
vt 0.713527 0.407786
vt 0.683945 0.409797
vt 0.660203 0.425520
vt 0.622489 0.420433
vt 0.590254 0.408609
vt 0.590632 0.430185
vt 0.587622 0.458967
vt 0.564130 0.495096
vt 0.569770 0.500536
vt 0.594461 0.510876
vt 0.649316 0.518825
vt 0.688442 0.520597
vt 0.719936 0.523629
vt 0.671753 0.529753
vt 0.629359 0.523225
vt 0.644056 0.540826
vt 0.674897 0.579045
vt 0.674265 0.606327
vt 0.662939 0.572774
vt 0.608458 0.521092
vt 0.584143 0.520095
vt 0.513754 0.478020
vt 0.500778 0.486912
vt 0.495858 0.518542
vt 0.509055 0.542091
vt 0.553773 0.557688
vt 0.581793 0.591560
vt 0.606063 0.627455
vt 0.633623 0.654389
vt 0.608155 0.641690
vt 0.604889 0.674080
vt 0.594017 0.622542
vt 0.553808 0.569526
vt 0.427507 0.563311
vt 0.442323 0.588063
vt 0.446858 0.606462
vt 0.426267 0.624092
vt 0.429069 0.639273
vt 0.461019 0.707235
vt 0.478867 0.719627
vt 0.473048 0.753470
vt 0.471549 0.740776
vt 0.477169 0.725269
vt 0.460152 0.714946
vt 0.453764 0.707313
vt 0.439662 0.683496
vt 0.426093 0.654909
vt 0.412894 0.635410
vt 0.403324 0.643565
vt 0.388440 0.652937
vt 0.375536 0.677960
vt 0.368091 0.700719
vt 0.359023 0.715667
vt 0.364761 0.688837
vt 0.375927 0.659797
vt 0.384663 0.641511
vt 0.400301 0.628729
vt 0.419929 0.612583
vt 0.437699 0.593270
vt 0.425639 0.576103
vt 0.420770 0.564641
vt 0.416869 0.525397
vt 0.474539 0.595109
vt 0.456686 0.598159
vt 0.451519 0.602323
vt 0.460344 0.618270
vt 0.455646 0.577656
vt 0.458147 0.567041
vt 0.451848 0.552452
vt 0.459670 0.511474
vt 0.466345 0.482457
vt 0.467942 0.463976
vt 0.464649 0.295542
vt 0.465813 0.253093
vt 0.466451 0.177283
vt 0.465912 0.113464
vt 0.443750 0.066867
vt 0.423758 0.046585
vt 0.573260 0.050300
vt 0.552177 0.064469
vt 0.528239 0.112132
vt 0.526904 0.194189
vt 0.526086 0.270765
vt 0.519564 0.322937
vt 0.511868 0.338045
vt 0.507176 0.374313
vt 0.505419 0.412269
vt 0.484274 0.543155
vt 0.509729 0.560985
vt 0.483985 0.554915
vt 0.498820 0.602560
vt 0.526796 0.667353
vt 0.519177 0.685065
vt 0.523186 0.703050
vt 0.572197 0.737266
vt 0.597559 0.751993
vt 0.621963 0.754861
vt 0.651373 0.754011
vt 0.667529 0.703404
vt 0.695254 0.692748
vt 0.674232 0.709793
vt 0.669435 0.732400
vt 0.661150 0.756832
vt 0.707449 0.756945
vt 0.745851 0.737433
vt 0.711059 0.769818
vt 0.689975 0.767961
vt 0.649313 0.765591
vt 0.623822 0.767386
vt 0.626382 0.782464
vt 0.608021 0.799103
vt 0.610730 0.812825
vt 0.631231 0.844734
vt 0.645999 0.875943
vt 0.647629 0.917178
vt 0.658475 0.934520
vt 0.666641 0.954165
vt 0.639557 0.927747
vt 0.639562 0.891417
vt 0.633313 0.871892
vt 0.615251 0.887930
vt 0.589121 0.914490
vt 0.583031 0.925895
vt 0.575652 0.944847
vt 0.575103 0.918532
vt 0.613193 0.880212
vt 0.629266 0.861564
vt 0.617694 0.841802
vt 0.594054 0.810198
vt 0.567472 0.814634
vt 0.541960 0.816859
vt 0.513349 0.810275
vt 0.544198 0.808469
vt 0.589382 0.802670
vt 0.606935 0.782001
vt 0.605731 0.772408
vt 0.596284 0.763637
vt 0.575520 0.756148
vt 0.550726 0.746679
vt 0.537938 0.736184
vt 0.510874 0.715281
vt 0.499915 0.714733
vt 0.492766 0.725415
vt 0.516693 0.739452
vt 0.524619 0.753196
vt 0.487224 0.731669
vt 0.487089 0.742685
vt 0.493860 0.781444
vt 0.494108 0.795980
vt 0.482894 0.813849
vt 0.480383 0.828357
vt 0.489594 0.843899
vt 0.502437 0.854932
vt 0.544928 0.866937
vt 0.558382 0.863538
vt 0.578868 0.858009
vt 0.551757 0.877248
vt 0.519687 0.866631
vt 0.495768 0.864654
vt 0.498622 0.884119
vt 0.502886 0.897942
vt 0.514747 0.910690
vt 0.521164 0.920533
vt 0.503046 0.911166
vt 0.488109 0.890636
vt 0.486340 0.858818
vt 0.470322 0.836228
vt 0.466408 0.841825
vt 0.459851 0.869795
vt 0.446637 0.886804
vt 0.431533 0.907959
vt 0.424078 0.960465
vt 0.422787 0.909216
vt 0.432215 0.892286
vt 0.447177 0.871272
vt 0.426847 0.874127
vt 0.400990 0.873344
vt 0.373442 0.872562
vt 0.353223 0.872735
vt 0.337477 0.894554
vt 0.317341 0.919512
vt 0.341557 0.872861
vt 0.329723 0.870484
vt 0.314772 0.863427
vt 0.288665 0.848055
vt 0.267086 0.825948
vt 0.310909 0.854593
vt 0.332283 0.862637
vt 0.378303 0.864409
vt 0.401804 0.863883
vt 0.379882 0.821604
vt 0.370070 0.801838
vt 0.375002 0.775853
vt 0.377278 0.802151
vt 0.405035 0.854434
vt 0.415574 0.865622
vt 0.440726 0.866010
vt 0.452115 0.856543
vt 0.459623 0.835796
vt 0.470294 0.815130
vt 0.483215 0.787041
vt 0.481526 0.771109
vt 0.491676 0.696649
vt 0.500616 0.664999
vt 0.489650 0.632211
s 0
usemtl Material.010
f 2390/2053/513 2609/2054/513 2610/2055/513 2611/2056/513 2612/2057/513 2603/2058/513 2604/2059/513 2605/2060/513 2602/2061/513 2596/2062/513 2405/2063/513 2404/2064/513 2403/2065/513 2402/2066/513 2401/2067/513 2400/2068/513 2399/2069/513 2398/2070/513 2397/2071/513 2396/2072/513 2395/2073/513 2394/2074/513 2393/2075/513 2392/2076/513 2391/2077/513
f 2542/2078/513 2614/2079/513 2615/2080/513 2616/2081/513 2617/2082/513 2619/2083/513 2620/2084/513 2621/2085/513 2622/2086/513 2623/2087/513 2624/2088/513 2625/2089/513 2626/2090/513 2618/2091/513 2582/2092/513 2581/2093/513 2580/2094/513 2579/2095/513 2578/2096/513 2577/2097/513 2576/2098/513 2575/2099/513 2574/2100/513 2573/2101/513 2572/2102/513 2571/2103/513 2570/2104/513 2569/2105/513 2568/2106/513 2567/2107/513 2566/2108/513 2565/2109/513 2564/2110/513 2563/2111/513 2562/2112/513 2561/2113/513 2560/2114/513 2559/2115/513 2558/2116/513 2557/2117/513 2556/2118/513 2555/2119/513 2554/2120/513 2553/2121/513 2552/2122/513 2551/2123/513 2550/2124/513 2549/2125/513 2548/2126/513 2547/2127/513 2546/2128/513 2545/2129/513 2544/2130/513 2543/2131/513
f 2405/2063/513 2596/2062/513 2597/2132/513 2598/2133/513 2595/2134/513 2382/2135/513 2380/2136/513 2381/2137/513 2383/2138/513 2427/2139/513 2426/2140/513 2425/2141/513 2424/2142/513 2423/2143/513 2422/2144/513 2421/2145/513 2420/2146/513 2419/2147/513 2418/2148/513 2417/2149/513 2416/2150/513 2415/2151/513 2414/2152/513 2413/2153/513 2412/2154/513 2411/2155/513 2410/2156/513 2409/2157/513 2408/2158/513 2407/2159/513 2406/2160/513
f 2591/2161/513 2592/2162/513 2593/2163/513 2594/2164/513 2595/2134/513 2598/2133/513 2599/2165/513 2600/2166/513 2601/2167/513 2602/2061/513 2605/2060/513 2606/2168/513 2607/2169/513 2608/2170/513 2609/2054/513 2390/2053/513 2389/2171/513 2388/2172/513 2387/2173/513 2386/2174/513 2385/2175/513 2384/2176/513 2587/2177/513 2586/2178/513 2585/2179/513 2584/2180/513 2583/2181/513 2582/2092/513 2618/2091/513 2627/2182/513 2628/2183/513 2629/2184/513 2630/2185/513 2617/2082/513 2616/2081/513 2613/2186/513 2614/2079/513 2541/2187/513 2540/2188/513 2539/2189/513 2538/2190/513 2537/2191/513 2536/2192/513 2535/2193/513 2534/2194/513 2533/2195/513 2532/2196/513 2531/2197/513 2530/2198/513 2529/2199/513 2528/2200/513 2527/2201/513 2526/2202/513 2525/2203/513 2524/2204/513 2523/2205/513 2522/2206/513 2521/2207/513 2520/2208/513 2519/2209/513 2518/2210/513 2517/2211/513 2516/2212/513 2515/2213/513 2514/2214/513 2513/2215/513 2512/2216/513 2511/2217/513 2510/2218/513 2509/2219/513 2508/2220/513 2507/2221/513 2506/2222/513 2505/2223/513 2504/2224/513 2503/2225/513 2502/2226/513 2501/2227/513 2500/2228/513 2499/2229/513 2498/2230/513 2497/2231/513 2496/2232/513 2495/2233/513 2494/2234/513 2493/2235/513 2492/2236/513 2491/2237/513 2490/2238/513 2489/2239/513 2488/2240/513 2487/2241/513 2486/2242/513 2485/2243/513 2484/2244/513 2483/2245/513 2482/2246/513 2481/2247/513 2480/2248/513 2479/2249/513 2478/2250/513 2477/2251/513 2476/2252/513 2475/2253/513 2474/2254/513 2473/2255/513 2472/2256/513 2471/2257/513 2470/2258/513 2469/2259/513 2468/2260/513 2467/2261/513 2466/2262/513 2465/2263/513 2464/2264/513 2463/2265/513 2462/2266/513 2461/2267/513 2460/2268/513 2459/2269/513 2458/2270/513 2457/2271/513 2456/2272/513 2455/2273/513 2454/2274/513 2453/2275/513 2452/2276/513 2451/2277/513 2450/2278/513 2449/2279/513 2448/2280/513 2447/2281/513 2446/2282/513 2445/2283/513 2444/2284/513 2443/2285/513 2442/2286/513 2441/2287/513 2440/2288/513 2439/2289/513 2438/2290/513 2437/2291/513 2436/2292/513 2435/2293/513 2434/2294/513 2433/2295/513 2432/2296/513 2431/2297/513 2430/2298/513 2429/2299/513 2428/2300/513 2427/2139/513 2383/2138/513 2588/2301/513 2589/2302/513 2590/2303/513
o Plane.009
v -2.420001 1.241997 3.767877
v -2.441705 1.234664 3.767877
v -2.413964 1.405940 3.767877
v -2.342066 1.496698 3.767877
v -2.613459 0.007328 3.767877
v -2.573130 1.562920 3.767877
v -2.599898 1.622077 3.767877
v -2.490718 1.713685 3.767877
v -2.399209 1.605056 3.767877
v -2.434512 1.546177 3.767877
v -2.433826 1.470894 3.767877
v -1.303784 1.465118 3.767877
v -2.165477 1.493260 3.767877
v -1.982889 1.489620 3.767877
v -0.284782 1.428354 3.767877
v -0.279125 1.511824 3.767877
v -0.310662 1.560193 3.767877
v -0.206178 1.646745 3.767877
v -0.120099 1.559687 3.767877
v -0.155379 1.498764 3.767877
v -0.148907 -0.019638 3.767877
v -0.277829 -0.021083 3.767877
v -2.284353 1.421519 3.767877
v -2.274693 1.363214 3.767877
v -2.279707 1.240733 3.767877
v -2.249821 1.234958 3.767877
v -2.243628 1.379509 3.767877
v -2.210948 1.451410 3.767877
v -2.131603 1.446131 3.767877
v -2.107780 1.400200 3.767877
v -2.102136 1.234837 3.767877
v -2.070376 1.231605 3.767877
v -2.065702 1.383215 3.767877
v -2.031824 1.444555 3.767877
v -1.942693 1.422236 3.767877
v -1.923820 1.331162 3.767877
v -1.927436 1.227904 3.767877
v -1.891077 1.225878 3.767877
v -1.889828 1.346546 3.767877
v -1.865634 1.415375 3.767877
v -1.813069 1.457820 3.767877
v -1.765564 1.407037 3.767877
v -1.744066 1.341095 3.767877
v -1.742717 1.224433 3.767877
v -1.718239 1.226669 3.767877
v -1.713499 1.277943 3.767877
v -1.690200 1.285685 3.767877
v -1.641477 1.268747 3.767877
v -1.619441 1.262998 3.767877
v -1.583962 1.271932 3.767877
v -1.581198 1.222774 3.767877
v -1.376814 1.218956 3.767877
v -1.371039 1.369715 3.767877
v -1.346399 1.416682 3.767877
v -1.155199 1.459757 3.767877
v -1.005682 1.454363 3.767877
v -0.684249 1.442766 3.767877
v -0.517857 1.436763 3.767877
v -0.368235 1.431365 3.767877
v -1.264144 1.410731 3.767877
v -1.239217 1.336447 3.767877
v -1.249441 1.219387 3.767877
v -1.225983 1.220252 3.767877
v -1.216259 1.359580 3.767877
v -1.188159 1.420910 3.767877
v -1.109586 1.392734 3.767877
v -1.096727 1.316177 3.767877
v -1.099117 1.217376 3.767877
v -1.074210 1.219666 3.767877
v -1.070538 1.345127 3.767877
v -1.045478 1.414141 3.767877
v -0.965572 1.418933 3.767877
v -0.935307 1.355889 3.767877
v -0.939607 1.210852 3.767877
v -0.915271 1.211745 3.767877
v -0.912428 1.324568 3.767877
v -0.889352 1.304355 3.767877
v -0.852838 1.282334 3.767877
v -0.832404 1.257554 3.767877
v -0.791322 1.268275 3.767877
v -0.780744 1.213044 3.767877
v -0.751672 1.210918 3.767877
v -0.748860 1.366201 3.767877
v -0.620848 1.377501 3.767877
v -0.614242 1.210750 3.767877
v -0.587748 1.210155 3.767877
v -0.587661 1.341252 3.767877
v -0.558652 1.398224 3.767877
v -0.468980 1.365665 3.767877
v -0.458376 1.276699 3.767877
v -0.459140 1.207261 3.767877
v -0.433237 1.209649 3.767877
v -0.431244 1.327432 3.767877
v -0.413063 1.382358 3.767877
v -0.322335 1.352201 3.767877
v -0.302727 1.242659 3.767877
v -0.303871 1.199267 3.767877
v -0.278947 1.207728 3.767877
v -2.584738 1.115174 3.767877
v -0.153586 1.078064 3.767877
v -0.149862 0.204292 3.767877
v -2.607509 0.236838 3.767877
v -2.473969 0.235069 3.767877
v -2.451000 1.113132 3.767877
v -2.450033 0.234752 3.767877
v -2.428804 1.112794 3.767877
v -2.304530 0.232825 3.767877
v -2.279450 1.110514 3.767877
v -2.274507 0.232428 3.767877
v -2.255260 1.110144 3.767877
v -2.130017 0.230514 3.767877
v -2.104664 1.107846 3.767877
v -2.096434 0.230070 3.767877
v -2.071635 1.107342 3.767877
v -1.951484 0.228150 3.767877
v -1.927941 1.105148 3.767877
v -1.920253 0.227736 3.767877
v -1.893763 1.104627 3.767877
v -1.771439 0.225766 3.767877
v -1.747722 1.102397 3.767877
v -1.751446 0.225501 3.767877
v -1.724670 1.102045 3.767877
v -1.615166 0.223696 3.767877
v -1.584053 1.099899 3.767877
v -1.578048 0.223205 3.767877
v -1.433345 0.221289 3.767877
v -1.557394 0.702661 3.767877
v -1.498544 0.704240 3.767877
v -1.481881 0.684191 3.767877
v -1.420914 0.698092 3.767877
v -1.395497 0.220787 3.767877
v -1.385630 1.096870 3.767877
v -1.266615 0.219081 3.767877
v -1.246186 1.094742 3.767877
v -1.236286 0.218679 3.767877
v -1.220863 1.094355 3.767877
v -1.111594 0.217028 3.767877
v -1.099098 1.092496 3.767877
v -1.086987 0.216702 3.767877
v -1.073755 1.092110 3.767877
v -0.950573 0.214896 3.767877
v -0.945411 1.090150 3.767877
v -0.924832 0.214555 3.767877
v -0.921407 1.089784 3.767877
v -0.780691 0.212646 3.767877
v -0.777568 1.087588 3.767877
v -0.757816 0.212343 3.767877
v -0.759124 1.087307 3.767877
v -0.626508 0.210604 3.767877
v -0.619134 1.085170 3.767877
v -0.596095 0.210201 3.767877
v -0.592543 1.084764 3.767877
v -0.471098 0.208546 3.767877
v -0.465339 1.082822 3.767877
v -0.440014 0.208134 3.767877
v -0.436959 1.082389 3.767877
v -0.313762 0.206462 3.767877
v -0.310106 1.080453 3.767877
v -0.287356 0.206113 3.767877
v -0.284846 1.080067 3.767877
v -0.287424 0.077385 3.767877
v -0.322315 0.077363 3.767877
v -0.321430 0.022147 3.767877
v -0.435350 0.023627 3.767877
v -0.440568 0.077277 3.767877
v -0.473306 0.081977 3.767877
v -0.474802 0.022022 3.767877
v -0.588842 0.029827 3.767877
v -0.593867 0.089761 3.767877
v -0.622009 0.088174 3.767877
v -0.624944 0.026654 3.767877
v -0.754771 0.029698 3.767877
v -0.752647 0.078627 3.767877
v -0.786504 0.080185 3.767877
v -0.785206 0.021781 3.767877
v -0.912777 0.032738 3.767877
v -0.912750 0.086398 3.767877
v -0.956758 0.089509 3.767877
v -0.957986 0.029542 3.767877
v -1.082246 0.034197 3.767877
v -1.078604 0.087858 3.767877
v -1.113569 0.092565 3.767877
v -1.118389 0.038898 3.767877
v -1.233601 0.043563 3.767877
v -1.230907 0.090906 3.767877
v -1.268145 0.092457 3.767877
v -1.270849 0.045103 3.767877
v -1.393014 0.040280 3.767877
v -1.395684 0.092373 3.767877
v -1.433990 0.095485 3.767877
v -1.445075 0.038646 3.767877
v -2.477448 0.005674 3.767877
v -1.573974 0.035120 3.767877
v -1.576855 0.094927 3.767877
v -1.610697 0.096465 3.767877
v -1.616810 0.028793 3.767877
v -1.744561 0.030292 3.767877
v -1.743778 0.093272 3.767877
v -1.781100 0.101112 3.767877
v -1.784072 0.028709 3.767877
v -1.918659 0.034922 3.767877
v -1.916483 0.096329 3.767877
v -1.950345 0.101014 3.767877
v -1.960477 0.039642 3.767877
v -2.089426 0.041130 3.767877
v -2.090349 0.094676 3.767877
v -2.137812 0.093076 3.767877
v -2.144869 0.037943 3.767877
v -2.272667 0.045775 3.767877
v -2.267683 0.102431 3.767877
v -2.310740 0.094565 3.767877
v -2.314586 0.042595 3.767877
v -2.448118 0.045675 3.767877
v -2.444040 0.097626 3.767877
v -2.473353 0.102347 3.767877
v -2.284353 1.421519 3.880682
v -2.274693 1.363214 3.880682
v -2.420001 1.241997 3.880682
v -2.413964 1.405940 3.880682
v -2.441705 1.234664 3.880682
v -2.342066 1.496698 3.880682
v -2.584738 1.115174 3.880682
v -2.573130 1.562920 3.880682
v -2.599898 1.622077 3.880682
v -2.490718 1.713685 3.880682
v -2.399209 1.605056 3.880682
v -2.434512 1.546177 3.880682
v -2.433826 1.470894 3.880682
v -1.942693 1.422236 3.880682
v -1.923820 1.331162 3.880682
v -1.982889 1.489620 3.880682
v -0.284782 1.428354 3.880682
v -0.279125 1.511824 3.880682
v -0.310662 1.560193 3.880682
v -0.206178 1.646745 3.880682
v -0.120099 1.559687 3.880682
v -0.155379 1.498764 3.880682
v -0.149862 0.204292 3.880682
v -0.148907 -0.019638 3.880682
v -0.277829 -0.021083 3.880682
v -2.477448 0.005674 3.880682
v -2.613459 0.007328 3.880682
v -2.279707 1.240733 3.880682
v -2.249821 1.234958 3.880682
v -2.243628 1.379509 3.880682
v -2.210948 1.451410 3.880682
v -2.165477 1.493260 3.880682
v -2.131603 1.446131 3.880682
v -2.107780 1.400200 3.880682
v -2.102136 1.234837 3.880682
v -2.070376 1.231605 3.880682
v -2.065702 1.383215 3.880682
v -2.031824 1.444555 3.880682
v -1.927436 1.227904 3.880682
v -1.891077 1.225878 3.880682
v -1.889828 1.346546 3.880682
v -1.865634 1.415375 3.880682
v -1.813069 1.457820 3.880682
v -1.765564 1.407037 3.880682
v -1.744066 1.341095 3.880682
v -1.742717 1.224433 3.880682
v -1.718239 1.226669 3.880682
v -1.713499 1.277943 3.880682
v -1.690200 1.285685 3.880682
v -1.641477 1.268747 3.880682
v -1.619441 1.262998 3.880682
v -1.583962 1.271932 3.880682
v -1.581198 1.222774 3.880682
v -1.376814 1.218956 3.880682
v -1.371039 1.369715 3.880682
v -1.346399 1.416682 3.880682
v -1.303784 1.465118 3.880682
v -1.264144 1.410731 3.880682
v -1.239217 1.336447 3.880682
v -1.249441 1.219387 3.880682
v -1.225983 1.220252 3.880682
v -1.216259 1.359580 3.880682
v -1.188159 1.420910 3.880682
v -1.155199 1.459757 3.880682
v -1.109586 1.392734 3.880682
v -1.096727 1.316177 3.880682
v -1.099117 1.217376 3.880682
v -1.074210 1.219666 3.880682
v -1.070538 1.345127 3.880682
v -1.045478 1.414141 3.880682
v -1.005682 1.454363 3.880682
v -0.965572 1.418933 3.880682
v -0.935307 1.355889 3.880682
v -0.939607 1.210852 3.880682
v -0.915271 1.211745 3.880682
v -0.912428 1.324568 3.880682
v -0.889352 1.304355 3.880682
v -0.852838 1.282334 3.880682
v -0.832404 1.257554 3.880682
v -0.791322 1.268275 3.880682
v -0.780744 1.213044 3.880682
v -0.751672 1.210918 3.880682
v -0.748860 1.366201 3.880682
v -0.684249 1.442766 3.880682
v -0.620848 1.377501 3.880682
v -0.614242 1.210750 3.880682
v -0.587748 1.210155 3.880682
v -0.587661 1.341252 3.880682
v -0.558652 1.398224 3.880682
v -0.517857 1.436763 3.880682
v -0.468980 1.365665 3.880682
v -0.458376 1.276699 3.880682
v -0.459140 1.207261 3.880682
v -0.433237 1.209649 3.880682
v -0.431244 1.327432 3.880682
v -0.413063 1.382358 3.880682
v -0.368235 1.431365 3.880682
v -0.322335 1.352201 3.880682
v -0.302727 1.242659 3.880682
v -0.303871 1.199267 3.880682
v -0.278947 1.207728 3.880682
v -2.607509 0.236838 3.880682
v -0.153586 1.078064 3.880682
v -0.284846 1.080067 3.880682
v -0.287356 0.206113 3.880682
v -2.473969 0.235069 3.880682
v -2.451000 1.113132 3.880682
v -2.450033 0.234752 3.880682
v -2.428804 1.112794 3.880682
v -2.304530 0.232825 3.880682
v -2.279450 1.110514 3.880682
v -2.274507 0.232428 3.880682
v -2.255260 1.110144 3.880682
v -2.130017 0.230514 3.880682
v -2.104664 1.107846 3.880682
v -2.096434 0.230070 3.880682
v -2.071635 1.107342 3.880682
v -1.951484 0.228150 3.880682
v -1.927941 1.105148 3.880682
v -1.920253 0.227736 3.880682
v -1.893763 1.104627 3.880682
v -1.771439 0.225766 3.880682
v -1.747722 1.102397 3.880682
v -1.751446 0.225501 3.880682
v -1.724670 1.102045 3.880682
v -1.615166 0.223696 3.880682
v -1.584053 1.099899 3.880682
v -1.578048 0.223205 3.880682
v -1.433345 0.221289 3.880682
v -1.557394 0.702661 3.880682
v -1.498544 0.704240 3.880682
v -1.481881 0.684191 3.880682
v -1.420914 0.698092 3.880682
v -1.395497 0.220787 3.880682
v -1.385630 1.096870 3.880682
v -1.266615 0.219081 3.880682
v -1.246186 1.094742 3.880682
v -1.236286 0.218679 3.880682
v -1.220863 1.094355 3.880682
v -1.111594 0.217028 3.880682
v -1.099098 1.092496 3.880682
v -1.086987 0.216702 3.880682
v -1.073755 1.092110 3.880682
v -0.950573 0.214896 3.880682
v -0.945411 1.090150 3.880682
v -0.924832 0.214555 3.880682
v -0.921407 1.089784 3.880682
v -0.780691 0.212646 3.880682
v -0.777568 1.087588 3.880682
v -0.757816 0.212343 3.880682
v -0.759124 1.087307 3.880682
v -0.626508 0.210604 3.880682
v -0.619134 1.085170 3.880682
v -0.596095 0.210201 3.880682
v -0.592543 1.084764 3.880682
v -0.471098 0.208546 3.880682
v -0.465339 1.082822 3.880682
v -0.440014 0.208134 3.880682
v -0.436959 1.082389 3.880682
v -0.313762 0.206462 3.880682
v -0.310106 1.080453 3.880682
v -0.287424 0.077385 3.880682
v -0.322315 0.077363 3.880682
v -0.321430 0.022147 3.880682
v -0.435350 0.023627 3.880682
v -0.440568 0.077277 3.880682
v -0.473306 0.081977 3.880682
v -0.474802 0.022022 3.880682
v -0.588842 0.029827 3.880682
v -0.593867 0.089761 3.880682
v -0.622009 0.088174 3.880682
v -0.624944 0.026654 3.880682
v -0.754771 0.029698 3.880682
v -0.752647 0.078627 3.880682
v -0.786504 0.080185 3.880682
v -0.785206 0.021781 3.880682
v -0.912777 0.032738 3.880682
v -0.912750 0.086398 3.880682
v -0.956758 0.089509 3.880682
v -0.957986 0.029542 3.880682
v -1.082246 0.034197 3.880682
v -1.078604 0.087858 3.880682
v -1.113569 0.092565 3.880682
v -1.118389 0.038898 3.880682
v -1.233601 0.043563 3.880682
v -1.230907 0.090906 3.880682
v -1.268145 0.092457 3.880682
v -1.270849 0.045103 3.880682
v -1.393014 0.040280 3.880682
v -1.395684 0.092373 3.880682
v -1.433990 0.095485 3.880682
v -1.445075 0.038646 3.880682
v -1.573974 0.035120 3.880682
v -1.576855 0.094927 3.880682
v -1.610697 0.096465 3.880682
v -1.616810 0.028793 3.880682
v -1.744561 0.030292 3.880682
v -1.743778 0.093272 3.880682
v -1.781100 0.101112 3.880682
v -1.784072 0.028709 3.880682
v -1.918659 0.034922 3.880682
v -1.916483 0.096329 3.880682
v -1.950345 0.101014 3.880682
v -1.960477 0.039642 3.880682
v -2.089426 0.041130 3.880682
v -2.090349 0.094676 3.880682
v -2.137812 0.093076 3.880682
v -2.144869 0.037943 3.880682
v -2.272667 0.045775 3.880682
v -2.267683 0.102431 3.880682
v -2.310740 0.094565 3.880682
v -2.314586 0.042595 3.880682
v -2.448118 0.045675 3.880682
v -2.444040 0.097626 3.880682
v -2.473353 0.102347 3.880682
vn -0.0000 -0.0000 -1.0000
vn -0.0000 -0.0000 1.0000
vn 0.9960 -0.0894 -0.0000
vn 0.0132 0.9999 -0.0000
vn -0.7838 0.6210 -0.0000
vn -0.0405 -0.9992 -0.0000
vn -0.0153 -0.9999 -0.0000
vn -0.9997 0.0259 -0.0000
vn -0.9984 0.0568 -0.0000
vn -0.9997 0.0242 -0.0000
vn -0.9111 -0.4122 -0.0000
vn -0.0416 -0.9991 -0.0000
vn -0.6428 0.7661 -0.0000
vn 0.9984 -0.0570 -0.0000
vn 0.7648 0.6443 -0.0000
vn 0.0394 -0.9992 -0.0000
vn 0.9996 -0.0286 -0.0000
vn 0.8576 -0.5142 -0.0000
vn -0.9987 -0.0512 -0.0000
vn 1.0000 0.0091 -0.0000
vn -0.0810 -0.9967 -0.0000
vn 0.9792 0.2029 -0.0000
vn 0.9815 -0.1914 -0.0000
vn -0.9998 0.0219 -0.0000
vn 0.8588 0.5123 -0.0000
vn 0.0273 -0.9996 -0.0000
vn -0.9977 0.0676 -0.0000
vn -0.9988 -0.0481 -0.0000
vn -0.8377 -0.5462 -0.0000
vn -0.0454 -0.9990 -0.0000
vn 0.9996 -0.0289 -0.0000
vn -0.6379 0.7701 -0.0000
vn 0.9959 -0.0900 -0.0000
vn 0.7111 0.7031 -0.0000
vn -0.0117 -0.9999 -0.0000
vn 0.8654 -0.5011 -0.0000
vn -0.9999 0.0124 -0.0000
vn -0.9996 0.0283 -0.0000
vn 1.0000 0.0043 -0.0000
vn -0.2056 -0.9786 -0.0000
vn 0.0112 -0.9999 -0.0000
vn 0.9992 -0.0410 -0.0000
vn -0.0122 -0.9999 -0.0000
vn -0.0461 -0.9989 -0.0000
vn 0.9996 -0.0268 -0.0000
vn 0.9994 -0.0333 -0.0000
vn -0.9994 0.0354 -0.0000
vn 0.7932 0.6089 -0.0000
vn -0.1371 -0.9906 -0.0000
vn 0.9992 -0.0409 -0.0000
vn 0.9866 -0.1629 -0.0000
vn -0.9995 0.0302 -0.0000
vn 0.1897 0.9818 -0.0000
vn -0.0115 -0.9999 -0.0000
vn -0.9991 0.0428 -0.0000
vn -0.9999 -0.0172 -0.0000
vn -0.9104 0.4138 -0.0000
vn 0.0337 -0.9994 -0.0000
vn 0.9996 -0.0270 -0.0000
vn -0.6772 0.7358 -0.0000
vn 0.9919 -0.1270 -0.0000
vn 0.8120 0.5836 -0.0000
vn -0.0612 -0.9981 -0.0000
vn 0.8877 0.4604 -0.0000
vn -0.9962 0.0876 -0.0000
vn -0.9995 0.0305 -0.0000
vn 0.9994 0.0341 -0.0000
vn 0.1797 -0.9837 -0.0000
vn 0.1012 0.9949 -0.0000
vn 0.9973 -0.0738 -0.0000
vn -0.9995 0.0308 -0.0000
vn -0.0231 -0.9997 -0.0000
vn 0.9994 -0.0355 -0.0000
vn -0.8754 0.4835 -0.0000
vn -0.9969 0.0783 -0.0000
vn -0.6774 0.7356 -0.0000
vn -0.1590 -0.9873 -0.0000
vn 0.9994 -0.0350 -0.0000
vn 0.9991 -0.0423 -0.0000
vn -0.9991 0.0430 -0.0000
vn 0.0557 0.9985 -0.0000
vn -0.0268 0.9996 -0.0000
vn -0.9999 0.0104 -0.0000
vn 0.7691 0.6392 -0.0000
vn -0.9434 0.3316 -0.0000
vn -0.2223 0.9750 -0.0000
vn -0.6282 0.7780 -0.0000
vn 0.9997 -0.0261 -0.0000
vn 0.7303 0.6832 -0.0000
vn 0.9508 0.3100 -0.0000
vn 0.9999 0.0116 -0.0000
vn -0.9999 0.0113 -0.0000
vn -0.0910 0.9959 -0.0000
vn -0.9958 0.0920 -0.0000
vn -0.3153 0.9490 -0.0000
vn 0.9997 -0.0233 -0.0000
vn 0.3284 0.9446 -0.0000
vn 0.2524 0.9676 -0.0000
vn -0.2442 0.9697 -0.0000
vn -0.9998 0.0176 -0.0000
vn 0.9984 0.0561 -0.0000
vn 0.0187 0.9998 -0.0000
vn -0.9993 0.0383 -0.0000
vn 0.9999 -0.0143 -0.0000
vn -0.8855 0.4646 -0.0000
vn -0.7508 0.6605 -0.0000
vn 0.8081 0.5890 -0.0000
vn -0.9999 0.0151 -0.0000
vn 0.9480 0.3181 -0.0000
vn 0.9962 -0.0870 -0.0000
vn -0.0369 0.9993 -0.0000
vn 1.0000 -0.0059 -0.0000
vn -0.9976 0.0696 -0.0000
vn -0.9091 0.4165 -0.0000
vn -0.7625 0.6470 -0.0000
vn -1.0000 0.0039 -0.0000
vn 0.8267 0.5626 -0.0000
vn 0.9862 0.1656 -0.0000
vn 0.9997 -0.0242 -0.0000
vn 1.0000 -0.0036 -0.0000
vn -0.0915 0.9958 -0.0000
vn -0.9996 0.0293 -0.0000
vn -0.9400 0.3413 -0.0000
vn -1.0000 -0.0015 -0.0000
vn -0.7109 0.7033 -0.0000
vn 0.6620 0.7495 -0.0000
vn 0.9015 0.4328 -0.0000
vn 1.0000 -0.0084 -0.0000
vn 0.9996 -0.0296 -0.0000
vn -0.0367 0.9993 -0.0000
vn -0.9997 0.0252 -0.0000
vn -1.0000 0.0041 -0.0000
vn 0.6589 0.7522 -0.0000
vn 0.5164 0.8563 -0.0000
vn 0.7715 0.6362 -0.0000
vn 1.0000 -0.0066 -0.0000
vn -0.2525 0.9676 -0.0000
vn 0.9822 0.1881 -0.0000
vn 0.0729 0.9973 -0.0000
vn -1.0000 0.0035 -0.0000
vn -0.9998 0.0181 -0.0000
vn -0.7642 0.6449 -0.0000
vn 0.7173 0.6968 -0.0000
vn 1.0000 -0.0042 -0.0000
vn 0.9992 0.0396 -0.0000
vn 0.0224 0.9997 -0.0000
vn -1.0000 0.0007 -0.0000
vn -1.0000 0.0029 -0.0000
vn -0.8911 0.4537 -0.0000
vn -0.9953 -0.0970 -0.0000
vn -0.6867 0.7269 -0.0000
vn 0.0006 -1.0000 -0.0000
vn 0.8241 0.5665 -0.0000
vn 0.9999 0.0160 -0.0000
vn 0.9930 0.1183 -0.0000
vn -0.0130 -0.9999 -0.0000
vn 0.9999 -0.0110 -0.0000
vn -0.9953 -0.0968 -0.0000
vn -0.0918 0.9958 -0.0000
vn -0.1421 -0.9899 -0.0000
vn -0.9999 0.0169 -0.0000
vn 0.9997 -0.0249 -0.0000
vn -0.9493 0.3143 -0.0000
vn -0.0683 -0.9977 -0.0000
vn -0.7379 0.6750 -0.0000
vn -0.9965 -0.0835 -0.0000
vn 0.8651 0.5016 -0.0000
vn 0.0563 -0.9984 -0.0000
vn 0.9844 0.1762 -0.0000
vn 0.9989 -0.0476 -0.0000
vn 0.9997 -0.0264 -0.0000
vn -0.0234 -0.9997 -0.0000
vn -0.3215 0.9469 -0.0000
vn -0.9991 0.0434 -0.0000
vn -0.9997 -0.0264 -0.0000
vn -0.0460 -0.9989 -0.0000
vn 0.9998 0.0222 -0.0000
vn -0.0856 -0.9963 -0.0000
vn -1.0000 0.0005 -0.0000
vn -0.0705 -0.9975 -0.0000
vn 0.9998 -0.0205 -0.0000
vn -0.0374 -0.9993 -0.0000
vn 0.9865 0.1635 -0.0000
vn -0.9977 0.0677 -0.0000
vn -0.9993 0.0368 -0.0000
vn -0.1334 -0.9911 -0.0000
vn 0.9997 -0.0262 -0.0000
vn -0.3201 0.9474 -0.0000
vt 0.112219 0.721267
vt 0.144668 0.693359
vt 0.132149 0.678233
vt 0.132392 0.658892
vt 0.129598 0.598203
vt 0.137295 0.600087
vt 0.139436 0.642205
vt 0.164930 0.665521
vt 0.185395 0.646208
vt 0.188820 0.631229
vt 0.187042 0.599763
vt 0.197639 0.598279
vt 0.199836 0.635415
vt 0.211424 0.653887
vt 0.227547 0.664638
vt 0.239559 0.652530
vt 0.248006 0.640731
vt 0.250008 0.598248
vt 0.261270 0.597417
vt 0.262927 0.636367
vt 0.274940 0.652126
vt 0.292292 0.663703
vt 0.306545 0.646392
vt 0.313238 0.622994
vt 0.311955 0.596467
vt 0.324848 0.595946
vt 0.325291 0.626947
vt 0.333870 0.644629
vt 0.352509 0.655534
vt 0.369354 0.642487
vt 0.376977 0.625546
vt 0.377456 0.595575
vt 0.386135 0.596150
vt 0.387816 0.609322
vt 0.396078 0.611311
vt 0.413355 0.606959
vt 0.421168 0.605483
vt 0.433749 0.607778
vt 0.434729 0.595149
vt 0.507202 0.594168
vt 0.509250 0.632899
vt 0.517988 0.644965
vt 0.533098 0.657408
vt 0.547155 0.643436
vt 0.555994 0.624352
vt 0.552368 0.594279
vt 0.560686 0.594501
vt 0.564134 0.630295
vt 0.574099 0.646051
vt 0.585786 0.656031
vt 0.601960 0.638813
vt 0.606520 0.619145
vt 0.605672 0.593762
vt 0.614504 0.594350
vt 0.615806 0.626582
vt 0.624692 0.644312
vt 0.638804 0.654645
vt 0.653026 0.645543
vt 0.663758 0.629347
vt 0.662234 0.592086
vt 0.670863 0.592315
vt 0.671871 0.621301
vt 0.680053 0.616107
vt 0.693001 0.610450
vt 0.700247 0.604084
vt 0.714814 0.606838
vt 0.718565 0.592649
vt 0.728874 0.592103
vt 0.729872 0.631996
vt 0.752782 0.651666
vt 0.775263 0.634899
vt 0.777606 0.592060
vt 0.787000 0.591907
vt 0.787031 0.625586
vt 0.797318 0.640223
vt 0.811783 0.650124
vt 0.829115 0.631858
vt 0.832875 0.609002
vt 0.832604 0.591163
vt 0.841789 0.591777
vt 0.842496 0.622036
vt 0.848943 0.636147
vt 0.864839 0.648737
vt 0.881115 0.628399
vt 0.888067 0.600258
vt 0.887661 0.589110
vt 0.896500 0.591284
vt 0.894431 0.647963
vt 0.896436 0.669407
vt 0.885254 0.681834
vt 0.922303 0.704069
vt 0.952826 0.681704
vt 0.940316 0.666052
vt 0.940952 0.557972
vt 0.894408 0.558487
vt 0.885451 0.558586
vt 0.840469 0.559083
vt 0.830406 0.559195
vt 0.785300 0.559694
vt 0.775871 0.559798
vt 0.726232 0.560347
vt 0.719691 0.560419
vt 0.668687 0.560983
vt 0.660175 0.561077
vt 0.614665 0.561581
vt 0.605679 0.561680
vt 0.562502 0.562158
vt 0.553522 0.562257
vt 0.504076 0.562804
vt 0.433717 0.563582
vt 0.383855 0.564133
vt 0.375681 0.564224
vt 0.323896 0.564796
vt 0.311776 0.564930
vt 0.260823 0.565494
vt 0.249111 0.565623
vt 0.195711 0.566214
vt 0.187133 0.566309
vt 0.134173 0.566894
vt 0.126303 0.566981
vt 0.078880 0.567506
vt 0.082996 0.682534
vt 0.073504 0.697732
vt 0.942272 0.333495
vt 0.893518 0.333963
vt 0.942611 0.275967
vt 0.896896 0.275596
vt 0.893493 0.300892
vt 0.881121 0.300887
vt 0.881435 0.286701
vt 0.841040 0.287082
vt 0.839190 0.300865
vt 0.827581 0.302072
vt 0.827050 0.286669
vt 0.786612 0.288674
vt 0.784831 0.304072
vt 0.774852 0.303664
vt 0.773811 0.287859
vt 0.727775 0.288641
vt 0.728528 0.301211
vt 0.716523 0.301612
vt 0.716983 0.286607
vt 0.671747 0.289422
vt 0.671757 0.303208
vt 0.656152 0.304007
vt 0.655716 0.288601
vt 0.611654 0.289797
vt 0.612946 0.303583
vt 0.600547 0.304792
vt 0.598838 0.291005
vt 0.557985 0.292203
vt 0.558940 0.304366
vt 0.545736 0.304764
vt 0.544777 0.292599
vt 0.501458 0.291360
vt 0.500511 0.304743
vt 0.486928 0.305542
vt 0.482998 0.290940
vt 0.437291 0.290034
vt 0.436269 0.305399
vt 0.424269 0.305794
vt 0.422101 0.288409
vt 0.376802 0.288794
vt 0.377079 0.304974
vt 0.363845 0.306988
vt 0.362791 0.288387
vt 0.315068 0.289984
vt 0.315839 0.305759
vt 0.303832 0.306963
vt 0.300239 0.291196
vt 0.254515 0.291578
vt 0.254187 0.305335
vt 0.237357 0.304924
vt 0.234855 0.290760
vt 0.189538 0.292772
vt 0.191306 0.307327
vt 0.176038 0.305306
vt 0.174674 0.291955
vt 0.127324 0.292746
vt 0.128771 0.306093
vt 0.118376 0.307305
vt 0.116924 0.282470
vt 0.068696 0.282895
vt 0.070805 0.341857
vt 0.118158 0.341402
vt 0.126646 0.341321
vt 0.178240 0.340826
vt 0.188886 0.340724
vt 0.240121 0.340232
vt 0.252030 0.340118
vt 0.303428 0.339625
vt 0.314502 0.339519
vt 0.367271 0.339012
vt 0.374360 0.338944
vt 0.422684 0.338481
vt 0.435846 0.338354
vt 0.487157 0.337862
vt 0.500578 0.337733
vt 0.546279 0.337295
vt 0.557033 0.337192
vt 0.601248 0.336767
vt 0.609973 0.336684
vt 0.658345 0.336220
vt 0.667473 0.336132
vt 0.718584 0.335642
vt 0.726695 0.335564
vt 0.773256 0.335117
vt 0.784041 0.335014
vt 0.828364 0.334588
vt 0.839386 0.334483
vt 0.884154 0.334053
vt 0.443170 0.461529
vt 0.464038 0.461935
vt 0.469946 0.456784
vt 0.491565 0.460355
vt 0.061000 0.680701
vt 0.056884 0.565673
vt 0.051508 0.695899
vt 0.090222 0.719434
vt 0.048809 0.340024
vt 0.046699 0.281062
s 0
usemtl Material.011
f 2638/2304/514 2639/2305/514 2640/2306/514 2641/2307/514 2632/2308/514 2631/2309/514 2633/2310/514 2634/2311/514 2653/2312/514 2654/2313/514 2655/2314/514 2656/2315/514 2657/2316/514 2658/2317/514 2643/2318/514 2659/2319/514 2660/2320/514 2661/2321/514 2662/2322/514 2663/2323/514 2664/2324/514 2644/2325/514 2665/2326/514 2666/2327/514 2667/2328/514 2668/2329/514 2669/2330/514 2670/2331/514 2671/2332/514 2672/2333/514 2673/2334/514 2674/2335/514 2675/2336/514 2676/2337/514 2677/2338/514 2678/2339/514 2679/2340/514 2680/2341/514 2681/2342/514 2682/2343/514 2683/2344/514 2684/2345/514 2642/2346/514 2690/2347/514 2691/2348/514 2692/2349/514 2693/2350/514 2694/2351/514 2695/2352/514 2685/2353/514 2696/2354/514 2697/2355/514 2698/2356/514 2699/2357/514 2700/2358/514 2701/2359/514 2686/2360/514 2702/2361/514 2703/2362/514 2704/2363/514 2705/2364/514 2706/2365/514 2707/2366/514 2708/2367/514 2709/2368/514 2710/2369/514 2711/2370/514 2712/2371/514 2713/2372/514 2687/2373/514 2714/2374/514 2715/2375/514 2716/2376/514 2717/2377/514 2718/2378/514 2688/2379/514 2719/2380/514 2720/2381/514 2721/2382/514 2722/2383/514 2723/2384/514 2724/2385/514 2689/2386/514 2725/2387/514 2726/2388/514 2727/2389/514 2728/2390/514 2645/2391/514 2646/2392/514 2647/2393/514 2648/2394/514 2649/2395/514 2650/2396/514 2730/2397/514 2790/2398/514 2788/2399/514 2786/2400/514 2784/2401/514 2782/2402/514 2780/2403/514 2778/2404/514 2776/2405/514 2774/2406/514 2772/2407/514 2770/2408/514 2768/2409/514 2766/2410/514 2764/2411/514 2762/2412/514 2754/2413/514 2752/2414/514 2750/2415/514 2748/2416/514 2746/2417/514 2744/2418/514 2742/2419/514 2740/2420/514 2738/2421/514 2736/2422/514 2734/2423/514 2729/2424/514 2636/2425/514 2637/2426/514
f 2730/2397/514 2731/2427/514 2789/2428/514 2790/2398/514
f 2731/2427/514 2651/2429/514 2652/2430/514 2791/2431/514 2792/2432/514 2793/2433/514 2794/2434/514 2795/2435/514 2796/2436/514 2797/2437/514 2798/2438/514 2799/2439/514 2800/2440/514 2801/2441/514 2802/2442/514 2803/2443/514 2804/2444/514 2805/2445/514 2806/2446/514 2807/2447/514 2808/2448/514 2809/2449/514 2810/2450/514 2811/2451/514 2812/2452/514 2813/2453/514 2814/2454/514 2815/2455/514 2816/2456/514 2817/2457/514 2818/2458/514 2819/2459/514 2820/2460/514 2821/2461/514 2823/2462/514 2824/2463/514 2825/2464/514 2826/2465/514 2827/2466/514 2828/2467/514 2829/2468/514 2830/2469/514 2831/2470/514 2832/2471/514 2833/2472/514 2834/2473/514 2835/2474/514 2836/2475/514 2837/2476/514 2838/2477/514 2839/2478/514 2840/2479/514 2841/2480/514 2842/2481/514 2843/2482/514 2844/2483/514 2845/2484/514 2822/2485/514 2635/2486/514 2732/2487/514 2733/2488/514 2735/2489/514 2737/2490/514 2739/2491/514 2741/2492/514 2743/2493/514 2745/2494/514 2747/2495/514 2749/2496/514 2751/2497/514 2753/2498/514 2755/2499/514 2756/2500/514 2761/2501/514 2763/2502/514 2765/2503/514 2767/2504/514 2769/2505/514 2771/2506/514 2773/2507/514 2775/2508/514 2777/2509/514 2779/2510/514 2781/2511/514 2783/2512/514 2785/2513/514 2787/2514/514 2789/2428/514
f 2737/2490/514 2735/2489/514 2736/2422/514 2738/2421/514
f 2733/2488/514 2732/2487/514 2729/2424/514 2734/2423/514
f 2741/2492/514 2739/2491/514 2740/2420/514 2742/2419/514
f 2745/2494/514 2743/2493/514 2744/2418/514 2746/2417/514
f 2767/2504/514 2765/2503/514 2766/2410/514 2768/2409/514
f 2749/2496/514 2747/2495/514 2748/2416/514 2750/2415/514
f 2763/2502/514 2761/2501/514 2762/2412/514 2764/2411/514
f 2753/2498/514 2751/2497/514 2752/2414/514 2754/2413/514
f 2756/2500/514 2755/2499/514 2757/2515/514 2758/2516/514 2759/2517/514 2760/2518/514
f 2771/2506/514 2769/2505/514 2770/2408/514 2772/2407/514
f 2775/2508/514 2773/2507/514 2774/2406/514 2776/2405/514
f 2779/2510/514 2777/2509/514 2778/2404/514 2780/2403/514
f 2783/2512/514 2781/2511/514 2782/2402/514 2784/2401/514
f 2787/2514/514 2785/2513/514 2786/2400/514 2788/2399/514
f 2855/2304/515 2854/2426/515 2853/2425/515 2852/2424/515 2952/2423/515 2954/2422/515 2956/2421/515 2958/2420/515 2960/2419/515 2962/2418/515 2964/2417/515 2966/2416/515 2968/2415/515 2970/2414/515 2972/2413/515 2980/2412/515 2982/2411/515 2984/2410/515 2986/2409/515 2988/2408/515 2990/2407/515 2992/2406/515 2994/2405/515 2996/2404/515 2998/2403/515 3000/2402/515 3002/2401/515 3004/2400/515 3006/2399/515 2949/2398/515 2948/2397/515 2867/2396/515 2866/2395/515 2865/2394/515 2864/2393/515 2863/2392/515 2862/2391/515 2946/2390/515 2945/2389/515 2944/2388/515 2943/2387/515 2942/2386/515 2941/2385/515 2940/2384/515 2939/2383/515 2938/2382/515 2937/2381/515 2936/2380/515 2935/2379/515 2934/2378/515 2933/2377/515 2932/2376/515 2931/2375/515 2930/2374/515 2929/2373/515 2928/2372/515 2927/2371/515 2926/2370/515 2925/2369/515 2924/2368/515 2923/2367/515 2922/2366/515 2921/2365/515 2920/2364/515 2919/2363/515 2918/2362/515 2917/2361/515 2916/2360/515 2915/2359/515 2914/2358/515 2913/2357/515 2912/2356/515 2911/2355/515 2910/2354/515 2909/2353/515 2908/2352/515 2907/2351/515 2906/2350/515 2905/2349/515 2904/2348/515 2903/2347/515 2902/2346/515 2901/2345/515 2900/2344/515 2899/2343/515 2898/2342/515 2897/2341/515 2896/2340/515 2895/2339/515 2894/2338/515 2893/2337/515 2892/2336/515 2891/2335/515 2890/2334/515 2889/2333/515 2888/2332/515 2887/2331/515 2886/2330/515 2885/2329/515 2884/2328/515 2860/2327/515 2859/2326/515 2861/2325/515 2883/2324/515 2882/2323/515 2881/2322/515 2880/2321/515 2879/2320/515 2878/2319/515 2877/2318/515 2876/2317/515 2875/2316/515 2874/2315/515 2873/2314/515 2847/2313/515 2846/2312/515 2851/2311/515 2849/2310/515 2848/2309/515 2850/2308/515 2858/2307/515 2857/2306/515 2856/2305/515
f 2948/2397/515 2949/2398/515 2950/2428/515 2868/2427/515
f 2868/2427/515 2950/2428/515 3005/2514/515 3003/2513/515 3001/2512/515 2999/2511/515 2997/2510/515 2995/2509/515 2993/2508/515 2991/2507/515 2989/2506/515 2987/2505/515 2985/2504/515 2983/2503/515 2981/2502/515 2979/2501/515 2974/2500/515 2973/2499/515 2971/2498/515 2969/2497/515 2967/2496/515 2965/2495/515 2963/2494/515 2961/2493/515 2959/2492/515 2957/2491/515 2955/2490/515 2953/2489/515 2951/2488/515 2947/2487/515 2872/2486/515 2871/2485/515 3060/2484/515 3059/2483/515 3058/2482/515 3057/2481/515 3056/2480/515 3055/2479/515 3054/2478/515 3053/2477/515 3052/2476/515 3051/2475/515 3050/2474/515 3049/2473/515 3048/2472/515 3047/2471/515 3046/2470/515 3045/2469/515 3044/2468/515 3043/2467/515 3042/2466/515 3041/2465/515 3040/2464/515 3039/2463/515 3038/2462/515 3037/2461/515 3036/2460/515 3035/2459/515 3034/2458/515 3033/2457/515 3032/2456/515 3031/2455/515 3030/2454/515 3029/2453/515 3028/2452/515 3027/2451/515 3026/2450/515 3025/2449/515 3024/2448/515 3023/2447/515 3022/2446/515 3021/2445/515 3020/2444/515 3019/2443/515 3018/2442/515 3017/2441/515 3016/2440/515 3015/2439/515 3014/2438/515 3013/2437/515 3012/2436/515 3011/2435/515 3010/2434/515 3009/2433/515 3008/2432/515 3007/2431/515 2870/2430/515 2869/2429/515
f 2955/2490/515 2956/2421/515 2954/2422/515 2953/2489/515
f 2951/2488/515 2952/2423/515 2852/2424/515 2947/2487/515
f 2959/2492/515 2960/2419/515 2958/2420/515 2957/2491/515
f 2963/2494/515 2964/2417/515 2962/2418/515 2961/2493/515
f 2985/2504/515 2986/2409/515 2984/2410/515 2983/2503/515
f 2967/2496/515 2968/2415/515 2966/2416/515 2965/2495/515
f 2981/2502/515 2982/2411/515 2980/2412/515 2979/2501/515
f 2971/2498/515 2972/2413/515 2970/2414/515 2969/2497/515
f 2974/2500/515 2978/2518/515 2977/2517/515 2976/2516/515 2975/2515/515 2973/2499/515
f 2989/2506/515 2990/2407/515 2988/2408/515 2987/2505/515
f 2993/2508/515 2994/2405/515 2992/2406/515 2991/2507/515
f 2997/2510/515 2998/2403/515 2996/2404/515 2995/2509/515
f 3001/2512/515 3002/2401/515 3000/2402/515 2999/2511/515
f 3005/2514/515 3006/2399/515 3004/2400/515 3003/2513/515
f 2813/2453/516 2812/2452/516 3028/2452/516 3029/2453/516
f 2735/2489/517 2733/2488/517 2951/2488/517 2953/2489/517
f 2634/2311/518 2633/2310/518 2849/2310/518 2851/2311/518
f 2814/2454/519 2813/2453/519 3029/2453/519 3030/2454/519
f 2734/2423/520 2736/2422/520 2954/2422/520 2952/2423/520
f 2636/2519/521 2729/2520/521 2852/2520/521 2853/2519/521
f 2815/2455/522 2814/2454/522 3030/2454/522 3031/2455/522
f 2736/2422/523 2735/2489/523 2953/2489/523 2954/2422/523
f 2637/2521/524 2636/2519/524 2853/2519/524 2854/2521/524
f 2816/2456/525 2815/2455/525 3031/2455/525 3032/2456/525
f 2638/2522/526 2637/2521/526 2854/2521/526 2855/2522/526
f 2817/2457/527 2816/2456/527 3032/2456/527 3033/2457/527
f 2639/2305/528 2638/2304/528 2855/2304/528 2856/2305/528
f 2818/2458/529 2817/2457/529 3033/2457/529 3034/2458/529
f 2737/2490/530 2738/2421/530 2956/2421/530 2955/2490/530
f 2640/2306/531 2639/2305/531 2856/2305/531 2857/2306/531
f 2819/2459/532 2818/2458/532 3034/2458/532 3035/2459/532
f 2739/2491/517 2737/2490/517 2955/2490/517 2957/2491/517
f 2641/2307/533 2640/2306/533 2857/2306/533 2858/2307/533
f 2820/2460/534 2819/2459/534 3035/2459/534 3036/2460/534
f 2738/2421/520 2740/2420/520 2958/2420/520 2956/2421/520
f 2666/2327/535 2665/2326/535 2859/2326/535 2860/2327/535
f 2821/2461/536 2820/2460/536 3036/2460/536 3037/2461/536
f 2740/2420/537 2739/2491/537 2957/2491/537 2958/2420/537
f 2665/2326/538 2644/2325/538 2861/2325/538 2859/2326/538
f 2823/2462/539 2821/2461/539 3037/2461/539 3038/2462/539
f 2646/2392/540 2645/2391/540 2862/2391/540 2863/2392/540
f 2824/2463/541 2823/2462/541 3038/2462/541 3039/2463/541
f 2647/2393/542 2646/2392/542 2863/2392/542 2864/2393/542
f 2825/2464/543 2824/2463/543 3039/2463/543 3040/2464/543
f 2741/2492/544 2742/2419/544 2960/2419/544 2959/2492/544
f 2648/2394/545 2647/2393/545 2864/2393/545 2865/2394/545
f 2826/2465/546 2825/2464/546 3040/2464/546 3041/2465/546
f 2743/2493/517 2741/2492/517 2959/2492/517 2961/2493/517
f 2649/2395/547 2648/2394/547 2865/2394/547 2866/2395/547
f 2827/2466/548 2826/2465/548 3041/2465/548 3042/2466/548
f 2742/2419/520 2744/2418/520 2962/2418/520 2960/2419/520
f 2650/2396/549 2649/2395/549 2866/2395/549 2867/2396/549
f 2828/2467/550 2827/2466/550 3042/2466/550 3043/2467/550
f 2744/2418/551 2743/2493/551 2961/2493/551 2962/2418/551
f 2651/2429/552 2731/2427/552 2868/2427/552 2869/2429/552
f 2829/2468/553 2828/2467/553 3043/2467/553 3044/2468/553
f 2652/2430/554 2651/2429/554 2869/2429/554 2870/2430/554
f 2830/2469/555 2829/2468/555 3044/2468/555 3045/2469/555
f 2635/2486/556 2822/2485/556 2871/2485/556 2872/2486/556
f 2831/2470/557 2830/2469/557 3045/2469/557 3046/2470/557
f 2745/2494/558 2746/2417/558 2964/2417/558 2963/2494/558
f 2632/2308/559 2641/2307/559 2858/2307/559 2850/2308/559
f 2832/2471/560 2831/2470/560 3046/2470/560 3047/2471/560
f 2747/2495/517 2745/2494/517 2963/2494/517 2965/2495/517
f 2653/2312/561 2634/2311/561 2851/2311/561 2846/2312/561
f 2833/2472/562 2832/2471/562 3047/2471/562 3048/2472/562
f 2746/2417/520 2748/2416/520 2966/2416/520 2964/2417/520
f 2655/2314/563 2654/2313/563 2847/2313/563 2873/2314/563
f 2834/2473/564 2833/2472/564 3048/2472/564 3049/2473/564
f 2748/2416/565 2747/2495/565 2965/2495/565 2966/2416/565
f 2656/2315/566 2655/2314/566 2873/2314/566 2874/2315/566
f 2835/2474/567 2834/2473/567 3049/2473/567 3050/2474/567
f 2657/2316/568 2656/2315/568 2874/2315/568 2875/2316/568
f 2836/2475/569 2835/2474/569 3050/2474/569 3051/2475/569
f 2658/2317/570 2657/2316/570 2875/2316/570 2876/2317/570
f 2837/2476/571 2836/2475/571 3051/2475/571 3052/2476/571
f 2749/2496/572 2750/2415/572 2968/2415/572 2967/2496/572
f 2643/2318/573 2658/2317/573 2876/2317/573 2877/2318/573
f 2838/2477/574 2837/2476/574 3052/2476/574 3053/2477/574
f 2751/2497/517 2749/2496/517 2967/2496/517 2969/2497/517
f 2659/2319/575 2643/2318/575 2877/2318/575 2878/2319/575
f 2839/2478/576 2838/2477/576 3053/2477/576 3054/2478/576
f 2750/2415/520 2752/2414/520 2970/2414/520 2968/2415/520
f 2660/2320/577 2659/2319/577 2878/2319/577 2879/2320/577
f 2840/2479/578 2839/2478/578 3054/2478/578 3055/2479/578
f 2752/2414/579 2751/2497/579 2969/2497/579 2970/2414/579
f 2661/2321/580 2660/2320/580 2879/2320/580 2880/2321/580
f 2841/2480/581 2840/2479/581 3055/2479/581 3056/2480/581
f 2662/2322/582 2661/2321/582 2880/2321/582 2881/2322/582
f 2842/2481/583 2841/2480/583 3056/2480/583 3057/2481/583
f 2663/2323/584 2662/2322/584 2881/2322/584 2882/2323/584
f 2843/2482/585 2842/2481/585 3057/2481/585 3058/2482/585
f 2753/2498/586 2754/2413/586 2972/2413/586 2971/2498/586
f 2664/2324/587 2663/2323/587 2882/2323/587 2883/2324/587
f 2844/2483/588 2843/2482/588 3058/2482/588 3059/2483/588
f 2755/2499/517 2753/2498/517 2971/2498/517 2973/2499/517
f 2644/2325/589 2664/2324/589 2883/2324/589 2861/2325/589
f 2845/2484/590 2844/2483/590 3059/2483/590 3060/2484/590
f 2667/2328/591 2666/2327/591 2860/2327/591 2884/2328/591
f 2822/2485/592 2845/2484/592 3060/2484/592 2871/2485/592
f 2757/2515/593 2755/2499/593 2973/2499/593 2975/2515/593
f 2668/2329/594 2667/2328/594 2884/2328/594 2885/2329/594
f 2758/2516/595 2757/2515/595 2975/2515/595 2976/2516/595
f 2669/2330/596 2668/2329/596 2885/2329/596 2886/2330/596
f 2759/2517/597 2758/2516/597 2976/2516/597 2977/2517/597
f 2670/2331/598 2669/2330/598 2886/2330/598 2887/2331/598
f 2760/2518/599 2759/2517/599 2977/2517/599 2978/2518/599
f 2671/2332/600 2670/2331/600 2887/2331/600 2888/2332/600
f 2756/2500/601 2760/2518/601 2978/2518/601 2974/2500/601
f 2672/2333/602 2671/2332/602 2888/2332/602 2889/2333/602
f 2761/2501/517 2756/2500/517 2974/2500/517 2979/2501/517
f 2673/2334/603 2672/2333/603 2889/2333/603 2890/2334/603
f 2754/2413/520 2762/2412/520 2980/2412/520 2972/2413/520
f 2674/2335/604 2673/2334/604 2890/2334/604 2891/2335/604
f 2762/2412/605 2761/2501/605 2979/2501/605 2980/2412/605
f 2675/2336/606 2674/2335/606 2891/2335/606 2892/2336/606
f 2676/2337/607 2675/2336/607 2892/2336/607 2893/2337/607
f 2677/2338/608 2676/2337/608 2893/2337/608 2894/2338/608
f 2763/2502/609 2764/2411/609 2982/2411/609 2981/2502/609
f 2678/2339/610 2677/2338/610 2894/2338/610 2895/2339/610
f 2765/2503/517 2763/2502/517 2981/2502/517 2983/2503/517
f 2679/2340/611 2678/2339/611 2895/2339/611 2896/2340/611
f 2764/2411/520 2766/2410/520 2984/2410/520 2982/2411/520
f 2680/2341/612 2679/2340/612 2896/2340/612 2897/2341/612
f 2766/2410/613 2765/2503/613 2983/2503/613 2984/2410/613
f 2681/2342/614 2680/2341/614 2897/2341/614 2898/2342/614
f 2682/2343/615 2681/2342/615 2898/2342/615 2899/2343/615
f 2683/2344/616 2682/2343/616 2899/2343/616 2900/2344/616
f 2767/2504/617 2768/2409/617 2986/2409/617 2985/2504/617
f 2684/2345/618 2683/2344/618 2900/2344/618 2901/2345/618
f 2769/2505/517 2767/2504/517 2985/2504/517 2987/2505/517
f 2642/2346/619 2684/2345/619 2901/2345/619 2902/2346/619
f 2768/2409/520 2770/2408/520 2988/2408/520 2986/2409/520
f 2690/2347/620 2642/2346/620 2902/2346/620 2903/2347/620
f 2770/2408/621 2769/2505/621 2987/2505/621 2988/2408/621
f 2691/2348/622 2690/2347/622 2903/2347/622 2904/2348/622
f 2692/2349/623 2691/2348/623 2904/2348/623 2905/2349/623
f 2693/2350/624 2692/2349/624 2905/2349/624 2906/2350/624
f 2771/2506/625 2772/2407/625 2990/2407/625 2989/2506/625
f 2694/2351/626 2693/2350/626 2906/2350/626 2907/2351/626
f 2773/2507/517 2771/2506/517 2989/2506/517 2991/2507/517
f 2695/2352/627 2694/2351/627 2907/2351/627 2908/2352/627
f 2772/2407/520 2774/2406/520 2992/2406/520 2990/2407/520
f 2685/2353/628 2695/2352/628 2908/2352/628 2909/2353/628
f 2774/2406/629 2773/2507/629 2991/2507/629 2992/2406/629
f 2696/2354/630 2685/2353/630 2909/2353/630 2910/2354/630
f 2697/2355/631 2696/2354/631 2910/2354/631 2911/2355/631
f 2698/2356/632 2697/2355/632 2911/2355/632 2912/2356/632
f 2775/2508/633 2776/2405/633 2994/2405/633 2993/2508/633
f 2699/2357/634 2698/2356/634 2912/2356/634 2913/2357/634
f 2777/2509/517 2775/2508/517 2993/2508/517 2995/2509/517
f 2700/2358/635 2699/2357/635 2913/2357/635 2914/2358/635
f 2776/2405/520 2778/2404/520 2996/2404/520 2994/2405/520
f 2701/2359/636 2700/2358/636 2914/2358/636 2915/2359/636
f 2778/2404/637 2777/2509/637 2995/2509/637 2996/2404/637
f 2686/2360/638 2701/2359/638 2915/2359/638 2916/2360/638
f 2702/2361/639 2686/2360/639 2916/2360/639 2917/2361/639
f 2703/2362/640 2702/2361/640 2917/2361/640 2918/2362/640
f 2779/2510/641 2780/2403/641 2998/2403/641 2997/2510/641
f 2704/2363/642 2703/2362/642 2918/2362/642 2919/2363/642
f 2781/2511/517 2779/2510/517 2997/2510/517 2999/2511/517
f 2705/2364/643 2704/2363/643 2919/2363/643 2920/2364/643
f 2780/2403/520 2782/2402/520 3000/2402/520 2998/2403/520
f 2706/2365/644 2705/2364/644 2920/2364/644 2921/2365/644
f 2782/2402/645 2781/2511/645 2999/2511/645 3000/2402/645
f 2707/2366/646 2706/2365/646 2921/2365/646 2922/2366/646
f 2708/2367/647 2707/2366/647 2922/2366/647 2923/2367/647
f 2709/2368/648 2708/2367/648 2923/2367/648 2924/2368/648
f 2783/2512/649 2784/2401/649 3002/2401/649 3001/2512/649
f 2710/2369/650 2709/2368/650 2924/2368/650 2925/2369/650
f 2785/2513/517 2783/2512/517 3001/2512/517 3003/2513/517
f 2711/2370/651 2710/2369/651 2925/2369/651 2926/2370/651
f 2784/2401/520 2786/2400/520 3004/2400/520 3002/2401/520
f 2712/2371/652 2711/2370/652 2926/2370/652 2927/2371/652
f 2786/2400/653 2785/2513/653 3003/2513/653 3004/2400/653
f 2713/2372/654 2712/2371/654 2927/2371/654 2928/2372/654
f 2687/2373/655 2713/2372/655 2928/2372/655 2929/2373/655
f 2714/2374/656 2687/2373/656 2929/2373/656 2930/2374/656
f 2787/2514/657 2788/2399/657 3006/2399/657 3005/2514/657
f 2715/2375/658 2714/2374/658 2930/2374/658 2931/2375/658
f 2789/2428/517 2787/2514/517 3005/2514/517 2950/2428/517
f 2716/2376/659 2715/2375/659 2931/2375/659 2932/2376/659
f 2788/2399/520 2790/2398/520 2949/2398/520 3006/2399/520
f 2717/2377/660 2716/2376/660 2932/2376/660 2933/2377/660
f 2790/2398/661 2789/2428/661 2950/2428/661 2949/2398/661
f 2718/2378/662 2717/2377/662 2933/2377/662 2934/2378/662
f 2791/2431/663 2652/2430/663 2870/2430/663 3007/2431/663
f 2688/2379/664 2718/2378/664 2934/2378/664 2935/2379/664
f 2792/2432/665 2791/2431/665 3007/2431/665 3008/2432/665
f 2719/2380/666 2688/2379/666 2935/2379/666 2936/2380/666
f 2793/2433/667 2792/2432/667 3008/2432/667 3009/2433/667
f 2720/2381/668 2719/2380/668 2936/2380/668 2937/2381/668
f 2794/2434/669 2793/2433/669 3009/2433/669 3010/2434/669
f 2721/2382/670 2720/2381/670 2937/2381/670 2938/2382/670
f 2795/2435/671 2794/2434/671 3010/2434/671 3011/2435/671
f 2722/2383/672 2721/2382/672 2938/2382/672 2939/2383/672
f 2796/2436/673 2795/2435/673 3011/2435/673 3012/2436/673
f 2723/2384/674 2722/2383/674 2939/2383/674 2940/2384/674
f 2797/2437/675 2796/2436/675 3012/2436/675 3013/2437/675
f 2724/2385/676 2723/2384/676 2940/2384/676 2941/2385/676
f 2798/2438/677 2797/2437/677 3013/2437/677 3014/2438/677
f 2689/2386/678 2724/2385/678 2941/2385/678 2942/2386/678
f 2799/2439/679 2798/2438/679 3014/2438/679 3015/2439/679
f 2725/2387/680 2689/2386/680 2942/2386/680 2943/2387/680
f 2800/2440/681 2799/2439/681 3015/2439/681 3016/2440/681
f 2726/2388/682 2725/2387/682 2943/2387/682 2944/2388/682
f 2801/2441/683 2800/2440/683 3016/2440/683 3017/2441/683
f 2727/2389/684 2726/2388/684 2944/2388/684 2945/2389/684
f 2802/2442/685 2801/2441/685 3017/2441/685 3018/2442/685
f 2728/2390/686 2727/2389/686 2945/2389/686 2946/2390/686
f 2803/2443/687 2802/2442/687 3018/2442/687 3019/2443/687
f 2645/2391/688 2728/2390/688 2946/2390/688 2862/2391/688
f 2804/2444/689 2803/2443/689 3019/2443/689 3020/2444/689
f 2729/2520/521 2732/2523/521 2947/2523/521 2852/2520/521
f 2805/2445/690 2804/2444/690 3020/2444/690 3021/2445/690
f 2730/2397/552 2650/2396/552 2867/2396/552 2948/2397/552
f 2806/2446/691 2805/2445/691 3021/2445/691 3022/2446/691
f 2807/2447/692 2806/2446/692 3022/2446/692 3023/2447/692
f 2731/2427/552 2730/2397/552 2948/2397/552 2868/2427/552
f 2808/2448/693 2807/2447/693 3023/2447/693 3024/2448/693
f 2732/2523/521 2635/2524/521 2872/2524/521 2947/2523/521
f 2809/2449/694 2808/2448/694 3024/2448/694 3025/2449/694
f 2810/2450/695 2809/2449/695 3025/2449/695 3026/2450/695
f 2654/2313/696 2653/2312/696 2846/2312/696 2847/2313/696
f 2811/2451/697 2810/2450/697 3026/2450/697 3027/2451/697
f 2633/2310/698 2631/2309/698 2848/2309/698 2849/2310/698
f 2812/2452/699 2811/2451/699 3027/2451/699 3028/2452/699
f 2733/2488/700 2734/2423/700 2952/2423/700 2951/2488/700
f 2631/2309/701 2632/2308/701 2850/2308/701 2848/2309/701
o Plane.010
v -0.140708 1.241997 3.556961
v -0.140708 1.234664 3.578666
v -0.140708 1.405940 3.550924
v -0.140708 1.496698 3.479027
v -0.140708 0.007329 3.750420
v -0.140708 1.562920 3.710091
v -0.140708 1.622077 3.736858
v -0.140708 1.713685 3.627679
v -0.140708 1.605056 3.536169
v -0.140708 1.546177 3.571473
v -0.140708 1.470894 3.570786
v -0.140708 1.465118 2.440745
v -0.140708 1.493260 3.302437
v -0.140708 1.489620 3.119849
v -0.140708 1.428354 1.421742
v -0.140708 1.511823 1.416086
v -0.140708 1.560193 1.447622
v -0.140708 1.646745 1.343138
v -0.140708 1.559687 1.257059
v -0.140708 1.498764 1.292339
v -0.140708 -0.019638 1.285868
v -0.140708 -0.021083 1.414789
v -0.140708 1.421519 3.421313
v -0.140708 1.363214 3.411653
v -0.140708 1.240733 3.416667
v -0.140708 1.234958 3.386782
v -0.140708 1.379509 3.380588
v -0.140708 1.451410 3.347908
v -0.140708 1.446131 3.268563
v -0.140708 1.400200 3.244740
v -0.140708 1.234837 3.239097
v -0.140708 1.231605 3.207336
v -0.140708 1.383215 3.202663
v -0.140708 1.444555 3.168784
v -0.140708 1.422236 3.079653
v -0.140708 1.331162 3.060780
v -0.140708 1.227904 3.064396
v -0.140708 1.225878 3.028038
v -0.140708 1.346546 3.026788
v -0.140708 1.415375 3.002594
v -0.140708 1.457820 2.950030
v -0.140708 1.407037 2.902524
v -0.140708 1.341095 2.881026
v -0.140708 1.224433 2.879677
v -0.140708 1.226670 2.855199
v -0.140708 1.277943 2.850459
v -0.140708 1.285685 2.827161
v -0.140708 1.268747 2.778437
v -0.140708 1.262998 2.756402
v -0.140708 1.271932 2.720922
v -0.140708 1.222774 2.718158
v -0.140708 1.218956 2.513775
v -0.140708 1.369715 2.508000
v -0.140708 1.416682 2.483359
v -0.140708 1.459757 2.292159
v -0.140708 1.454363 2.142642
v -0.140708 1.442766 1.821209
v -0.140708 1.436763 1.654818
v -0.140708 1.431365 1.505195
v -0.140708 1.410731 2.401105
v -0.140708 1.336447 2.376177
v -0.140708 1.219387 2.386402
v -0.140708 1.220252 2.362944
v -0.140708 1.359580 2.353220
v -0.140708 1.420910 2.325119
v -0.140708 1.392734 2.246546
v -0.140708 1.316177 2.233687
v -0.140708 1.217376 2.236078
v -0.140708 1.219666 2.211171
v -0.140708 1.345127 2.207499
v -0.140708 1.414141 2.182439
v -0.140708 1.418933 2.102532
v -0.140708 1.355889 2.072268
v -0.140708 1.210852 2.076567
v -0.140708 1.211745 2.052232
v -0.140708 1.324568 2.049388
v -0.140708 1.304355 2.026313
v -0.140708 1.282334 1.989798
v -0.140708 1.257554 1.969365
v -0.140708 1.268275 1.928282
v -0.140708 1.213044 1.917705
v -0.140708 1.210918 1.888632
v -0.140708 1.366201 1.885820
v -0.140708 1.377501 1.757808
v -0.140708 1.210750 1.751202
v -0.140708 1.210155 1.724709
v -0.140708 1.341252 1.724622
v -0.140708 1.398224 1.695613
v -0.140708 1.365665 1.605940
v -0.140708 1.276699 1.595336
v -0.140708 1.207261 1.596100
v -0.140708 1.209648 1.570197
v -0.140708 1.327432 1.568205
v -0.140708 1.382358 1.550023
v -0.140708 1.352201 1.459295
v -0.140708 1.242659 1.439687
v -0.140708 1.199266 1.440832
v -0.140708 1.207728 1.415908
v -0.140708 1.115174 3.721699
v -0.140708 1.078064 1.290546
v -0.140708 0.204292 1.286822
v -0.140708 0.236838 3.744470
v -0.140708 0.235069 3.610930
v -0.140708 1.113132 3.587960
v -0.140708 0.234752 3.586993
v -0.140708 1.112794 3.565764
v -0.140708 0.232825 3.441490
v -0.140708 1.110514 3.416411
v -0.140708 0.232428 3.411468
v -0.140708 1.110145 3.392220
v -0.140708 0.230514 3.266977
v -0.140708 1.107846 3.241625
v -0.140708 0.230070 3.233394
v -0.140708 1.107342 3.208595
v -0.140708 0.228150 3.088444
v -0.140708 1.105148 3.064901
v -0.140708 0.227737 3.057214
v -0.140708 1.104627 3.030723
v -0.140708 0.225766 2.908399
v -0.140708 1.102397 2.884682
v -0.140708 0.225501 2.888406
v -0.140708 1.102045 2.861630
v -0.140708 0.223696 2.752127
v -0.140708 1.099899 2.721013
v -0.140708 0.223205 2.715008
v -0.140708 0.221289 2.570306
v -0.140708 0.702661 2.694354
v -0.140708 0.704240 2.635504
v -0.140708 0.684191 2.618841
v -0.140708 0.698092 2.557874
v -0.140708 0.220787 2.532457
v -0.140708 1.096870 2.522591
v -0.140708 0.219081 2.403575
v -0.140708 1.094742 2.383146
v -0.140708 0.218679 2.373246
v -0.140708 1.094355 2.357824
v -0.140708 0.217028 2.248554
v -0.140708 1.092496 2.236059
v -0.140708 0.216702 2.223947
v -0.140708 1.092110 2.210716
v -0.140708 0.214895 2.087533
v -0.140708 1.090150 2.082371
v -0.140708 0.214555 2.061792
v -0.140708 1.089784 2.058367
v -0.140708 0.212646 1.917651
v -0.140708 1.087588 1.914529
v -0.140708 0.212343 1.894776
v -0.140708 1.087307 1.896085
v -0.140708 0.210604 1.763468
v -0.140708 1.085170 1.756095
v -0.140708 0.210201 1.733056
v -0.140708 1.084764 1.729503
v -0.140708 0.208546 1.608058
v -0.140708 1.082822 1.602299
v -0.140708 0.208134 1.576974
v -0.140708 1.082389 1.573919
v -0.140708 0.206462 1.450722
v -0.140708 1.080453 1.447066
v -0.140708 0.206113 1.424316
v -0.140708 1.080067 1.421806
v -0.140708 0.077385 1.424384
v -0.140708 0.077363 1.459276
v -0.140708 0.022147 1.458391
v -0.140708 0.023627 1.572310
v -0.140708 0.077277 1.577528
v -0.140708 0.081977 1.610267
v -0.140708 0.022022 1.611763
v -0.140708 0.029826 1.725803
v -0.140708 0.089760 1.730827
v -0.140708 0.088174 1.758970
v -0.140708 0.026654 1.761904
v -0.140708 0.029698 1.891732
v -0.140708 0.078627 1.889607
v -0.140708 0.080185 1.923464
v -0.140708 0.021781 1.922166
v -0.140708 0.032738 2.049738
v -0.140708 0.086398 2.049710
v -0.140708 0.089509 2.093719
v -0.140708 0.029542 2.094947
v -0.140708 0.034197 2.219207
v -0.140708 0.087858 2.215564
v -0.140708 0.092565 2.250530
v -0.140708 0.038898 2.255349
v -0.140708 0.043563 2.370562
v -0.140708 0.090906 2.367868
v -0.140708 0.092457 2.405105
v -0.140708 0.045103 2.407809
v -0.140708 0.040280 2.529975
v -0.140708 0.092373 2.532645
v -0.140708 0.095485 2.570951
v -0.140708 0.038646 2.582035
v -0.140708 0.005674 3.614409
v -0.140708 0.035120 2.710934
v -0.140708 0.094927 2.713815
v -0.140708 0.096465 2.747658
v -0.140708 0.028793 2.753770
v -0.140708 0.030292 2.881521
v -0.140708 0.093272 2.880738
v -0.140708 0.101112 2.918060
v -0.140708 0.028709 2.921033
v -0.140708 0.034922 3.055619
v -0.140708 0.096329 3.053444
v -0.140708 0.101014 3.087305
v -0.140708 0.039642 3.097438
v -0.140708 0.041130 3.226387
v -0.140708 0.094676 3.227310
v -0.140708 0.093076 3.274773
v -0.140708 0.037943 3.281830
v -0.140708 0.045775 3.409628
v -0.140708 0.102431 3.404643
v -0.140708 0.094565 3.447700
v -0.140708 0.042595 3.451547
v -0.140708 0.045675 3.585079
v -0.140708 0.097626 3.581000
v -0.140708 0.102347 3.610314
v -0.027903 1.421519 3.421313
v -0.027903 1.363214 3.411653
v -0.027903 1.241997 3.556961
v -0.027903 1.405940 3.550924
v -0.027903 1.234664 3.578666
v -0.027903 1.496698 3.479027
v -0.027903 1.115174 3.721699
v -0.027903 1.562920 3.710091
v -0.027903 1.622077 3.736858
v -0.027903 1.713685 3.627679
v -0.027903 1.605056 3.536169
v -0.027903 1.546177 3.571473
v -0.027903 1.470894 3.570786
v -0.027903 1.422236 3.079653
v -0.027903 1.331162 3.060780
v -0.027903 1.489620 3.119849
v -0.027903 1.428354 1.421742
v -0.027903 1.511823 1.416086
v -0.027903 1.560193 1.447622
v -0.027903 1.646745 1.343138
v -0.027903 1.559687 1.257059
v -0.027903 1.498764 1.292339
v -0.027903 0.204292 1.286822
v -0.027903 -0.019638 1.285868
v -0.027903 -0.021083 1.414789
v -0.027903 0.005674 3.614409
v -0.027903 0.007329 3.750420
v -0.027903 1.240733 3.416667
v -0.027903 1.234958 3.386782
v -0.027903 1.379509 3.380588
v -0.027903 1.451410 3.347908
v -0.027903 1.493260 3.302437
v -0.027903 1.446131 3.268563
v -0.027903 1.400200 3.244740
v -0.027903 1.234837 3.239097
v -0.027903 1.231605 3.207336
v -0.027903 1.383215 3.202663
v -0.027903 1.444555 3.168784
v -0.027903 1.227904 3.064396
v -0.027903 1.225878 3.028038
v -0.027903 1.346546 3.026788
v -0.027903 1.415375 3.002594
v -0.027903 1.457820 2.950030
v -0.027903 1.407037 2.902524
v -0.027903 1.341095 2.881026
v -0.027903 1.224433 2.879677
v -0.027903 1.226670 2.855199
v -0.027903 1.277943 2.850459
v -0.027903 1.285685 2.827161
v -0.027903 1.268747 2.778437
v -0.027903 1.262998 2.756402
v -0.027903 1.271932 2.720922
v -0.027903 1.222774 2.718158
v -0.027903 1.218956 2.513775
v -0.027903 1.369715 2.508000
v -0.027903 1.416682 2.483359
v -0.027903 1.465118 2.440745
v -0.027903 1.410731 2.401105
v -0.027903 1.336447 2.376177
v -0.027903 1.219387 2.386402
v -0.027903 1.220252 2.362944
v -0.027903 1.359580 2.353220
v -0.027903 1.420910 2.325119
v -0.027903 1.459757 2.292159
v -0.027903 1.392734 2.246546
v -0.027903 1.316177 2.233687
v -0.027903 1.217376 2.236078
v -0.027903 1.219666 2.211171
v -0.027903 1.345127 2.207499
v -0.027903 1.414141 2.182439
v -0.027903 1.454363 2.142642
v -0.027903 1.418933 2.102532
v -0.027903 1.355889 2.072268
v -0.027903 1.210852 2.076567
v -0.027903 1.211745 2.052232
v -0.027903 1.324568 2.049388
v -0.027903 1.304355 2.026313
v -0.027903 1.282334 1.989798
v -0.027903 1.257554 1.969365
v -0.027903 1.268275 1.928282
v -0.027903 1.213044 1.917705
v -0.027903 1.210918 1.888632
v -0.027903 1.366201 1.885820
v -0.027903 1.442766 1.821209
v -0.027903 1.377501 1.757808
v -0.027903 1.210750 1.751202
v -0.027903 1.210155 1.724709
v -0.027903 1.341252 1.724622
v -0.027903 1.398224 1.695613
v -0.027903 1.436763 1.654818
v -0.027903 1.365665 1.605940
v -0.027903 1.276699 1.595336
v -0.027903 1.207261 1.596100
v -0.027903 1.209648 1.570197
v -0.027903 1.327432 1.568205
v -0.027903 1.382358 1.550023
v -0.027903 1.431365 1.505195
v -0.027903 1.352201 1.459295
v -0.027903 1.242659 1.439687
v -0.027903 1.199266 1.440832
v -0.027903 1.207728 1.415908
v -0.027903 0.236838 3.744470
v -0.027903 1.078064 1.290546
v -0.027903 1.080067 1.421806
v -0.027903 0.206113 1.424316
v -0.027903 0.235069 3.610930
v -0.027903 1.113132 3.587960
v -0.027903 0.234752 3.586993
v -0.027903 1.112794 3.565764
v -0.027903 0.232825 3.441490
v -0.027903 1.110514 3.416411
v -0.027903 0.232428 3.411468
v -0.027903 1.110145 3.392220
v -0.027903 0.230514 3.266977
v -0.027903 1.107846 3.241625
v -0.027903 0.230070 3.233394
v -0.027903 1.107342 3.208595
v -0.027903 0.228150 3.088444
v -0.027903 1.105148 3.064901
v -0.027903 0.227737 3.057214
v -0.027903 1.104627 3.030723
v -0.027903 0.225766 2.908399
v -0.027903 1.102397 2.884682
v -0.027903 0.225501 2.888406
v -0.027903 1.102045 2.861630
v -0.027903 0.223696 2.752127
v -0.027903 1.099899 2.721013
v -0.027903 0.223205 2.715008
v -0.027903 0.221289 2.570306
v -0.027903 0.702661 2.694354
v -0.027903 0.704240 2.635504
v -0.027903 0.684191 2.618841
v -0.027903 0.698092 2.557874
v -0.027903 0.220787 2.532457
v -0.027903 1.096870 2.522591
v -0.027903 0.219081 2.403575
v -0.027903 1.094742 2.383146
v -0.027903 0.218679 2.373246
v -0.027903 1.094355 2.357824
v -0.027903 0.217028 2.248554
v -0.027903 1.092496 2.236059
v -0.027903 0.216702 2.223947
v -0.027903 1.092110 2.210716
v -0.027903 0.214895 2.087533
v -0.027903 1.090150 2.082371
v -0.027903 0.214555 2.061792
v -0.027903 1.089784 2.058367
v -0.027903 0.212646 1.917651
v -0.027903 1.087588 1.914529
v -0.027903 0.212343 1.894776
v -0.027903 1.087307 1.896085
v -0.027903 0.210604 1.763468
v -0.027903 1.085170 1.756095
v -0.027903 0.210201 1.733056
v -0.027903 1.084764 1.729503
v -0.027903 0.208546 1.608058
v -0.027903 1.082822 1.602299
v -0.027903 0.208134 1.576974
v -0.027903 1.082389 1.573919
v -0.027903 0.206462 1.450722
v -0.027903 1.080453 1.447066
v -0.027903 0.077385 1.424384
v -0.027903 0.077363 1.459276
v -0.027903 0.022147 1.458391
v -0.027903 0.023627 1.572310
v -0.027903 0.077277 1.577528
v -0.027903 0.081977 1.610267
v -0.027903 0.022022 1.611763
v -0.027903 0.029826 1.725803
v -0.027903 0.089760 1.730827
v -0.027903 0.088174 1.758970
v -0.027903 0.026654 1.761904
v -0.027903 0.029698 1.891732
v -0.027903 0.078627 1.889607
v -0.027903 0.080185 1.923464
v -0.027903 0.021781 1.922166
v -0.027903 0.032738 2.049738
v -0.027903 0.086398 2.049710
v -0.027903 0.089509 2.093719
v -0.027903 0.029542 2.094947
v -0.027903 0.034197 2.219207
v -0.027903 0.087858 2.215564
v -0.027903 0.092565 2.250530
v -0.027903 0.038898 2.255349
v -0.027903 0.043563 2.370562
v -0.027903 0.090906 2.367868
v -0.027903 0.092457 2.405105
v -0.027903 0.045103 2.407809
v -0.027903 0.040280 2.529975
v -0.027903 0.092373 2.532645
v -0.027903 0.095485 2.570951
v -0.027903 0.038646 2.582035
v -0.027903 0.035120 2.710934
v -0.027903 0.094927 2.713815
v -0.027903 0.096465 2.747658
v -0.027903 0.028793 2.753770
v -0.027903 0.030292 2.881521
v -0.027903 0.093272 2.880738
v -0.027903 0.101112 2.918060
v -0.027903 0.028709 2.921033
v -0.027903 0.034922 3.055619
v -0.027903 0.096329 3.053444
v -0.027903 0.101014 3.087305
v -0.027903 0.039642 3.097438
v -0.027903 0.041130 3.226387
v -0.027903 0.094676 3.227310
v -0.027903 0.093076 3.274773
v -0.027903 0.037943 3.281830
v -0.027903 0.045775 3.409628
v -0.027903 0.102431 3.404643
v -0.027903 0.094565 3.447700
v -0.027903 0.042595 3.451547
v -0.027903 0.045675 3.585079
v -0.027903 0.097626 3.581000
v -0.027903 0.102347 3.610314
vn -1.0000 -0.0000 -0.0000
vn 1.0000 -0.0000 -0.0000
vn -0.0000 -0.0894 -0.9960
vn -0.0000 0.9999 -0.0132
vn -0.0000 0.6210 0.7838
vn -0.0000 -0.9992 0.0405
vn -0.0000 -0.9999 0.0153
vn -0.0000 0.0259 0.9997
vn -0.0000 0.0568 0.9984
vn -0.0000 0.0242 0.9997
vn -0.0000 -0.4122 0.9111
vn -0.0000 -0.9991 0.0416
vn -0.0000 0.7661 0.6428
vn -0.0000 -0.0570 -0.9984
vn -0.0000 0.6443 -0.7648
vn -0.0000 -0.9992 -0.0394
vn -0.0000 -0.0286 -0.9996
vn -0.0000 -0.5142 -0.8576
vn -0.0000 -0.0512 0.9987
vn -0.0000 0.0091 -1.0000
vn -0.0000 -0.9967 0.0810
vn -0.0000 0.2029 -0.9792
vn -0.0000 -0.1914 -0.9815
vn -0.0000 0.0219 0.9998
vn -0.0000 0.5123 -0.8588
vn -0.0000 -0.9996 -0.0273
vn -0.0000 0.0676 0.9977
vn -0.0000 -0.0481 0.9988
vn -0.0000 -0.5462 0.8377
vn -0.0000 -0.9990 0.0454
vn -0.0000 -0.0289 -0.9996
vn -0.0000 0.7701 0.6379
vn -0.0000 -0.0900 -0.9959
vn -0.0000 0.7031 -0.7111
vn -0.0000 -0.9999 0.0117
vn -0.0000 -0.5011 -0.8654
vn -0.0000 0.0124 0.9999
vn -0.0000 0.0283 0.9996
vn -0.0000 0.0043 -1.0000
vn -0.0000 -0.9786 0.2056
vn -0.0000 -0.9999 -0.0112
vn -0.0000 -0.0410 -0.9992
vn -0.0000 -0.9999 0.0122
vn -0.0000 -0.9989 0.0461
vn -0.0000 -0.0268 -0.9996
vn -0.0000 -0.0333 -0.9994
vn -0.0000 0.0354 0.9994
vn -0.0000 0.6089 -0.7932
vn -0.0000 -0.9906 0.1371
vn -0.0000 -0.0409 -0.9992
vn -0.0000 -0.1629 -0.9866
vn -0.0000 0.0302 0.9995
vn -0.0000 0.9818 -0.1897
vn -0.0000 -0.9999 0.0115
vn -0.0000 0.0428 0.9991
vn -0.0000 -0.0172 0.9999
vn -0.0000 0.4138 0.9104
vn -0.0000 -0.9994 -0.0337
vn -0.0000 -0.0270 -0.9996
vn -0.0000 0.7358 0.6772
vn -0.0000 -0.1270 -0.9919
vn -0.0000 0.5836 -0.8120
vn -0.0000 -0.9981 0.0612
vn -0.0000 0.4604 -0.8877
vn -0.0000 0.0876 0.9962
vn -0.0000 0.0305 0.9995
vn -0.0000 0.0341 -0.9994
vn -0.0000 -0.9837 -0.1797
vn -0.0000 0.9949 -0.1012
vn -0.0000 -0.0738 -0.9973
vn -0.0000 0.0308 0.9995
vn -0.0000 -0.9997 0.0231
vn -0.0000 -0.0355 -0.9994
vn -0.0000 0.4835 0.8754
vn -0.0000 0.0783 0.9969
vn -0.0000 0.7356 0.6774
vn -0.0000 -0.9873 0.1590
vn -0.0000 -0.0350 -0.9994
vn -0.0000 -0.0423 -0.9991
vn -0.0000 0.0430 0.9991
vn -0.0000 0.9985 -0.0557
vn -0.0000 0.9996 0.0268
vn -0.0000 0.0104 0.9999
vn -0.0000 0.6392 -0.7691
vn -0.0000 0.3316 0.9434
vn -0.0000 0.9750 0.2223
vn -0.0000 0.7780 0.6282
vn -0.0000 -0.0261 -0.9997
vn -0.0000 0.6832 -0.7303
vn -0.0000 0.3100 -0.9508
vn -0.0000 0.0116 -0.9999
vn -0.0000 0.0113 0.9999
vn -0.0000 0.9959 0.0910
vn -0.0000 0.0920 0.9958
vn -0.0000 0.9490 0.3153
vn -0.0000 -0.0233 -0.9997
vn -0.0000 0.9446 -0.3284
vn -0.0000 0.9676 -0.2524
vn -0.0000 0.9697 0.2442
vn -0.0000 0.0176 0.9998
vn -0.0000 0.0561 -0.9984
vn -0.0000 0.9998 -0.0187
vn -0.0000 0.0383 0.9993
vn -0.0000 -0.0143 -0.9999
vn -0.0000 0.4646 0.8855
vn -0.0000 0.6605 0.7508
vn -0.0000 0.5890 -0.8081
vn -0.0000 0.0151 0.9999
vn -0.0000 0.3181 -0.9480
vn -0.0000 -0.0870 -0.9962
vn -0.0000 0.9993 0.0369
vn -0.0000 -0.0059 -1.0000
vn -0.0000 0.0696 0.9976
vn -0.0000 0.4165 0.9091
vn -0.0000 0.6470 0.7625
vn -0.0000 0.0039 1.0000
vn -0.0000 0.5626 -0.8267
vn -0.0000 0.1656 -0.9862
vn -0.0000 -0.0242 -0.9997
vn -0.0000 -0.0036 -1.0000
vn -0.0000 0.9958 0.0915
vn -0.0000 0.0293 0.9996
vn -0.0000 0.3413 0.9400
vn -0.0000 -0.0015 1.0000
vn -0.0000 0.7033 0.7109
vn -0.0000 0.7495 -0.6620
vn -0.0000 0.4328 -0.9015
vn -0.0000 -0.0084 -1.0000
vn -0.0000 -0.0296 -0.9996
vn -0.0000 0.9993 0.0367
vn -0.0000 0.0252 0.9997
vn -0.0000 0.0041 1.0000
vn -0.0000 0.7522 -0.6589
vn -0.0000 0.8563 -0.5164
vn -0.0000 0.6362 -0.7715
vn -0.0000 -0.0066 -1.0000
vn -0.0000 0.9676 0.2525
vn -0.0000 0.1881 -0.9822
vn -0.0000 0.9973 -0.0729
vn -0.0000 0.0035 1.0000
vn -0.0000 0.0181 0.9998
vn -0.0000 0.6449 0.7642
vn -0.0000 0.6968 -0.7173
vn -0.0000 -0.0042 -1.0000
vn -0.0000 0.0396 -0.9992
vn -0.0000 0.9997 -0.0224
vn -0.0000 0.0007 1.0000
vn -0.0000 0.0029 1.0000
vn -0.0000 0.4537 0.8911
vn -0.0000 -0.0970 0.9953
vn -0.0000 0.7269 0.6867
vn -0.0000 -1.0000 -0.0006
vn -0.0000 0.5665 -0.8241
vn -0.0000 0.0160 -0.9999
vn -0.0000 0.1183 -0.9930
vn -0.0000 -0.9999 0.0130
vn -0.0000 -0.0110 -0.9999
vn -0.0000 -0.0968 0.9953
vn -0.0000 0.9958 0.0918
vn -0.0000 -0.9899 0.1421
vn -0.0000 0.0169 0.9999
vn -0.0000 -0.0249 -0.9997
vn -0.0000 0.3143 0.9493
vn -0.0000 -0.9977 0.0683
vn -0.0000 0.6750 0.7379
vn -0.0000 -0.0835 0.9965
vn -0.0000 0.5016 -0.8651
vn -0.0000 -0.9984 -0.0563
vn -0.0000 0.1762 -0.9844
vn -0.0000 -0.0476 -0.9989
vn -0.0000 -0.0264 -0.9997
vn -0.0000 -0.9997 0.0234
vn -0.0000 0.9469 0.3215
vn -0.0000 0.0434 0.9991
vn -0.0000 -0.0264 0.9997
vn -0.0000 -0.9989 0.0460
vn -0.0000 0.0222 -0.9998
vn -0.0000 -0.9963 0.0856
vn -0.0000 0.0005 1.0000
vn -0.0000 -0.9975 0.0705
vn -0.0000 -0.0205 -0.9998
vn -0.0000 -0.9993 0.0374
vn -0.0000 0.1635 -0.9866
vn -0.0000 0.0677 0.9977
vn -0.0000 0.0368 0.9993
vn -0.0000 -0.9911 0.1334
vn -0.0000 -0.0262 -0.9997
vn -0.0000 0.9474 0.3201
vt 0.112219 0.721267
vt 0.144668 0.693359
vt 0.132149 0.678233
vt 0.132392 0.658892
vt 0.129598 0.598203
vt 0.137295 0.600087
vt 0.139436 0.642205
vt 0.164930 0.665521
vt 0.185395 0.646208
vt 0.188820 0.631229
vt 0.187042 0.599763
vt 0.197639 0.598279
vt 0.199836 0.635415
vt 0.211424 0.653887
vt 0.227547 0.664638
vt 0.239559 0.652530
vt 0.248006 0.640731
vt 0.250008 0.598248
vt 0.261270 0.597417
vt 0.262927 0.636367
vt 0.274940 0.652126
vt 0.292292 0.663703
vt 0.306545 0.646392
vt 0.313238 0.622994
vt 0.311955 0.596467
vt 0.324848 0.595946
vt 0.325291 0.626947
vt 0.333870 0.644629
vt 0.352509 0.655534
vt 0.369354 0.642487
vt 0.376977 0.625546
vt 0.377456 0.595575
vt 0.386135 0.596150
vt 0.387816 0.609322
vt 0.396078 0.611311
vt 0.413355 0.606959
vt 0.421168 0.605483
vt 0.433749 0.607778
vt 0.434729 0.595149
vt 0.507202 0.594168
vt 0.509250 0.632899
vt 0.517988 0.644965
vt 0.533098 0.657408
vt 0.547155 0.643436
vt 0.555994 0.624352
vt 0.552368 0.594279
vt 0.560686 0.594501
vt 0.564134 0.630295
vt 0.574099 0.646051
vt 0.585786 0.656031
vt 0.601960 0.638813
vt 0.606520 0.619145
vt 0.605672 0.593762
vt 0.614504 0.594350
vt 0.615806 0.626582
vt 0.624692 0.644312
vt 0.638804 0.654645
vt 0.653026 0.645543
vt 0.663758 0.629347
vt 0.662234 0.592086
vt 0.670863 0.592315
vt 0.671871 0.621301
vt 0.680053 0.616107
vt 0.693001 0.610450
vt 0.700247 0.604084
vt 0.714814 0.606838
vt 0.718565 0.592649
vt 0.728874 0.592103
vt 0.729872 0.631996
vt 0.752782 0.651666
vt 0.775263 0.634899
vt 0.777606 0.592060
vt 0.787000 0.591907
vt 0.787031 0.625586
vt 0.797318 0.640223
vt 0.811783 0.650124
vt 0.829115 0.631858
vt 0.832875 0.609002
vt 0.832604 0.591163
vt 0.841789 0.591777
vt 0.842496 0.622036
vt 0.848943 0.636147
vt 0.864839 0.648737
vt 0.881115 0.628399
vt 0.888067 0.600258
vt 0.887661 0.589110
vt 0.896500 0.591284
vt 0.894431 0.647963
vt 0.896436 0.669407
vt 0.885254 0.681834
vt 0.922303 0.704069
vt 0.952826 0.681704
vt 0.940316 0.666052
vt 0.940952 0.557972
vt 0.894408 0.558487
vt 0.885451 0.558586
vt 0.840469 0.559083
vt 0.830406 0.559195
vt 0.785300 0.559694
vt 0.775871 0.559798
vt 0.726232 0.560347
vt 0.719691 0.560419
vt 0.668687 0.560983
vt 0.660175 0.561077
vt 0.614665 0.561581
vt 0.605679 0.561680
vt 0.562502 0.562158
vt 0.553522 0.562257
vt 0.504076 0.562804
vt 0.433717 0.563582
vt 0.383855 0.564133
vt 0.375681 0.564224
vt 0.323896 0.564796
vt 0.311776 0.564930
vt 0.260823 0.565494
vt 0.249111 0.565623
vt 0.195711 0.566214
vt 0.187133 0.566309
vt 0.134173 0.566894
vt 0.126303 0.566981
vt 0.078880 0.567506
vt 0.082996 0.682534
vt 0.073504 0.697732
vt 0.942272 0.333495
vt 0.893518 0.333963
vt 0.942611 0.275967
vt 0.896896 0.275596
vt 0.893493 0.300892
vt 0.881121 0.300887
vt 0.881435 0.286701
vt 0.841040 0.287082
vt 0.839190 0.300865
vt 0.827581 0.302072
vt 0.827050 0.286669
vt 0.786612 0.288674
vt 0.784831 0.304072
vt 0.774852 0.303664
vt 0.773811 0.287859
vt 0.727775 0.288641
vt 0.728528 0.301211
vt 0.716523 0.301612
vt 0.716983 0.286607
vt 0.671747 0.289422
vt 0.671757 0.303208
vt 0.656152 0.304007
vt 0.655716 0.288601
vt 0.611654 0.289797
vt 0.612946 0.303583
vt 0.600547 0.304792
vt 0.598838 0.291005
vt 0.557985 0.292203
vt 0.558940 0.304366
vt 0.545736 0.304764
vt 0.544777 0.292599
vt 0.501458 0.291360
vt 0.500511 0.304743
vt 0.486928 0.305542
vt 0.482998 0.290940
vt 0.437291 0.290034
vt 0.436269 0.305399
vt 0.424269 0.305794
vt 0.422101 0.288409
vt 0.376802 0.288794
vt 0.377079 0.304974
vt 0.363845 0.306988
vt 0.362791 0.288387
vt 0.315068 0.289984
vt 0.315839 0.305759
vt 0.303832 0.306963
vt 0.300239 0.291196
vt 0.254515 0.291578
vt 0.254187 0.305335
vt 0.237357 0.304924
vt 0.234855 0.290760
vt 0.189538 0.292772
vt 0.191306 0.307327
vt 0.176038 0.305306
vt 0.174674 0.291955
vt 0.127324 0.292746
vt 0.128771 0.306093
vt 0.118376 0.307305
vt 0.116924 0.282470
vt 0.068696 0.282895
vt 0.070805 0.341857
vt 0.118158 0.341402
vt 0.126646 0.341321
vt 0.178240 0.340826
vt 0.188886 0.340724
vt 0.240121 0.340232
vt 0.252030 0.340118
vt 0.303428 0.339625
vt 0.314502 0.339519
vt 0.367271 0.339012
vt 0.374360 0.338944
vt 0.422684 0.338481
vt 0.435846 0.338354
vt 0.487157 0.337862
vt 0.500578 0.337733
vt 0.546279 0.337295
vt 0.557033 0.337192
vt 0.601248 0.336767
vt 0.609973 0.336684
vt 0.658345 0.336220
vt 0.667473 0.336132
vt 0.718584 0.335642
vt 0.726695 0.335564
vt 0.773256 0.335117
vt 0.784041 0.335014
vt 0.828364 0.334588
vt 0.839386 0.334483
vt 0.884154 0.334053
vt 0.443170 0.461529
vt 0.464038 0.461935
vt 0.469946 0.456784
vt 0.491565 0.460355
vt 0.061000 0.680701
vt 0.056884 0.565673
vt 0.051508 0.695899
vt 0.090222 0.719434
vt 0.048809 0.340024
vt 0.046699 0.281062
s 0
usemtl Material.012
f 3068/2525/702 3069/2526/702 3070/2527/702 3071/2528/702 3062/2529/702 3061/2530/702 3063/2531/702 3064/2532/702 3083/2533/702 3084/2534/702 3085/2535/702 3086/2536/702 3087/2537/702 3088/2538/702 3073/2539/702 3089/2540/702 3090/2541/702 3091/2542/702 3092/2543/702 3093/2544/702 3094/2545/702 3074/2546/702 3095/2547/702 3096/2548/702 3097/2549/702 3098/2550/702 3099/2551/702 3100/2552/702 3101/2553/702 3102/2554/702 3103/2555/702 3104/2556/702 3105/2557/702 3106/2558/702 3107/2559/702 3108/2560/702 3109/2561/702 3110/2562/702 3111/2563/702 3112/2564/702 3113/2565/702 3114/2566/702 3072/2567/702 3120/2568/702 3121/2569/702 3122/2570/702 3123/2571/702 3124/2572/702 3125/2573/702 3115/2574/702 3126/2575/702 3127/2576/702 3128/2577/702 3129/2578/702 3130/2579/702 3131/2580/702 3116/2581/702 3132/2582/702 3133/2583/702 3134/2584/702 3135/2585/702 3136/2586/702 3137/2587/702 3138/2588/702 3139/2589/702 3140/2590/702 3141/2591/702 3142/2592/702 3143/2593/702 3117/2594/702 3144/2595/702 3145/2596/702 3146/2597/702 3147/2598/702 3148/2599/702 3118/2600/702 3149/2601/702 3150/2602/702 3151/2603/702 3152/2604/702 3153/2605/702 3154/2606/702 3119/2607/702 3155/2608/702 3156/2609/702 3157/2610/702 3158/2611/702 3075/2612/702 3076/2613/702 3077/2614/702 3078/2615/702 3079/2616/702 3080/2617/702 3160/2618/702 3220/2619/702 3218/2620/702 3216/2621/702 3214/2622/702 3212/2623/702 3210/2624/702 3208/2625/702 3206/2626/702 3204/2627/702 3202/2628/702 3200/2629/702 3198/2630/702 3196/2631/702 3194/2632/702 3192/2633/702 3184/2634/702 3182/2635/702 3180/2636/702 3178/2637/702 3176/2638/702 3174/2639/702 3172/2640/702 3170/2641/702 3168/2642/702 3166/2643/702 3164/2644/702 3159/2645/702 3066/2646/702 3067/2647/702
f 3160/2618/702 3161/2648/702 3219/2649/702 3220/2619/702
f 3161/2648/702 3081/2650/702 3082/2651/702 3221/2652/702 3222/2653/702 3223/2654/702 3224/2655/702 3225/2656/702 3226/2657/702 3227/2658/702 3228/2659/702 3229/2660/702 3230/2661/702 3231/2662/702 3232/2663/702 3233/2664/702 3234/2665/702 3235/2666/702 3236/2667/702 3237/2668/702 3238/2669/702 3239/2670/702 3240/2671/702 3241/2672/702 3242/2673/702 3243/2674/702 3244/2675/702 3245/2676/702 3246/2677/702 3247/2678/702 3248/2679/702 3249/2680/702 3250/2681/702 3251/2682/702 3253/2683/702 3254/2684/702 3255/2685/702 3256/2686/702 3257/2687/702 3258/2688/702 3259/2689/702 3260/2690/702 3261/2691/702 3262/2692/702 3263/2693/702 3264/2694/702 3265/2695/702 3266/2696/702 3267/2697/702 3268/2698/702 3269/2699/702 3270/2700/702 3271/2701/702 3272/2702/702 3273/2703/702 3274/2704/702 3275/2705/702 3252/2706/702 3065/2707/702 3162/2708/702 3163/2709/702 3165/2710/702 3167/2711/702 3169/2712/702 3171/2713/702 3173/2714/702 3175/2715/702 3177/2716/702 3179/2717/702 3181/2718/702 3183/2719/702 3185/2720/702 3186/2721/702 3191/2722/702 3193/2723/702 3195/2724/702 3197/2725/702 3199/2726/702 3201/2727/702 3203/2728/702 3205/2729/702 3207/2730/702 3209/2731/702 3211/2732/702 3213/2733/702 3215/2734/702 3217/2735/702 3219/2649/702
f 3167/2711/702 3165/2710/702 3166/2643/702 3168/2642/702
f 3163/2709/702 3162/2708/702 3159/2645/702 3164/2644/702
f 3171/2713/702 3169/2712/702 3170/2641/702 3172/2640/702
f 3175/2715/702 3173/2714/702 3174/2639/702 3176/2638/702
f 3197/2725/702 3195/2724/702 3196/2631/702 3198/2630/702
f 3179/2717/702 3177/2716/702 3178/2637/702 3180/2636/702
f 3193/2723/702 3191/2722/702 3192/2633/702 3194/2632/702
f 3183/2719/702 3181/2718/702 3182/2635/702 3184/2634/702
f 3186/2721/702 3185/2720/702 3187/2736/702 3188/2737/702 3189/2738/702 3190/2739/702
f 3201/2727/702 3199/2726/702 3200/2629/702 3202/2628/702
f 3205/2729/702 3203/2728/702 3204/2627/702 3206/2626/702
f 3209/2731/702 3207/2730/702 3208/2625/702 3210/2624/702
f 3213/2733/702 3211/2732/702 3212/2623/702 3214/2622/702
f 3217/2735/702 3215/2734/702 3216/2621/702 3218/2620/702
f 3285/2525/703 3284/2647/703 3283/2646/703 3282/2645/703 3382/2644/703 3384/2643/703 3386/2642/703 3388/2641/703 3390/2640/703 3392/2639/703 3394/2638/703 3396/2637/703 3398/2636/703 3400/2635/703 3402/2634/703 3410/2633/703 3412/2632/703 3414/2631/703 3416/2630/703 3418/2629/703 3420/2628/703 3422/2627/703 3424/2626/703 3426/2625/703 3428/2624/703 3430/2623/703 3432/2622/703 3434/2621/703 3436/2620/703 3379/2619/703 3378/2618/703 3297/2617/703 3296/2616/703 3295/2615/703 3294/2614/703 3293/2613/703 3292/2612/703 3376/2611/703 3375/2610/703 3374/2609/703 3373/2608/703 3372/2607/703 3371/2606/703 3370/2605/703 3369/2604/703 3368/2603/703 3367/2602/703 3366/2601/703 3365/2600/703 3364/2599/703 3363/2598/703 3362/2597/703 3361/2596/703 3360/2595/703 3359/2594/703 3358/2593/703 3357/2592/703 3356/2591/703 3355/2590/703 3354/2589/703 3353/2588/703 3352/2587/703 3351/2586/703 3350/2585/703 3349/2584/703 3348/2583/703 3347/2582/703 3346/2581/703 3345/2580/703 3344/2579/703 3343/2578/703 3342/2577/703 3341/2576/703 3340/2575/703 3339/2574/703 3338/2573/703 3337/2572/703 3336/2571/703 3335/2570/703 3334/2569/703 3333/2568/703 3332/2567/703 3331/2566/703 3330/2565/703 3329/2564/703 3328/2563/703 3327/2562/703 3326/2561/703 3325/2560/703 3324/2559/703 3323/2558/703 3322/2557/703 3321/2556/703 3320/2555/703 3319/2554/703 3318/2553/703 3317/2552/703 3316/2551/703 3315/2550/703 3314/2549/703 3290/2548/703 3289/2547/703 3291/2546/703 3313/2545/703 3312/2544/703 3311/2543/703 3310/2542/703 3309/2541/703 3308/2540/703 3307/2539/703 3306/2538/703 3305/2537/703 3304/2536/703 3303/2535/703 3277/2534/703 3276/2533/703 3281/2532/703 3279/2531/703 3278/2530/703 3280/2529/703 3288/2528/703 3287/2527/703 3286/2526/703
f 3378/2618/703 3379/2619/703 3380/2649/703 3298/2648/703
f 3298/2648/703 3380/2649/703 3435/2735/703 3433/2734/703 3431/2733/703 3429/2732/703 3427/2731/703 3425/2730/703 3423/2729/703 3421/2728/703 3419/2727/703 3417/2726/703 3415/2725/703 3413/2724/703 3411/2723/703 3409/2722/703 3404/2721/703 3403/2720/703 3401/2719/703 3399/2718/703 3397/2717/703 3395/2716/703 3393/2715/703 3391/2714/703 3389/2713/703 3387/2712/703 3385/2711/703 3383/2710/703 3381/2709/703 3377/2708/703 3302/2707/703 3301/2706/703 3490/2705/703 3489/2704/703 3488/2703/703 3487/2702/703 3486/2701/703 3485/2700/703 3484/2699/703 3483/2698/703 3482/2697/703 3481/2696/703 3480/2695/703 3479/2694/703 3478/2693/703 3477/2692/703 3476/2691/703 3475/2690/703 3474/2689/703 3473/2688/703 3472/2687/703 3471/2686/703 3470/2685/703 3469/2684/703 3468/2683/703 3467/2682/703 3466/2681/703 3465/2680/703 3464/2679/703 3463/2678/703 3462/2677/703 3461/2676/703 3460/2675/703 3459/2674/703 3458/2673/703 3457/2672/703 3456/2671/703 3455/2670/703 3454/2669/703 3453/2668/703 3452/2667/703 3451/2666/703 3450/2665/703 3449/2664/703 3448/2663/703 3447/2662/703 3446/2661/703 3445/2660/703 3444/2659/703 3443/2658/703 3442/2657/703 3441/2656/703 3440/2655/703 3439/2654/703 3438/2653/703 3437/2652/703 3300/2651/703 3299/2650/703
f 3385/2711/703 3386/2642/703 3384/2643/703 3383/2710/703
f 3381/2709/703 3382/2644/703 3282/2645/703 3377/2708/703
f 3389/2713/703 3390/2640/703 3388/2641/703 3387/2712/703
f 3393/2715/703 3394/2638/703 3392/2639/703 3391/2714/703
f 3415/2725/703 3416/2630/703 3414/2631/703 3413/2724/703
f 3397/2717/703 3398/2636/703 3396/2637/703 3395/2716/703
f 3411/2723/703 3412/2632/703 3410/2633/703 3409/2722/703
f 3401/2719/703 3402/2634/703 3400/2635/703 3399/2718/703
f 3404/2721/703 3408/2739/703 3407/2738/703 3406/2737/703 3405/2736/703 3403/2720/703
f 3419/2727/703 3420/2628/703 3418/2629/703 3417/2726/703
f 3423/2729/703 3424/2626/703 3422/2627/703 3421/2728/703
f 3427/2731/703 3428/2624/703 3426/2625/703 3425/2730/703
f 3431/2733/703 3432/2622/703 3430/2623/703 3429/2732/703
f 3435/2735/703 3436/2620/703 3434/2621/703 3433/2734/703
f 3243/2674/704 3242/2673/704 3458/2673/704 3459/2674/704
f 3165/2710/705 3163/2709/705 3381/2709/705 3383/2710/705
f 3064/2532/706 3063/2531/706 3279/2531/706 3281/2532/706
f 3244/2675/707 3243/2674/707 3459/2674/707 3460/2675/707
f 3164/2644/708 3166/2643/708 3384/2643/708 3382/2644/708
f 3066/2740/709 3159/2741/709 3282/2741/709 3283/2740/709
f 3245/2676/710 3244/2675/710 3460/2675/710 3461/2676/710
f 3166/2643/711 3165/2710/711 3383/2710/711 3384/2643/711
f 3067/2742/712 3066/2740/712 3283/2740/712 3284/2742/712
f 3246/2677/713 3245/2676/713 3461/2676/713 3462/2677/713
f 3068/2743/714 3067/2742/714 3284/2742/714 3285/2743/714
f 3247/2678/715 3246/2677/715 3462/2677/715 3463/2678/715
f 3069/2526/716 3068/2525/716 3285/2525/716 3286/2526/716
f 3248/2679/717 3247/2678/717 3463/2678/717 3464/2679/717
f 3167/2711/718 3168/2642/718 3386/2642/718 3385/2711/718
f 3070/2527/719 3069/2526/719 3286/2526/719 3287/2527/719
f 3249/2680/720 3248/2679/720 3464/2679/720 3465/2680/720
f 3169/2712/705 3167/2711/705 3385/2711/705 3387/2712/705
f 3071/2528/721 3070/2527/721 3287/2527/721 3288/2528/721
f 3250/2681/722 3249/2680/722 3465/2680/722 3466/2681/722
f 3168/2642/708 3170/2641/708 3388/2641/708 3386/2642/708
f 3096/2548/723 3095/2547/723 3289/2547/723 3290/2548/723
f 3251/2682/724 3250/2681/724 3466/2681/724 3467/2682/724
f 3170/2641/725 3169/2712/725 3387/2712/725 3388/2641/725
f 3095/2547/726 3074/2546/726 3291/2546/726 3289/2547/726
f 3253/2683/727 3251/2682/727 3467/2682/727 3468/2683/727
f 3076/2613/728 3075/2612/728 3292/2612/728 3293/2613/728
f 3254/2684/729 3253/2683/729 3468/2683/729 3469/2684/729
f 3077/2614/730 3076/2613/730 3293/2613/730 3294/2614/730
f 3255/2685/731 3254/2684/731 3469/2684/731 3470/2685/731
f 3171/2713/732 3172/2640/732 3390/2640/732 3389/2713/732
f 3078/2615/733 3077/2614/733 3294/2614/733 3295/2615/733
f 3256/2686/734 3255/2685/734 3470/2685/734 3471/2686/734
f 3173/2714/705 3171/2713/705 3389/2713/705 3391/2714/705
f 3079/2616/735 3078/2615/735 3295/2615/735 3296/2616/735
f 3257/2687/736 3256/2686/736 3471/2686/736 3472/2687/736
f 3172/2640/708 3174/2639/708 3392/2639/708 3390/2640/708
f 3080/2617/737 3079/2616/737 3296/2616/737 3297/2617/737
f 3258/2688/738 3257/2687/738 3472/2687/738 3473/2688/738
f 3174/2639/739 3173/2714/739 3391/2714/739 3392/2639/739
f 3081/2650/740 3161/2648/740 3298/2648/740 3299/2650/740
f 3259/2689/741 3258/2688/741 3473/2688/741 3474/2689/741
f 3082/2651/742 3081/2650/742 3299/2650/742 3300/2651/742
f 3260/2690/743 3259/2689/743 3474/2689/743 3475/2690/743
f 3065/2707/744 3252/2706/744 3301/2706/744 3302/2707/744
f 3261/2691/745 3260/2690/745 3475/2690/745 3476/2691/745
f 3175/2715/746 3176/2638/746 3394/2638/746 3393/2715/746
f 3062/2529/747 3071/2528/747 3288/2528/747 3280/2529/747
f 3262/2692/748 3261/2691/748 3476/2691/748 3477/2692/748
f 3177/2716/705 3175/2715/705 3393/2715/705 3395/2716/705
f 3083/2533/749 3064/2532/749 3281/2532/749 3276/2533/749
f 3263/2693/750 3262/2692/750 3477/2692/750 3478/2693/750
f 3176/2638/708 3178/2637/708 3396/2637/708 3394/2638/708
f 3085/2535/751 3084/2534/751 3277/2534/751 3303/2535/751
f 3264/2694/752 3263/2693/752 3478/2693/752 3479/2694/752
f 3178/2637/753 3177/2716/753 3395/2716/753 3396/2637/753
f 3086/2536/754 3085/2535/754 3303/2535/754 3304/2536/754
f 3265/2695/755 3264/2694/755 3479/2694/755 3480/2695/755
f 3087/2537/756 3086/2536/756 3304/2536/756 3305/2537/756
f 3266/2696/757 3265/2695/757 3480/2695/757 3481/2696/757
f 3088/2538/758 3087/2537/758 3305/2537/758 3306/2538/758
f 3267/2697/759 3266/2696/759 3481/2696/759 3482/2697/759
f 3179/2717/760 3180/2636/760 3398/2636/760 3397/2717/760
f 3073/2539/761 3088/2538/761 3306/2538/761 3307/2539/761
f 3268/2698/762 3267/2697/762 3482/2697/762 3483/2698/762
f 3181/2718/705 3179/2717/705 3397/2717/705 3399/2718/705
f 3089/2540/763 3073/2539/763 3307/2539/763 3308/2540/763
f 3269/2699/764 3268/2698/764 3483/2698/764 3484/2699/764
f 3180/2636/708 3182/2635/708 3400/2635/708 3398/2636/708
f 3090/2541/765 3089/2540/765 3308/2540/765 3309/2541/765
f 3270/2700/766 3269/2699/766 3484/2699/766 3485/2700/766
f 3182/2635/767 3181/2718/767 3399/2718/767 3400/2635/767
f 3091/2542/768 3090/2541/768 3309/2541/768 3310/2542/768
f 3271/2701/769 3270/2700/769 3485/2700/769 3486/2701/769
f 3092/2543/770 3091/2542/770 3310/2542/770 3311/2543/770
f 3272/2702/771 3271/2701/771 3486/2701/771 3487/2702/771
f 3093/2544/772 3092/2543/772 3311/2543/772 3312/2544/772
f 3273/2703/773 3272/2702/773 3487/2702/773 3488/2703/773
f 3183/2719/774 3184/2634/774 3402/2634/774 3401/2719/774
f 3094/2545/775 3093/2544/775 3312/2544/775 3313/2545/775
f 3274/2704/776 3273/2703/776 3488/2703/776 3489/2704/776
f 3185/2720/705 3183/2719/705 3401/2719/705 3403/2720/705
f 3074/2546/777 3094/2545/777 3313/2545/777 3291/2546/777
f 3275/2705/778 3274/2704/778 3489/2704/778 3490/2705/778
f 3097/2549/779 3096/2548/779 3290/2548/779 3314/2549/779
f 3252/2706/780 3275/2705/780 3490/2705/780 3301/2706/780
f 3187/2736/781 3185/2720/781 3403/2720/781 3405/2736/781
f 3098/2550/782 3097/2549/782 3314/2549/782 3315/2550/782
f 3188/2737/783 3187/2736/783 3405/2736/783 3406/2737/783
f 3099/2551/784 3098/2550/784 3315/2550/784 3316/2551/784
f 3189/2738/785 3188/2737/785 3406/2737/785 3407/2738/785
f 3100/2552/786 3099/2551/786 3316/2551/786 3317/2552/786
f 3190/2739/787 3189/2738/787 3407/2738/787 3408/2739/787
f 3101/2553/788 3100/2552/788 3317/2552/788 3318/2553/788
f 3186/2721/789 3190/2739/789 3408/2739/789 3404/2721/789
f 3102/2554/790 3101/2553/790 3318/2553/790 3319/2554/790
f 3191/2722/705 3186/2721/705 3404/2721/705 3409/2722/705
f 3103/2555/791 3102/2554/791 3319/2554/791 3320/2555/791
f 3184/2634/708 3192/2633/708 3410/2633/708 3402/2634/708
f 3104/2556/792 3103/2555/792 3320/2555/792 3321/2556/792
f 3192/2633/793 3191/2722/793 3409/2722/793 3410/2633/793
f 3105/2557/794 3104/2556/794 3321/2556/794 3322/2557/794
f 3106/2558/795 3105/2557/795 3322/2557/795 3323/2558/795
f 3107/2559/796 3106/2558/796 3323/2558/796 3324/2559/796
f 3193/2723/797 3194/2632/797 3412/2632/797 3411/2723/797
f 3108/2560/798 3107/2559/798 3324/2559/798 3325/2560/798
f 3195/2724/705 3193/2723/705 3411/2723/705 3413/2724/705
f 3109/2561/799 3108/2560/799 3325/2560/799 3326/2561/799
f 3194/2632/708 3196/2631/708 3414/2631/708 3412/2632/708
f 3110/2562/800 3109/2561/800 3326/2561/800 3327/2562/800
f 3196/2631/801 3195/2724/801 3413/2724/801 3414/2631/801
f 3111/2563/802 3110/2562/802 3327/2562/802 3328/2563/802
f 3112/2564/803 3111/2563/803 3328/2563/803 3329/2564/803
f 3113/2565/804 3112/2564/804 3329/2564/804 3330/2565/804
f 3197/2725/805 3198/2630/805 3416/2630/805 3415/2725/805
f 3114/2566/806 3113/2565/806 3330/2565/806 3331/2566/806
f 3199/2726/705 3197/2725/705 3415/2725/705 3417/2726/705
f 3072/2567/807 3114/2566/807 3331/2566/807 3332/2567/807
f 3198/2630/708 3200/2629/708 3418/2629/708 3416/2630/708
f 3120/2568/808 3072/2567/808 3332/2567/808 3333/2568/808
f 3200/2629/809 3199/2726/809 3417/2726/809 3418/2629/809
f 3121/2569/810 3120/2568/810 3333/2568/810 3334/2569/810
f 3122/2570/811 3121/2569/811 3334/2569/811 3335/2570/811
f 3123/2571/812 3122/2570/812 3335/2570/812 3336/2571/812
f 3201/2727/813 3202/2628/813 3420/2628/813 3419/2727/813
f 3124/2572/814 3123/2571/814 3336/2571/814 3337/2572/814
f 3203/2728/705 3201/2727/705 3419/2727/705 3421/2728/705
f 3125/2573/815 3124/2572/815 3337/2572/815 3338/2573/815
f 3202/2628/708 3204/2627/708 3422/2627/708 3420/2628/708
f 3115/2574/816 3125/2573/816 3338/2573/816 3339/2574/816
f 3204/2627/817 3203/2728/817 3421/2728/817 3422/2627/817
f 3126/2575/818 3115/2574/818 3339/2574/818 3340/2575/818
f 3127/2576/819 3126/2575/819 3340/2575/819 3341/2576/819
f 3128/2577/820 3127/2576/820 3341/2576/820 3342/2577/820
f 3205/2729/821 3206/2626/821 3424/2626/821 3423/2729/821
f 3129/2578/822 3128/2577/822 3342/2577/822 3343/2578/822
f 3207/2730/705 3205/2729/705 3423/2729/705 3425/2730/705
f 3130/2579/823 3129/2578/823 3343/2578/823 3344/2579/823
f 3206/2626/708 3208/2625/708 3426/2625/708 3424/2626/708
f 3131/2580/824 3130/2579/824 3344/2579/824 3345/2580/824
f 3208/2625/825 3207/2730/825 3425/2730/825 3426/2625/825
f 3116/2581/826 3131/2580/826 3345/2580/826 3346/2581/826
f 3132/2582/827 3116/2581/827 3346/2581/827 3347/2582/827
f 3133/2583/828 3132/2582/828 3347/2582/828 3348/2583/828
f 3209/2731/829 3210/2624/829 3428/2624/829 3427/2731/829
f 3134/2584/830 3133/2583/830 3348/2583/830 3349/2584/830
f 3211/2732/705 3209/2731/705 3427/2731/705 3429/2732/705
f 3135/2585/831 3134/2584/831 3349/2584/831 3350/2585/831
f 3210/2624/708 3212/2623/708 3430/2623/708 3428/2624/708
f 3136/2586/832 3135/2585/832 3350/2585/832 3351/2586/832
f 3212/2623/833 3211/2732/833 3429/2732/833 3430/2623/833
f 3137/2587/834 3136/2586/834 3351/2586/834 3352/2587/834
f 3138/2588/835 3137/2587/835 3352/2587/835 3353/2588/835
f 3139/2589/836 3138/2588/836 3353/2588/836 3354/2589/836
f 3213/2733/837 3214/2622/837 3432/2622/837 3431/2733/837
f 3140/2590/838 3139/2589/838 3354/2589/838 3355/2590/838
f 3215/2734/705 3213/2733/705 3431/2733/705 3433/2734/705
f 3141/2591/839 3140/2590/839 3355/2590/839 3356/2591/839
f 3214/2622/708 3216/2621/708 3434/2621/708 3432/2622/708
f 3142/2592/840 3141/2591/840 3356/2591/840 3357/2592/840
f 3216/2621/841 3215/2734/841 3433/2734/841 3434/2621/841
f 3143/2593/842 3142/2592/842 3357/2592/842 3358/2593/842
f 3117/2594/843 3143/2593/843 3358/2593/843 3359/2594/843
f 3144/2595/844 3117/2594/844 3359/2594/844 3360/2595/844
f 3217/2735/845 3218/2620/845 3436/2620/845 3435/2735/845
f 3145/2596/846 3144/2595/846 3360/2595/846 3361/2596/846
f 3219/2649/705 3217/2735/705 3435/2735/705 3380/2649/705
f 3146/2597/847 3145/2596/847 3361/2596/847 3362/2597/847
f 3218/2620/708 3220/2619/708 3379/2619/708 3436/2620/708
f 3147/2598/848 3146/2597/848 3362/2597/848 3363/2598/848
f 3220/2619/849 3219/2649/849 3380/2649/849 3379/2619/849
f 3148/2599/850 3147/2598/850 3363/2598/850 3364/2599/850
f 3221/2652/851 3082/2651/851 3300/2651/851 3437/2652/851
f 3118/2600/852 3148/2599/852 3364/2599/852 3365/2600/852
f 3222/2653/853 3221/2652/853 3437/2652/853 3438/2653/853
f 3149/2601/854 3118/2600/854 3365/2600/854 3366/2601/854
f 3223/2654/855 3222/2653/855 3438/2653/855 3439/2654/855
f 3150/2602/856 3149/2601/856 3366/2601/856 3367/2602/856
f 3224/2655/857 3223/2654/857 3439/2654/857 3440/2655/857
f 3151/2603/858 3150/2602/858 3367/2602/858 3368/2603/858
f 3225/2656/859 3224/2655/859 3440/2655/859 3441/2656/859
f 3152/2604/860 3151/2603/860 3368/2603/860 3369/2604/860
f 3226/2657/861 3225/2656/861 3441/2656/861 3442/2657/861
f 3153/2605/862 3152/2604/862 3369/2604/862 3370/2605/862
f 3227/2658/863 3226/2657/863 3442/2657/863 3443/2658/863
f 3154/2606/864 3153/2605/864 3370/2605/864 3371/2606/864
f 3228/2659/865 3227/2658/865 3443/2658/865 3444/2659/865
f 3119/2607/866 3154/2606/866 3371/2606/866 3372/2607/866
f 3229/2660/867 3228/2659/867 3444/2659/867 3445/2660/867
f 3155/2608/868 3119/2607/868 3372/2607/868 3373/2608/868
f 3230/2661/869 3229/2660/869 3445/2660/869 3446/2661/869
f 3156/2609/870 3155/2608/870 3373/2608/870 3374/2609/870
f 3231/2662/871 3230/2661/871 3446/2661/871 3447/2662/871
f 3157/2610/872 3156/2609/872 3374/2609/872 3375/2610/872
f 3232/2663/873 3231/2662/873 3447/2662/873 3448/2663/873
f 3158/2611/874 3157/2610/874 3375/2610/874 3376/2611/874
f 3233/2664/875 3232/2663/875 3448/2663/875 3449/2664/875
f 3075/2612/876 3158/2611/876 3376/2611/876 3292/2612/876
f 3234/2665/877 3233/2664/877 3449/2664/877 3450/2665/877
f 3159/2741/709 3162/2744/709 3377/2744/709 3282/2741/709
f 3235/2666/878 3234/2665/878 3450/2665/878 3451/2666/878
f 3160/2618/740 3080/2617/740 3297/2617/740 3378/2618/740
f 3236/2667/879 3235/2666/879 3451/2666/879 3452/2667/879
f 3237/2668/880 3236/2667/880 3452/2667/880 3453/2668/880
f 3161/2648/740 3160/2618/740 3378/2618/740 3298/2648/740
f 3238/2669/881 3237/2668/881 3453/2668/881 3454/2669/881
f 3162/2744/709 3065/2745/709 3302/2745/709 3377/2744/709
f 3239/2670/882 3238/2669/882 3454/2669/882 3455/2670/882
f 3240/2671/883 3239/2670/883 3455/2670/883 3456/2671/883
f 3084/2534/884 3083/2533/884 3276/2533/884 3277/2534/884
f 3241/2672/885 3240/2671/885 3456/2671/885 3457/2672/885
f 3063/2531/886 3061/2530/886 3278/2530/886 3279/2531/886
f 3242/2673/887 3241/2672/887 3457/2672/887 3458/2673/887
f 3163/2709/888 3164/2644/888 3382/2644/888 3381/2709/888
f 3061/2530/889 3062/2529/889 3280/2529/889 3278/2530/889
o Plane.012
v -10.731515 -0.117658 11.273435
v -9.556660 -0.112953 11.273435
v -9.712015 0.164980 11.273435
v -9.836570 0.436414 11.273435
v -9.966109 1.341926 11.273435
v -9.919332 1.556856 11.273435
v -10.004104 1.886139 11.273435
v -10.031549 2.579771 11.273435
v -9.968325 2.765115 11.273435
v -9.997871 2.984748 11.273435
v -10.000018 3.332469 11.273435
v -9.813187 3.610331 11.273435
v -9.541394 3.818124 11.273435
v -9.496503 4.193966 11.273435
v -9.400541 4.708325 11.273435
v -9.342327 4.755280 11.273435
v -9.219716 4.745111 11.273435
v -8.750902 4.535519 11.273435
v -8.578927 4.216475 11.273435
v -8.689931 4.604511 11.273435
v -9.020820 4.755838 11.273435
v -9.334313 4.894286 11.273435
v -9.361222 5.066498 11.273435
v -9.099788 5.285459 11.273435
v -8.945214 5.491577 11.273435
v -8.626491 5.598289 11.273435
v -8.329855 5.615957 11.273435
v -8.739934 5.678176 11.273435
v -9.008380 5.604286 11.273435
v -8.897571 6.059658 11.273435
v -9.089901 5.772256 11.273435
v -9.165154 5.466173 11.273435
v -9.329121 5.245685 11.273435
v -9.564815 5.113635 11.273435
v -9.398160 5.634446 11.273435
v -9.646844 5.206434 11.273435
v -9.710524 4.959949 11.273435
v -9.971205 4.598468 11.273435
v -10.071485 4.430798 11.273435
v -10.073853 4.628769 11.273435
v -9.934466 5.090802 11.273435
v -9.868492 5.524709 11.273435
v -9.416207 5.859368 11.273435
v -9.291595 6.114776 11.273435
v -9.486138 5.956798 11.273435
v -9.805242 5.696218 11.273435
v -9.927054 5.626933 11.273435
v -10.218447 6.029954 11.273435
v -9.983751 5.537364 11.273435
v -10.058765 5.092499 11.273435
v -10.238664 4.601603 11.273435
v -10.206091 4.143909 11.273435
v -10.241990 3.877601 11.273435
v -10.445233 4.267983 11.273435
v -10.356954 4.615603 11.273435
v -10.423687 4.850658 11.273435
v -10.300232 5.161053 11.273435
v -10.625602 5.702540 11.273435
v -10.524841 6.006660 11.273435
v -10.581399 6.146067 11.273435
v -10.617770 5.885111 11.273435
v -10.689531 5.803547 11.273435
v -10.999336 6.101662 11.273435
v -10.652817 5.577754 11.273435
v -10.440738 5.221985 11.273435
v -10.480753 4.993172 11.273435
v -10.674672 5.264397 11.273435
v -10.572606 4.897384 11.273435
v -10.682133 4.716794 11.273435
v -10.808413 4.732914 11.273435
v -11.114846 5.033175 11.273435
v -11.041106 5.634992 11.273435
v -11.150584 5.425830 11.273435
v -11.193351 5.138088 11.273435
v -11.336506 5.467919 11.273435
v -11.335694 6.031392 11.273435
v -11.248656 6.168718 11.273435
v -11.381692 6.106873 11.273435
v -11.416613 5.686537 11.273435
v -11.944107 6.014749 11.273435
v -12.297699 5.647223 11.273435
v -11.930313 5.864630 11.273435
v -11.512370 5.606245 11.273435
v -11.386320 5.190391 11.273435
v -11.680662 5.164188 11.273435
v -11.928101 4.977251 11.273435
v -12.271148 4.934980 11.273435
v -12.011810 4.847437 11.273435
v -12.055876 4.660720 11.273435
v -12.302689 4.570355 11.273435
v -12.072703 4.577497 11.273435
v -12.052032 4.419710 11.273435
v -11.978090 4.598182 11.273435
v -11.783970 4.625086 11.273435
v -11.191883 4.357833 11.273435
v -10.876193 3.788224 11.273435
v -10.811760 3.350572 11.273435
v -10.594541 3.078899 11.273435
v -10.474398 2.740805 11.273435
v -10.410809 2.237547 11.273435
v -10.449290 1.641172 11.273435
v -10.430364 1.077771 11.273435
v -10.474421 0.685012 11.273435
v -10.585801 -0.001302 11.273435
v -9.498313 4.704721 11.273435
v -9.582141 4.189553 11.273435
v -9.613445 3.933112 11.273435
v -9.970555 3.660259 11.273435
v -10.002719 3.778412 11.273435
v -9.934802 4.078701 11.273435
v -9.845799 4.393387 11.273435
v -9.603292 4.665025 11.273435
v -10.420765 3.094724 11.273435
v -10.414062 3.369882 11.273435
v -10.478971 3.753758 11.273435
v -10.599039 4.026886 11.273435
v -10.716281 3.777341 11.273435
v -10.751046 3.653823 11.273435
v -10.715407 3.440231 11.273435
v -10.678029 4.144846 11.273435
v -10.691281 4.205684 11.273435
v -10.769729 4.378559 11.273435
v -11.133558 4.790915 11.273435
v -11.156451 4.510825 11.273435
v -11.097071 4.399759 11.273435
v -10.968573 4.214661 11.273435
v -10.886586 4.023526 11.273435
v -10.812629 3.918388 11.273435
v -11.230783 4.861879 11.273435
v -11.393632 5.069825 11.273435
v -11.586653 5.072287 11.273435
v -11.912037 4.861700 11.273435
v -11.978098 4.694097 11.273435
v -11.793912 4.694938 11.273435
v -11.317990 4.582701 11.273435
v -11.244772 4.693163 11.273435
v -9.425645 4.897473 11.273435
v -9.426374 4.999754 11.273435
v -9.505945 4.896096 11.273435
v -10.542960 4.382959 11.273435
v -10.478979 4.548001 11.273435
v -10.496240 4.750819 11.273435
v -10.584240 4.619754 11.273435
v -10.606716 4.484284 11.273435
v -10.175373 -0.117658 10.705439
v -10.175373 -0.112953 11.880295
v -10.175373 0.164980 11.724939
v -10.175373 0.436414 11.600384
v -10.175373 1.341925 11.470845
v -10.175373 1.556856 11.517623
v -10.175373 1.886139 11.432851
v -10.175373 2.579771 11.405405
v -10.175373 2.765115 11.468630
v -10.175373 2.984747 11.439083
v -10.175373 3.332468 11.436936
v -10.175373 3.610331 11.623768
v -10.175373 3.818124 11.895559
v -10.175373 4.193966 11.940452
v -10.175373 4.708325 12.036413
v -10.175373 4.755280 12.094627
v -10.175373 4.745111 12.217238
v -10.175373 4.535519 12.686052
v -10.175373 4.216475 12.858027
v -10.175373 4.604511 12.747023
v -10.175373 4.755838 12.416135
v -10.175373 4.894286 12.102640
v -10.175373 5.066498 12.075732
v -10.175373 5.285458 12.337167
v -10.175373 5.491577 12.491740
v -10.175373 5.598289 12.810464
v -10.175374 5.615956 13.107100
v -10.175374 5.678175 12.697021
v -10.175373 5.604286 12.428575
v -10.175374 6.059658 12.539384
v -10.175374 5.772255 12.347054
v -10.175373 5.466173 12.271800
v -10.175373 5.245685 12.107833
v -10.175373 5.113635 11.872140
v -10.175374 5.634445 12.038795
v -10.175373 5.206434 11.790111
v -10.175373 4.959948 11.726431
v -10.175373 4.598468 11.465750
v -10.175373 4.430797 11.365470
v -10.175373 4.628769 11.363101
v -10.175373 5.090802 11.502488
v -10.175373 5.524709 11.568462
v -10.175374 5.859368 12.020747
v -10.175374 6.114775 12.145359
v -10.175374 5.956798 11.950816
v -10.175373 5.696217 11.631713
v -10.175373 5.626933 11.509900
v -10.175374 6.029954 11.218508
v -10.175373 5.537363 11.453203
v -10.175373 5.092499 11.378189
v -10.175373 4.601602 11.198291
v -10.175373 4.143908 11.230864
v -10.175373 3.877601 11.194964
v -10.175373 4.267983 10.991721
v -10.175373 4.615603 11.080001
v -10.175373 4.850658 11.013268
v -10.175373 5.161053 11.136723
v -10.175373 5.702540 10.811353
v -10.175374 6.006660 10.912113
v -10.175374 6.146066 10.855556
v -10.175373 5.885111 10.819184
v -10.175374 5.803547 10.747423
v -10.175374 6.101662 10.437618
v -10.175373 5.577754 10.784138
v -10.175373 5.221985 10.996217
v -10.175373 4.993172 10.956202
v -10.175373 5.264397 10.762282
v -10.175373 4.897384 10.864348
v -10.175373 4.716794 10.754822
v -10.175373 4.732914 10.628542
v -10.175373 5.033175 10.322108
v -10.175374 5.634992 10.395848
v -10.175373 5.425830 10.286369
v -10.175373 5.138088 10.243604
v -10.175373 5.467919 10.100449
v -10.175374 6.031392 10.101259
v -10.175374 6.168718 10.188298
v -10.175374 6.106873 10.055263
v -10.175373 5.686537 10.020342
v -10.175374 6.014749 9.492847
v -10.175373 5.647223 9.139256
v -10.175374 5.864630 9.506641
v -10.175373 5.606245 9.924584
v -10.175373 5.190391 10.050634
v -10.175373 5.164188 9.756292
v -10.175373 4.977251 9.508854
v -10.175373 4.934980 9.165807
v -10.175373 4.847437 9.425144
v -10.175373 4.660720 9.381079
v -10.175373 4.570355 9.134266
v -10.175373 4.577497 9.364251
v -10.175373 4.419710 9.384922
v -10.175373 4.598182 9.458863
v -10.175373 4.625085 9.652985
v -10.175373 4.357833 10.245071
v -10.175373 3.788224 10.560760
v -10.175373 3.350572 10.625195
v -10.175373 3.078899 10.842414
v -10.175373 2.740805 10.962557
v -10.175373 2.237546 11.026146
v -10.175373 1.641172 10.987664
v -10.175373 1.077771 11.006591
v -10.175373 0.685012 10.962533
v -10.175373 -0.001302 10.851153
v -10.175373 4.704721 11.938642
v -10.175373 4.189553 11.854814
v -10.175373 3.933112 11.823509
v -10.175373 3.660259 11.466399
v -10.175373 3.778412 11.434236
v -10.175373 4.078701 11.502152
v -10.175373 4.393387 11.591155
v -10.175373 4.665024 11.833663
v -10.175373 3.094724 11.016190
v -10.175373 3.369882 11.022892
v -10.175373 3.753757 10.957984
v -10.175373 4.026886 10.837915
v -10.175373 3.777341 10.720674
v -10.175373 3.653823 10.685908
v -10.175373 3.440231 10.721547
v -10.175373 4.144846 10.758925
v -10.175373 4.205684 10.745673
v -10.175373 4.378559 10.667226
v -10.175373 4.790915 10.303396
v -10.175373 4.510825 10.280502
v -10.175373 4.399759 10.339884
v -10.175373 4.214661 10.468382
v -10.175373 4.023525 10.550368
v -10.175373 3.918387 10.624326
v -10.175373 4.861879 10.206171
v -10.175373 5.069824 10.043322
v -10.175373 5.072287 9.850301
v -10.175373 4.861700 9.524918
v -10.175373 4.694097 9.458857
v -10.175373 4.694938 9.643043
v -10.175373 4.582701 10.118964
v -10.175373 4.693163 10.192183
v -10.175373 4.897473 12.011310
v -10.175373 4.999754 12.010580
v -10.175373 4.896096 11.931008
v -10.175373 4.382959 10.893994
v -10.175373 4.548001 10.957975
v -10.175373 4.750819 10.940715
v -10.175373 4.619754 10.852714
v -10.175373 4.484284 10.830238
vn -0.0000 -0.0000 -1.0000
vn 1.0000 -0.0000 -0.0000
vt 0.716975 0.035378
vt 0.699851 0.140895
vt 0.693078 0.201279
vt 0.695988 0.287899
vt 0.690071 0.379588
vt 0.699848 0.456962
vt 0.691602 0.511375
vt 0.690571 0.553679
vt 0.700551 0.612697
vt 0.719011 0.654689
vt 0.710389 0.709434
vt 0.700552 0.734807
vt 0.703206 0.765990
vt 0.700825 0.803250
vt 0.694673 0.838429
vt 0.727279 0.893127
vt 0.780554 0.973675
vt 0.732923 0.927841
vt 0.721891 0.940381
vt 0.716299 0.980502
vt 0.707603 0.959069
vt 0.723094 0.912312
vt 0.673071 0.829061
vt 0.692051 0.781340
vt 0.681791 0.745201
vt 0.695364 0.691757
vt 0.664116 0.631738
vt 0.658597 0.672681
vt 0.663605 0.743049
vt 0.635947 0.818521
vt 0.624414 0.886917
vt 0.660497 0.962650
vt 0.615697 0.900688
vt 0.596969 0.911340
vt 0.547908 0.951403
vt 0.517998 0.975691
vt 0.537157 0.936423
vt 0.606693 0.884971
vt 0.616836 0.818260
vt 0.638266 0.747226
vt 0.637902 0.716789
vt 0.622485 0.742567
vt 0.582406 0.798143
vt 0.572616 0.836038
vt 0.534382 0.901843
vt 0.560004 0.821771
vt 0.549780 0.758903
vt 0.565920 0.752800
vt 0.603204 0.711037
vt 0.616888 0.662656
vt 0.627330 0.616488
vt 0.622385 0.598322
vt 0.598190 0.590646
vt 0.626915 0.547927
vt 0.626584 0.494466
vt 0.622042 0.460699
vt 0.631762 0.432203
vt 0.627543 0.325561
vt 0.614509 0.274936
vt 0.621701 0.241892
vt 0.601785 0.102674
vt 0.582636 0.060943
vt 0.558751 0.018212
vt 0.739378 0.017489
vt 0.567481 0.640272
vt 0.562668 0.679699
vt 0.550953 0.788326
vt 0.538608 0.788537
vt 0.538720 0.804262
vt 0.523768 0.842073
vt 0.498559 0.875972
vt 0.486989 0.923030
vt 0.457419 0.967217
vt 0.474456 0.897206
vt 0.433183 0.908566
vt 0.370136 0.899000
vt 0.415742 0.896284
vt 0.464744 0.879878
vt 0.488509 0.848188
vt 0.528703 0.814524
vt 0.524566 0.788047
vt 0.476368 0.766762
vt 0.425496 0.743496
vt 0.408430 0.683838
vt 0.434870 0.732889
vt 0.506947 0.765112
vt 0.525798 0.766676
vt 0.534748 0.759457
vt 0.549502 0.680377
vt 0.556404 0.622593
vt 0.731786 0.760759
vt 0.737036 0.616323
vt 0.742381 0.597333
vt 0.736902 0.564494
vt 0.718319 0.508942
vt 0.751715 0.550710
vt 0.761622 0.617996
vt 0.751849 0.638008
vt 0.731155 0.672825
vt 0.733192 0.682178
vt 0.745253 0.708757
vt 0.801190 0.772154
vt 0.803808 0.869769
vt 0.786976 0.901927
vt 0.798313 0.809401
vt 0.751201 0.763237
vt 0.804710 0.729092
vt 0.795580 0.712017
vt 0.775824 0.683559
vt 0.763219 0.654173
vt 0.810157 0.705571
vt 0.829545 0.740143
vt 0.818289 0.757126
vt 0.816138 0.783065
vt 0.841175 0.815035
vt 0.870851 0.815414
vt 0.885304 0.829543
vt 0.840051 0.833572
vt 0.859430 0.897507
vt 0.923687 0.937232
vt 0.980170 0.903807
vt 0.925807 0.960312
vt 0.844708 0.909851
vt 0.839339 0.974476
vt 0.818886 0.983984
vt 0.832267 0.962871
vt 0.832392 0.876240
vt 0.810383 0.825530
vt 0.920877 0.783037
vt 0.931033 0.757269
vt 0.902716 0.757399
vt 0.901187 0.746659
vt 0.931032 0.742523
vt 0.942400 0.715084
vt 0.945578 0.739343
vt 0.980937 0.738245
vt 0.942991 0.752138
vt 0.936216 0.780845
vt 0.976088 0.794304
vt 0.923347 0.800803
vt 0.716736 0.745840
vt 0.720191 0.725012
vt 0.714947 0.788524
vt 0.730639 0.844950
s 0
usemtl Material.014
f 3594/2746/890 3593/2747/890 3592/2748/890 3591/2749/890 3590/2750/890 3589/2751/890 3603/2752/890 3604/2753/890 3605/2754/890 3606/2755/890 3630/2756/890 3631/2757/890 3632/2758/890 3556/2759/890 3555/2760/890 3554/2761/890 3553/2762/890 3552/2763/890 3551/2764/890 3550/2765/890 3549/2766/890 3548/2767/890 3547/2768/890 3546/2769/890 3545/2770/890 3544/2771/890 3543/2772/890 3542/2773/890 3541/2774/890 3540/2775/890 3539/2776/890 3538/2777/890 3537/2778/890 3536/2779/890 3535/2780/890 3534/2781/890 3533/2782/890 3532/2783/890 3531/2784/890 3530/2785/890 3529/2786/890 3528/2787/890 3527/2788/890 3526/2789/890 3525/2790/890 3524/2791/890 3595/2792/890 3602/2793/890 3601/2794/890 3600/2795/890 3599/2796/890 3598/2797/890 3502/2798/890 3501/2799/890 3500/2800/890 3499/2801/890 3498/2802/890 3497/2803/890 3496/2804/890 3495/2805/890 3494/2806/890 3493/2807/890 3492/2808/890 3491/2809/890
f 3502/2798/890 3598/2797/890 3597/2810/890 3596/2811/890 3595/2792/890 3629/2812/890 3627/2813/890 3628/2814/890 3524/2791/890 3523/2815/890 3522/2816/890 3521/2817/890 3520/2818/890 3519/2819/890 3518/2820/890 3517/2821/890 3516/2822/890 3515/2823/890 3514/2824/890 3513/2825/890 3512/2826/890 3511/2827/890 3510/2828/890 3509/2829/890 3508/2830/890 3507/2831/890 3506/2832/890 3505/2833/890 3504/2834/890 3503/2835/890
f 3559/2836/890 3606/2755/890 3607/2837/890 3608/2838/890 3609/2839/890 3603/2752/890 3589/2751/890 3588/2840/890 3587/2841/890 3586/2842/890 3618/2843/890 3610/2844/890 3611/2845/890 3612/2846/890 3613/2847/890 3563/2848/890 3562/2849/890 3561/2850/890 3560/2851/890
f 3563/2848/890 3613/2847/890 3614/2852/890 3615/2853/890 3616/2854/890 3617/2855/890 3618/2843/890 3586/2842/890 3585/2856/890 3625/2857/890 3626/2858/890 3619/2859/890 3620/2860/890 3621/2861/890 3575/2862/890 3574/2863/890 3573/2864/890 3572/2865/890 3571/2866/890 3570/2867/890 3569/2868/890 3568/2869/890 3567/2870/890 3566/2871/890 3565/2872/890 3564/2873/890
f 3575/2862/890 3621/2861/890 3622/2874/890 3623/2875/890 3624/2876/890 3625/2857/890 3585/2856/890 3584/2877/890 3583/2878/890 3582/2879/890 3581/2880/890 3580/2881/890 3579/2882/890 3578/2883/890 3577/2884/890 3576/2885/890
f 3524/2791/890 3628/2814/890 3629/2812/890 3595/2792/890
f 3556/2759/890 3632/2758/890 3633/2886/890 3634/2887/890 3630/2756/890 3606/2755/890 3559/2836/890 3558/2888/890 3557/2889/890
usemtl Material.013
f 3738/2746/891 3737/2747/891 3736/2748/891 3735/2749/891 3734/2750/891 3733/2751/891 3747/2752/891 3748/2753/891 3749/2754/891 3750/2755/891 3774/2756/891 3775/2757/891 3776/2758/891 3700/2759/891 3699/2760/891 3698/2761/891 3697/2762/891 3696/2763/891 3695/2764/891 3694/2765/891 3693/2766/891 3692/2767/891 3691/2768/891 3690/2769/891 3689/2770/891 3688/2771/891 3687/2772/891 3686/2773/891 3685/2774/891 3684/2775/891 3683/2776/891 3682/2777/891 3681/2778/891 3680/2779/891 3679/2780/891 3678/2781/891 3677/2782/891 3676/2783/891 3675/2784/891 3674/2785/891 3673/2786/891 3672/2787/891 3671/2788/891 3670/2789/891 3669/2790/891 3668/2791/891 3739/2792/891 3746/2793/891 3745/2794/891 3744/2795/891 3743/2796/891 3742/2797/891 3646/2798/891 3645/2799/891 3644/2800/891 3643/2801/891 3642/2802/891 3641/2803/891 3640/2804/891 3639/2805/891 3638/2806/891 3637/2807/891 3636/2808/891 3635/2809/891
f 3646/2798/891 3742/2797/891 3741/2810/891 3740/2811/891 3739/2792/891 3773/2812/891 3771/2813/891 3772/2814/891 3668/2791/891 3667/2815/891 3666/2816/891 3665/2817/891 3664/2818/891 3663/2819/891 3662/2820/891 3661/2821/891 3660/2822/891 3659/2823/891 3658/2824/891 3657/2825/891 3656/2826/891 3655/2827/891 3654/2828/891 3653/2829/891 3652/2830/891 3651/2831/891 3650/2832/891 3649/2833/891 3648/2834/891 3647/2835/891
f 3703/2836/891 3750/2755/891 3751/2837/891 3752/2838/891 3753/2839/891 3747/2752/891 3733/2751/891 3732/2840/891 3731/2841/891 3730/2842/891 3762/2843/891 3754/2844/891 3755/2845/891 3756/2846/891 3757/2847/891 3707/2848/891 3706/2849/891 3705/2850/891 3704/2851/891
f 3707/2848/891 3757/2847/891 3758/2852/891 3759/2853/891 3760/2854/891 3761/2855/891 3762/2843/891 3730/2842/891 3729/2856/891 3769/2857/891 3770/2858/891 3763/2859/891 3764/2860/891 3765/2861/891 3719/2862/891 3718/2863/891 3717/2864/891 3716/2865/891 3715/2866/891 3714/2867/891 3713/2868/891 3712/2869/891 3711/2870/891 3710/2871/891 3709/2872/891 3708/2873/891
f 3719/2862/891 3765/2861/891 3766/2874/891 3767/2875/891 3768/2876/891 3769/2857/891 3729/2856/891 3728/2877/891 3727/2878/891 3726/2879/891 3725/2880/891 3724/2881/891 3723/2882/891 3722/2883/891 3721/2884/891 3720/2885/891
f 3668/2791/891 3772/2814/891 3773/2812/891 3739/2792/891
f 3700/2759/891 3776/2758/891 3777/2886/891 3778/2887/891 3774/2756/891 3750/2755/891 3703/2836/891 3702/2888/891 3701/2889/891
o Plane.014
v -3.942726 -0.117658 -14.835313
v -2.838723 -0.112953 -14.433488
v -2.984709 0.164980 -14.486623
v -3.101753 0.436414 -14.529223
v -3.223480 1.341926 -14.573528
v -3.179523 1.556856 -14.557529
v -3.259182 1.886139 -14.586523
v -3.284973 2.579771 -14.595910
v -3.225561 2.765115 -14.574286
v -3.253326 2.984748 -14.584392
v -3.255343 3.332469 -14.585126
v -3.079779 3.610331 -14.521226
v -2.824378 3.818124 -14.428267
v -2.782194 4.193966 -14.412913
v -2.692019 4.708325 -14.380093
v -2.637316 4.755280 -14.360182
v -2.522100 4.745111 -14.318247
v -2.081558 4.535519 -14.157903
v -1.919955 4.216475 -14.099084
v -2.024265 4.604511 -14.137050
v -2.335198 4.755838 -14.250220
v -2.629786 4.894286 -14.357441
v -2.655072 5.066498 -14.366645
v -2.409404 5.285459 -14.277228
v -2.264152 5.491577 -14.224361
v -1.964650 5.598289 -14.115352
v -1.685904 5.615957 -14.013896
v -2.071252 5.678176 -14.154152
v -2.323509 5.604286 -14.245965
v -2.219382 6.059658 -14.208066
v -2.400113 5.772256 -14.273848
v -2.470829 5.466173 -14.299585
v -2.624907 5.245685 -14.355665
v -2.846386 5.113635 -14.436277
v -2.689782 5.634445 -14.379278
v -2.923468 5.206434 -14.464333
v -2.983308 4.959949 -14.486113
v -3.228267 4.598468 -14.575271
v -3.322500 4.430798 -14.609569
v -3.324726 4.628769 -14.610378
v -3.193745 5.090802 -14.562706
v -3.131750 5.524709 -14.540141
v -2.706741 5.859368 -14.385450
v -2.589643 6.114776 -14.342831
v -2.772454 5.956798 -14.409369
v -3.072314 5.696218 -14.518508
v -3.186780 5.626933 -14.560170
v -3.460599 6.029954 -14.659833
v -3.240058 5.537363 -14.579562
v -3.310548 5.092499 -14.605218
v -3.479597 4.601602 -14.666747
v -3.448988 4.143908 -14.655606
v -3.482723 3.877601 -14.667885
v -3.673709 4.267983 -14.737398
v -3.590753 4.615603 -14.707205
v -3.653462 4.850658 -14.730029
v -3.537452 5.161053 -14.687805
v -3.843200 5.702540 -14.799088
v -3.748517 6.006660 -14.764626
v -3.801663 6.146067 -14.783970
v -3.835841 5.885111 -14.796410
v -3.903274 5.803547 -14.820953
v -4.194396 6.101661 -14.926912
v -3.868774 5.577754 -14.808396
v -3.669485 5.221985 -14.735861
v -3.707086 4.993172 -14.749547
v -3.889311 5.264397 -14.815871
v -3.793400 4.897384 -14.780962
v -3.896322 4.716794 -14.818422
v -4.014986 4.732914 -14.861613
v -4.302939 5.033175 -14.966419
v -4.233646 5.634992 -14.941198
v -4.336523 5.425830 -14.978642
v -4.376710 5.138087 -14.993270
v -4.511231 5.467919 -15.042232
v -4.510469 6.031391 -15.041954
v -4.428680 6.168718 -15.012185
v -4.553692 6.106873 -15.057686
v -4.586507 5.686537 -15.069630
v -5.082190 6.014749 -15.250043
v -5.414457 5.647223 -15.370979
v -5.069228 5.864630 -15.245325
v -4.676489 5.606245 -15.102381
v -4.558042 5.190391 -15.059269
v -4.834633 5.164188 -15.159940
v -5.067149 4.977251 -15.244569
v -5.389507 4.934979 -15.361897
v -5.145810 4.847437 -15.273199
v -5.187218 4.660720 -15.288270
v -5.419146 4.570354 -15.372685
v -5.203030 4.577497 -15.294025
v -5.183606 4.419710 -15.286956
v -5.114123 4.598182 -15.261666
v -4.931710 4.625085 -15.195273
v -4.375330 4.357833 -14.992767
v -4.078679 3.788224 -14.884795
v -4.018131 3.350572 -14.862758
v -3.814012 3.078899 -14.788465
v -3.701115 2.740805 -14.747374
v -3.641360 2.237547 -14.725624
v -3.677521 1.641172 -14.738786
v -3.659736 1.077771 -14.732312
v -3.701136 0.685012 -14.747381
v -3.805799 -0.001302 -14.785476
v -2.783895 4.704721 -14.413532
v -2.862667 4.189553 -14.442204
v -2.892084 3.933112 -14.452910
v -3.227658 3.660259 -14.575048
v -3.257882 3.778412 -14.586049
v -3.194060 4.078701 -14.562820
v -3.110425 4.393387 -14.532380
v -2.882543 4.665025 -14.449437
v -3.650716 3.094724 -14.729030
v -3.644418 3.369882 -14.726737
v -3.705411 3.753757 -14.748937
v -3.818239 4.026886 -14.790003
v -3.928411 3.777341 -14.830102
v -3.961079 3.653823 -14.841992
v -3.927589 3.440231 -14.829803
v -3.892465 4.144846 -14.817019
v -3.904918 4.205684 -14.821551
v -3.978635 4.378559 -14.848382
v -4.320523 4.790915 -14.972819
v -4.342036 4.510825 -14.980649
v -4.286236 4.399759 -14.960340
v -4.165487 4.214661 -14.916390
v -4.088445 4.023525 -14.888350
v -4.018948 3.918387 -14.863055
v -4.411885 4.861878 -15.006072
v -4.564913 5.069824 -15.061769
v -4.746293 5.072287 -15.127787
v -5.052054 4.861699 -15.239075
v -5.114131 4.694097 -15.261669
v -4.941052 4.694938 -15.198673
v -4.493832 4.582701 -15.035898
v -4.425030 4.693163 -15.010857
v -2.715609 4.897473 -14.388679
v -2.716295 4.999754 -14.388927
v -2.791067 4.896096 -14.416143
v -3.765542 4.382959 -14.770823
v -3.705420 4.548001 -14.748940
v -3.721639 4.750819 -14.754844
v -3.804333 4.619754 -14.784942
v -3.825453 4.484284 -14.792628
v -3.599195 -0.117657 -14.118443
v -3.197371 -0.112952 -15.222447
v -3.250506 0.164981 -15.076461
v -3.293106 0.436415 -14.959417
v -3.337411 1.341926 -14.837690
v -3.321412 1.556857 -14.881647
v -3.350406 1.886139 -14.801988
v -3.359793 2.579771 -14.776197
v -3.338169 2.765116 -14.835608
v -3.348275 2.984748 -14.807843
v -3.349009 3.332469 -14.805826
v -3.285109 3.610332 -14.981391
v -3.192150 3.818125 -15.236792
v -3.176796 4.193966 -15.278975
v -3.143976 4.708325 -15.369150
v -3.124065 4.755280 -15.423853
v -3.082130 4.745111 -15.539070
v -2.921786 4.535519 -15.979611
v -2.862967 4.216475 -16.141214
v -2.900933 4.604511 -16.036905
v -3.014103 4.755838 -15.725971
v -3.121325 4.894286 -15.431384
v -3.130528 5.066499 -15.406098
v -3.041112 5.285459 -15.651767
v -2.988245 5.491577 -15.797018
v -2.879235 5.598289 -16.096519
v -2.777780 5.615957 -16.375267
v -2.918035 5.678176 -15.989919
v -3.009849 5.604286 -15.737661
v -2.971950 6.059658 -15.841788
v -3.037730 5.772256 -15.661057
v -3.063469 5.466174 -15.590342
v -3.119549 5.245685 -15.436263
v -3.200161 5.113636 -15.214784
v -3.143161 5.634446 -15.371387
v -3.228216 5.206434 -15.137702
v -3.249996 4.959949 -15.077863
v -3.339154 4.598468 -14.832903
v -3.373452 4.430798 -14.738670
v -3.374262 4.628769 -14.736444
v -3.326589 5.090802 -14.867425
v -3.304024 5.524709 -14.929420
v -3.149334 5.859369 -15.354429
v -3.106714 6.114776 -15.471527
v -3.173252 5.956799 -15.288716
v -3.282392 5.696218 -14.988856
v -3.324054 5.626934 -14.874390
v -3.423716 6.029955 -14.600571
v -3.343446 5.537364 -14.821112
v -3.369102 5.092500 -14.750623
v -3.430630 4.601603 -14.581573
v -3.419490 4.143909 -14.612182
v -3.431768 3.877601 -14.578447
v -3.501282 4.267983 -14.387461
v -3.471088 4.615603 -14.470417
v -3.493912 4.850659 -14.407708
v -3.451688 5.161053 -14.523718
v -3.562971 5.702541 -14.217971
v -3.528509 6.006660 -14.312654
v -3.547853 6.146067 -14.259507
v -3.560293 5.885112 -14.225329
v -3.584836 5.803547 -14.157896
v -3.690796 6.101662 -13.866775
v -3.572279 5.577754 -14.192396
v -3.499744 5.221986 -14.391685
v -3.513430 4.993173 -14.354084
v -3.579754 5.264397 -14.171860
v -3.544846 4.897384 -14.267770
v -3.582306 4.716794 -14.164848
v -3.625496 4.732914 -14.046184
v -3.730303 5.033176 -13.758230
v -3.705082 5.634993 -13.827523
v -3.742526 5.425831 -13.724648
v -3.757153 5.138088 -13.684461
v -3.806115 5.467920 -13.549939
v -3.805838 6.031392 -13.550701
v -3.776069 6.168719 -13.632490
v -3.821569 6.106874 -13.507478
v -3.833513 5.686537 -13.474663
v -4.013927 6.014750 -12.978981
v -4.134862 5.647224 -12.646713
v -4.009209 5.864630 -12.991942
v -3.866264 5.606246 -13.384681
v -3.823153 5.190391 -13.503128
v -3.923823 5.164188 -13.226538
v -4.008452 4.977251 -12.994021
v -4.125781 4.934980 -12.671663
v -4.037083 4.847437 -12.915359
v -4.052154 4.660721 -12.873953
v -4.136569 4.570355 -12.642024
v -4.057909 4.577497 -12.858140
v -4.050839 4.419710 -12.877563
v -4.025550 4.598183 -12.947046
v -3.959157 4.625086 -13.129460
v -3.756651 4.357833 -13.685841
v -3.648679 3.788225 -13.982491
v -3.626641 3.350572 -14.043038
v -3.552348 3.078900 -14.247158
v -3.511256 2.740806 -14.360055
v -3.489507 2.237547 -14.419810
v -3.502669 1.641172 -14.383649
v -3.496196 1.077771 -14.401434
v -3.511264 0.685012 -14.360034
v -3.549358 -0.001301 -14.255370
v -3.177416 4.704721 -15.277275
v -3.206086 4.189554 -15.198503
v -3.216793 3.933112 -15.169086
v -3.338932 3.660259 -14.833512
v -3.349933 3.778413 -14.803288
v -3.326704 4.078701 -14.867109
v -3.296263 4.393388 -14.950745
v -3.213320 4.665025 -15.178627
v -3.492913 3.094725 -14.410454
v -3.490621 3.369883 -14.416752
v -3.512820 3.753758 -14.355759
v -3.553886 4.026887 -14.242930
v -3.593985 3.777342 -14.132759
v -3.605875 3.653823 -14.100091
v -3.593687 3.440231 -14.133580
v -3.580902 4.144846 -14.168705
v -3.585435 4.205685 -14.156252
v -3.612266 4.378560 -14.082535
v -3.736703 4.790915 -13.740646
v -3.744533 4.510826 -13.719134
v -3.724223 4.399760 -13.774934
v -3.680274 4.214662 -13.895683
v -3.652233 4.023526 -13.972725
v -3.626938 3.918388 -14.042222
v -3.769956 4.861879 -13.649285
v -3.825653 5.069825 -13.496258
v -3.891670 5.072287 -13.314878
v -4.002958 4.861700 -13.009116
v -4.025552 4.694097 -12.947040
v -3.962557 4.694938 -13.120117
v -3.799782 4.582701 -13.567338
v -3.774740 4.693163 -13.636140
v -3.152562 4.897473 -15.345561
v -3.152811 4.999754 -15.344875
v -3.180026 4.896096 -15.270103
v -3.534706 4.382960 -14.295628
v -3.512824 4.548002 -14.355750
v -3.518727 4.750819 -14.339531
v -3.548825 4.619754 -14.256837
v -3.556512 4.484285 -14.235717
vn 0.3420 -0.0000 -0.9397
vn -0.9397 -0.0000 -0.3420
vt 0.716975 0.035378
vt 0.699851 0.140895
vt 0.693078 0.201279
vt 0.695988 0.287899
vt 0.690071 0.379588
vt 0.699848 0.456962
vt 0.691602 0.511375
vt 0.690571 0.553679
vt 0.700551 0.612697
vt 0.719011 0.654689
vt 0.710389 0.709434
vt 0.700552 0.734807
vt 0.703206 0.765990
vt 0.700825 0.803250
vt 0.694673 0.838429
vt 0.727279 0.893127
vt 0.780554 0.973675
vt 0.732923 0.927841
vt 0.721891 0.940381
vt 0.716299 0.980502
vt 0.707603 0.959069
vt 0.723094 0.912312
vt 0.673071 0.829061
vt 0.692051 0.781340
vt 0.681791 0.745201
vt 0.695364 0.691757
vt 0.664116 0.631738
vt 0.658597 0.672681
vt 0.663605 0.743049
vt 0.635947 0.818521
vt 0.624414 0.886917
vt 0.660497 0.962650
vt 0.615697 0.900688
vt 0.596969 0.911340
vt 0.547908 0.951403
vt 0.517998 0.975691
vt 0.537157 0.936423
vt 0.606693 0.884971
vt 0.616836 0.818260
vt 0.638266 0.747226
vt 0.637902 0.716789
vt 0.622485 0.742567
vt 0.582406 0.798143
vt 0.572616 0.836038
vt 0.534382 0.901843
vt 0.560004 0.821771
vt 0.549780 0.758903
vt 0.565920 0.752800
vt 0.603204 0.711037
vt 0.616888 0.662656
vt 0.627330 0.616488
vt 0.622385 0.598322
vt 0.598190 0.590646
vt 0.626915 0.547927
vt 0.626584 0.494466
vt 0.622042 0.460699
vt 0.631762 0.432203
vt 0.627543 0.325561
vt 0.614509 0.274936
vt 0.621701 0.241892
vt 0.601785 0.102674
vt 0.582636 0.060943
vt 0.558751 0.018212
vt 0.739378 0.017489
vt 0.567481 0.640272
vt 0.562668 0.679699
vt 0.550953 0.788326
vt 0.538608 0.788537
vt 0.538720 0.804262
vt 0.523768 0.842073
vt 0.498559 0.875972
vt 0.486989 0.923030
vt 0.457419 0.967217
vt 0.474456 0.897206
vt 0.433183 0.908566
vt 0.370136 0.899000
vt 0.415742 0.896284
vt 0.464744 0.879878
vt 0.488509 0.848188
vt 0.528703 0.814524
vt 0.524566 0.788047
vt 0.476368 0.766762
vt 0.425496 0.743496
vt 0.408430 0.683838
vt 0.434870 0.732889
vt 0.506947 0.765112
vt 0.525798 0.766676
vt 0.534748 0.759457
vt 0.549502 0.680377
vt 0.556404 0.622593
vt 0.731786 0.760759
vt 0.737036 0.616323
vt 0.742381 0.597333
vt 0.736902 0.564494
vt 0.718319 0.508942
vt 0.751715 0.550710
vt 0.761622 0.617996
vt 0.751849 0.638008
vt 0.731155 0.672825
vt 0.733192 0.682178
vt 0.745253 0.708757
vt 0.801190 0.772154
vt 0.803808 0.869769
vt 0.786976 0.901927
vt 0.798313 0.809401
vt 0.751201 0.763237
vt 0.804710 0.729092
vt 0.795580 0.712017
vt 0.775824 0.683559
vt 0.763219 0.654173
vt 0.810157 0.705571
vt 0.829545 0.740143
vt 0.818289 0.757126
vt 0.816138 0.783065
vt 0.841175 0.815035
vt 0.870851 0.815414
vt 0.885304 0.829543
vt 0.840051 0.833572
vt 0.859430 0.897507
vt 0.923687 0.937232
vt 0.980170 0.903807
vt 0.925807 0.960312
vt 0.844708 0.909851
vt 0.839339 0.974476
vt 0.818886 0.983984
vt 0.832267 0.962871
vt 0.832392 0.876240
vt 0.810383 0.825530
vt 0.920877 0.783037
vt 0.931033 0.757269
vt 0.902716 0.757399
vt 0.901187 0.746659
vt 0.931032 0.742523
vt 0.942400 0.715084
vt 0.945578 0.739343
vt 0.980937 0.738245
vt 0.942991 0.752138
vt 0.936216 0.780845
vt 0.976088 0.794304
vt 0.923347 0.800803
vt 0.716736 0.745840
vt 0.720191 0.725012
vt 0.714947 0.788524
vt 0.730639 0.844950
s 0
usemtl Material.016
f 3882/2890/892 3881/2891/892 3880/2892/892 3879/2893/892 3878/2894/892 3877/2895/892 3891/2896/892 3892/2897/892 3893/2898/892 3894/2899/892 3918/2900/892 3919/2901/892 3920/2902/892 3844/2903/892 3843/2904/892 3842/2905/892 3841/2906/892 3840/2907/892 3839/2908/892 3838/2909/892 3837/2910/892 3836/2911/892 3835/2912/892 3834/2913/892 3833/2914/892 3832/2915/892 3831/2916/892 3830/2917/892 3829/2918/892 3828/2919/892 3827/2920/892 3826/2921/892 3825/2922/892 3824/2923/892 3823/2924/892 3822/2925/892 3821/2926/892 3820/2927/892 3819/2928/892 3818/2929/892 3817/2930/892 3816/2931/892 3815/2932/892 3814/2933/892 3813/2934/892 3812/2935/892 3883/2936/892 3890/2937/892 3889/2938/892 3888/2939/892 3887/2940/892 3886/2941/892 3790/2942/892 3789/2943/892 3788/2944/892 3787/2945/892 3786/2946/892 3785/2947/892 3784/2948/892 3783/2949/892 3782/2950/892 3781/2951/892 3780/2952/892 3779/2953/892
f 3790/2942/892 3886/2941/892 3885/2954/892 3884/2955/892 3883/2936/892 3917/2956/892 3915/2957/892 3916/2958/892 3812/2935/892 3811/2959/892 3810/2960/892 3809/2961/892 3808/2962/892 3807/2963/892 3806/2964/892 3805/2965/892 3804/2966/892 3803/2967/892 3802/2968/892 3801/2969/892 3800/2970/892 3799/2971/892 3798/2972/892 3797/2973/892 3796/2974/892 3795/2975/892 3794/2976/892 3793/2977/892 3792/2978/892 3791/2979/892
f 3847/2980/892 3894/2899/892 3895/2981/892 3896/2982/892 3897/2983/892 3891/2896/892 3877/2895/892 3876/2984/892 3875/2985/892 3874/2986/892 3906/2987/892 3898/2988/892 3899/2989/892 3900/2990/892 3901/2991/892 3851/2992/892 3850/2993/892 3849/2994/892 3848/2995/892
f 3851/2992/892 3901/2991/892 3902/2996/892 3903/2997/892 3904/2998/892 3905/2999/892 3906/2987/892 3874/2986/892 3873/3000/892 3913/3001/892 3914/3002/892 3907/3003/892 3908/3004/892 3909/3005/892 3863/3006/892 3862/3007/892 3861/3008/892 3860/3009/892 3859/3010/892 3858/3011/892 3857/3012/892 3856/3013/892 3855/3014/892 3854/3015/892 3853/3016/892 3852/3017/892
f 3863/3006/892 3909/3005/892 3910/3018/892 3911/3019/892 3912/3020/892 3913/3001/892 3873/3000/892 3872/3021/892 3871/3022/892 3870/3023/892 3869/3024/892 3868/3025/892 3867/3026/892 3866/3027/892 3865/3028/892 3864/3029/892
f 3812/2935/892 3916/2958/892 3917/2956/892 3883/2936/892
f 3844/2903/892 3920/2902/892 3921/3030/892 3922/3031/892 3918/2900/892 3894/2899/892 3847/2980/892 3846/3032/892 3845/3033/892
usemtl Material.015
f 4026/2890/893 4025/2891/893 4024/2892/893 4023/2893/893 4022/2894/893 4021/2895/893 4035/2896/893 4036/2897/893 4037/2898/893 4038/2899/893 4062/2900/893 4063/2901/893 4064/2902/893 3988/2903/893 3987/2904/893 3986/2905/893 3985/2906/893 3984/2907/893 3983/2908/893 3982/2909/893 3981/2910/893 3980/2911/893 3979/2912/893 3978/2913/893 3977/2914/893 3976/2915/893 3975/2916/893 3974/2917/893 3973/2918/893 3972/2919/893 3971/2920/893 3970/2921/893 3969/2922/893 3968/2923/893 3967/2924/893 3966/2925/893 3965/2926/893 3964/2927/893 3963/2928/893 3962/2929/893 3961/2930/893 3960/2931/893 3959/2932/893 3958/2933/893 3957/2934/893 3956/2935/893 4027/2936/893 4034/2937/893 4033/2938/893 4032/2939/893 4031/2940/893 4030/2941/893 3934/2942/893 3933/2943/893 3932/2944/893 3931/2945/893 3930/2946/893 3929/2947/893 3928/2948/893 3927/2949/893 3926/2950/893 3925/2951/893 3924/2952/893 3923/2953/893
f 3934/2942/893 4030/2941/893 4029/2954/893 4028/2955/893 4027/2936/893 4061/2956/893 4059/2957/893 4060/2958/893 3956/2935/893 3955/2959/893 3954/2960/893 3953/2961/893 3952/2962/893 3951/2963/893 3950/2964/893 3949/2965/893 3948/2966/893 3947/2967/893 3946/2968/893 3945/2969/893 3944/2970/893 3943/2971/893 3942/2972/893 3941/2973/893 3940/2974/893 3939/2975/893 3938/2976/893 3937/2977/893 3936/2978/893 3935/2979/893
f 3991/2980/893 4038/2899/893 4039/2981/893 4040/2982/893 4041/2983/893 4035/2896/893 4021/2895/893 4020/2984/893 4019/2985/893 4018/2986/893 4050/2987/893 4042/2988/893 4043/2989/893 4044/2990/893 4045/2991/893 3995/2992/893 3994/2993/893 3993/2994/893 3992/2995/893
f 3995/2992/893 4045/2991/893 4046/2996/893 4047/2997/893 4048/2998/893 4049/2999/893 4050/2987/893 4018/2986/893 4017/3000/893 4057/3001/893 4058/3002/893 4051/3003/893 4052/3004/893 4053/3005/893 4007/3006/893 4006/3007/893 4005/3008/893 4004/3009/893 4003/3010/893 4002/3011/893 4001/3012/893 4000/3013/893 3999/3014/893 3998/3015/893 3997/3016/893 3996/3017/893
f 4007/3006/893 4053/3005/893 4054/3018/893 4055/3019/893 4056/3020/893 4057/3001/893 4017/3000/893 4016/3021/893 4015/3022/893 4014/3023/893 4013/3024/893 4012/3025/893 4011/3026/893 4010/3027/893 4009/3028/893 4008/3029/893
f 3956/2935/893 4060/2958/893 4061/2956/893 4027/2936/893
f 3988/2903/893 4064/2902/893 4065/3030/893 4066/3031/893 4062/2900/893 4038/2899/893 3991/2980/893 3990/3032/893 3989/3033/893
o Plane.016
v -6.701632 3.855136 9.354060
v -6.622482 4.296825 9.546022
v -6.708572 3.756473 9.337226
v -6.578266 4.377357 9.653260
v -6.714789 0.003253 9.322148
v -6.665263 0.135062 9.442265
v -6.610359 0.437900 9.575425
v -6.609024 0.852657 9.578662
v -6.610604 1.345348 9.574831
v -6.613489 1.621226 9.567835
v -6.649234 2.278236 9.481141
v -6.646386 2.369658 9.488048
v -6.664020 2.441124 9.445280
v -6.635338 2.546464 9.514842
v -6.669019 2.661428 9.433157
v -6.753178 2.840837 9.229044
v -6.817647 3.003773 9.072684
v -6.944327 3.017250 8.765446
v -7.019283 2.926280 8.583654
v -6.952887 3.074735 8.744685
v -6.891619 3.075107 8.893281
v -6.819811 3.064893 9.067438
v -6.794589 3.057747 9.128610
v -6.771419 2.953784 9.184805
v -6.734619 2.877820 9.274055
v -6.740229 2.994123 9.260450
v -6.731855 3.115056 9.280759
v -6.722190 3.370102 9.304198
v -6.710129 3.444597 9.333451
v -6.680253 3.556164 9.405910
v -6.724274 3.681676 9.299145
v -6.772899 3.786610 9.181214
v -6.811641 3.869679 9.087253
v -6.833282 3.988521 9.034765
v -6.860945 4.177255 8.967676
v -6.875158 4.351622 8.933203
v -6.852695 4.254477 8.987683
v -6.834251 4.106563 9.032415
v -6.802283 3.943939 9.109948
v -6.765411 3.883033 9.199374
v -6.741703 3.830034 9.256874
v -6.709006 3.956758 9.336176
v -6.675391 4.142546 9.417702
v -6.640455 4.297328 9.502433
v -6.624629 4.346937 9.540817
v -6.582472 4.414024 9.643060
v -6.596395 4.514807 9.609292
v -6.592681 4.597303 9.618300
v -6.571679 4.711937 9.669237
v -6.567494 4.815486 9.679385
v -6.599503 4.998034 9.601755
v -6.625939 5.132340 9.537639
v -6.644540 5.267177 9.492525
v -6.672753 5.328706 9.424099
v -6.735065 5.326181 9.272974
v -6.761172 5.253471 9.209657
v -6.829936 4.913683 9.042881
v -6.835575 4.742775 9.029205
v -6.847792 4.911648 8.999575
v -6.823484 5.040109 9.058529
v -6.769178 5.314879 9.190240
v -6.827396 5.318296 9.049041
v -6.941403 5.306780 8.772538
v -6.994355 5.254506 8.644114
v -7.102919 5.068343 8.380812
v -7.049460 5.212014 8.510467
v -6.984785 5.311917 8.667323
v -6.947745 5.357778 8.757156
v -6.918429 5.373226 8.828258
v -6.978419 5.676412 8.682763
v -6.928537 5.514212 8.803743
v -6.889529 5.372408 8.898349
v -6.839439 5.371283 9.019834
v -6.771194 5.376367 9.185349
v -6.707136 5.381456 9.340710
v -6.656774 5.362900 9.462856
v -6.693838 5.499474 9.372964
v -6.717196 5.609497 9.316314
v -6.713997 5.942570 9.324070
v -6.695529 5.601328 9.368862
v -6.658110 5.463844 9.459615
v -6.625374 5.353301 9.539009
v -6.609131 5.171523 9.578404
v -6.599434 5.135146 9.601922
v -6.559752 5.281960 9.698163
v -6.555369 5.488749 9.708793
v -6.518366 5.622172 9.798538
v -6.473483 5.683052 9.907394
v -6.489379 5.619078 9.868840
v -6.518762 5.536230 9.797578
v -6.529325 5.446395 9.771957
v -6.536397 5.319894 9.754808
v -6.477142 5.332738 9.898520
v -6.397694 5.401738 10.091208
v -6.330530 5.276706 10.254101
v -6.381281 5.312641 10.131013
v -6.414611 5.334730 10.050177
v -6.519876 5.256704 9.794876
v -6.551692 5.185005 9.717711
v -6.574511 5.083993 9.662369
v -6.568291 4.989711 9.677455
v -6.540509 4.873577 9.744833
v -6.541122 4.779105 9.743346
v -6.557897 4.527212 9.702663
v -6.557563 4.455621 9.703471
v -6.464922 4.595523 9.928155
v -6.484559 4.506202 9.880530
v -6.543832 4.414974 9.736773
v -6.526123 4.345552 9.779725
v -6.498975 4.349114 9.845568
v -6.431928 4.484962 10.008179
v -6.400247 4.553172 10.085013
v -6.338824 4.614712 10.233983
v -6.287385 4.663377 10.358741
v -6.263982 4.720380 10.415500
v -6.260998 4.782728 10.422738
v -6.304483 4.917058 10.317271
v -6.416420 4.954744 10.045789
v -6.492842 4.966482 9.860441
v -6.421964 5.009271 10.032344
v -6.358762 4.994809 10.185629
v -6.292908 4.965978 10.345345
v -6.234345 5.171373 10.487379
v -6.205677 5.299811 10.556909
v -6.245495 5.421002 10.460336
v -6.339858 5.670045 10.231477
v -6.338496 5.841065 10.234778
v -6.320216 5.717894 10.279115
v -6.305130 5.643777 10.315701
v -6.240397 5.471160 10.472701
v -6.195652 5.366932 10.581222
v -6.180171 5.493824 10.618767
v -6.180182 5.729935 10.618741
v -6.113088 5.901627 10.781467
v -6.133317 5.773952 10.732405
v -6.160186 5.661242 10.667237
v -6.164223 5.393257 10.657447
v -6.200809 5.190433 10.568714
v -6.251596 4.983055 10.445539
v -6.258308 4.893876 10.429261
v -6.212821 4.785736 10.539581
v -6.219164 4.687747 10.524197
v -6.156014 4.676080 10.677355
v -6.055281 4.691480 10.921666
v -6.003049 4.703553 11.048346
v -5.916858 4.493082 11.257385
v -6.011991 4.619887 11.026658
v -6.126690 4.619156 10.748477
v -6.106165 4.460372 10.798257
v -6.094281 4.313445 10.827078
v -6.042203 4.202670 10.953384
v -6.110887 4.271923 10.786804
v -6.150911 4.600819 10.689732
v -6.223769 4.606341 10.513029
v -6.284226 4.587703 10.366402
v -6.347055 4.491996 10.214022
v -6.468472 4.269628 9.919546
v -6.478404 4.152740 9.895459
v -6.459529 4.037628 9.941235
v -6.528836 3.616541 9.773144
v -6.565587 3.306893 9.684011
v -6.501811 3.346344 9.838689
v -6.480229 3.313992 9.891032
v -6.392612 3.401848 10.103529
v -6.293001 3.746400 10.345119
v -6.266068 4.081348 10.410442
v -6.257976 3.870848 10.430067
v -6.194883 3.953376 10.583085
v -6.263159 3.778329 10.417495
v -6.323283 3.545049 10.271677
v -6.392699 3.324918 10.103319
v -6.503481 3.223547 9.834638
v -6.536174 3.070503 9.755346
v -6.523985 2.864939 9.784909
v -6.491838 2.807153 9.862875
v -6.317462 3.080595 10.285792
v -6.257226 3.087080 10.431885
v -6.122257 3.422957 10.759228
v -6.094200 3.641021 10.827276
v -6.092635 3.463714 10.831071
v -6.169038 3.215331 10.645769
v -6.205448 3.100938 10.557463
v -6.100423 3.143367 10.812182
v -5.981058 3.103566 11.101680
v -6.059079 3.083857 10.912456
v -6.156006 3.072345 10.677376
v -6.291900 3.020684 10.347790
v -6.353069 2.953483 10.199434
v -6.367041 2.918132 10.165549
v -6.308844 2.683325 10.306696
v -6.301386 2.496269 10.324781
v -6.302324 2.356050 10.322508
v -6.222466 2.432893 10.516188
v -6.129035 2.465951 10.742789
v -6.070219 2.363770 10.885437
v -5.996934 2.350702 11.063176
v -6.042147 2.303864 10.953520
v -6.096264 2.346247 10.822268
v -6.127809 2.402294 10.745762
v -6.212045 2.359200 10.541464
v -6.304409 2.277417 10.317452
v -6.351632 2.078149 10.202921
v -6.435271 1.698892 10.000069
v -6.461289 1.460201 9.936967
v -6.459262 0.962531 9.941883
v -6.455956 0.429241 9.949903
v -6.396651 0.119476 10.093735
v -6.344422 0.027395 10.220407
v -6.546535 4.228025 9.730218
v -6.524387 4.022333 9.783936
v -6.551552 3.809240 9.718050
v -6.588987 3.568117 9.627259
v -6.633216 3.587935 9.519989
v -6.646016 3.614996 9.488946
v -6.624153 3.718641 9.541971
v -6.657563 3.641895 9.460939
v -6.714353 3.157820 9.323206
v -6.705501 3.361459 9.344675
v -6.668797 3.522324 9.433693
v -6.635792 3.454689 9.513741
v -6.629596 3.385704 9.528769
v -6.645201 3.290888 9.490922
v -6.640266 3.247234 9.502891
v -6.715244 3.064179 9.321045
v -6.675843 3.149320 9.416607
v -6.633866 3.190363 9.518413
v -6.625823 3.024574 9.537919
v -6.609287 2.835987 9.578025
v -6.605330 2.715880 9.587621
v -6.628006 2.679018 9.532626
v -6.658481 2.713213 9.458715
v -6.707850 2.829886 9.338978
v -6.717117 2.947146 9.316503
v -6.564871 3.230463 9.685748
v -6.518154 3.289478 9.799051
v -6.542213 3.205100 9.740700
v -6.553117 3.159154 9.714254
v -6.501884 2.524301 9.838513
v -6.448427 1.861912 9.968161
v -6.492577 2.634457 9.861083
v -6.410723 2.840279 10.059606
v -6.386941 2.891147 10.117285
v -6.328477 2.676415 10.259077
v -6.331258 2.456762 10.252335
v -6.335532 2.375309 10.241968
v -6.342969 2.271185 10.223929
v -6.437279 1.910951 9.995198
v -6.477445 1.799263 9.897783
v -6.496511 1.897457 9.851542
v -6.508134 2.133155 9.823354
v -6.512488 2.379836 9.812794
v -6.952087 3.855136 9.955955
v -6.760125 4.296825 9.876805
v -6.968921 3.756473 9.962895
v -6.652887 4.377357 9.832589
v -6.983999 0.003253 9.969112
v -6.863883 0.135062 9.919586
v -6.730722 0.437900 9.864682
v -6.727485 0.852657 9.863347
v -6.731317 1.345348 9.864927
v -6.738313 1.621226 9.867812
v -6.825006 2.278236 9.903557
v -6.818100 2.369658 9.900709
v -6.860868 2.441124 9.918344
v -6.791306 2.546464 9.889662
v -6.872991 2.661429 9.923342
v -7.077104 2.840837 10.007501
v -7.233463 3.003773 10.071971
v -7.540702 3.017250 10.198650
v -7.722494 2.926280 10.273606
v -7.561462 3.074735 10.207211
v -7.412867 3.075107 10.145942
v -7.238710 3.064893 10.074134
v -7.177537 3.057747 10.048912
v -7.121343 2.953784 10.025742
v -7.032093 2.877820 9.988942
v -7.045697 2.994123 9.994552
v -7.025389 3.115056 9.986178
v -7.001949 3.370102 9.976514
v -6.972697 3.444597 9.964452
v -6.900238 3.556164 9.934576
v -7.007003 3.681676 9.978598
v -7.124933 3.786610 10.027222
v -7.218895 3.869679 10.065964
v -7.271382 3.988521 10.087605
v -7.338472 4.177256 10.115268
v -7.372945 4.351622 10.129481
v -7.318465 4.254477 10.107018
v -7.273732 4.106563 10.088574
v -7.196200 3.943939 10.056606
v -7.106773 3.883033 10.019734
v -7.049273 3.830034 9.996026
v -6.969972 3.956758 9.963328
v -6.888445 4.142546 9.929714
v -6.803714 4.297328 9.894778
v -6.765330 4.346938 9.878951
v -6.663088 4.414024 9.836795
v -6.696856 4.514807 9.850718
v -6.687848 4.597303 9.847004
v -6.636910 4.711938 9.826002
v -6.626762 4.815486 9.821817
v -6.704393 4.998034 9.853826
v -6.768509 5.132340 9.880262
v -6.813622 5.267177 9.898863
v -6.882049 5.328707 9.927076
v -7.033173 5.326181 9.989388
v -7.096491 5.253471 10.015494
v -7.263267 4.913683 10.084259
v -7.276942 4.742775 10.089898
v -7.306572 4.911649 10.102115
v -7.247619 5.040109 10.077807
v -7.115908 5.314879 10.023500
v -7.257107 5.318297 10.081719
v -7.533609 5.306781 10.195726
v -7.662034 5.254507 10.248678
v -7.925335 5.068343 10.357242
v -7.795681 5.212014 10.303783
v -7.638824 5.311917 10.239108
v -7.548992 5.357778 10.202068
v -7.477890 5.373226 10.172752
v -7.623384 5.676412 10.232742
v -7.502404 5.514212 10.182859
v -7.407799 5.372409 10.143852
v -7.286314 5.371284 10.093762
v -7.120798 5.376367 10.025517
v -6.965438 5.381457 9.961459
v -6.843292 5.362900 9.911097
v -6.933184 5.499475 9.948160
v -6.989834 5.609497 9.971519
v -6.982078 5.942571 9.968320
v -6.937286 5.601329 9.949852
v -6.846533 5.463845 9.912433
v -6.767138 5.353302 9.879697
v -6.727743 5.171523 9.863454
v -6.704226 5.135147 9.853757
v -6.607985 5.281961 9.814075
v -6.597355 5.488750 9.809692
v -6.507609 5.622172 9.772689
v -6.398754 5.683053 9.727805
v -6.437307 5.619078 9.743702
v -6.508570 5.536231 9.773085
v -6.534191 5.446395 9.783648
v -6.551340 5.319894 9.790719
v -6.407628 5.332739 9.731464
v -6.214941 5.401739 9.652017
v -6.052047 5.276706 9.584852
v -6.175135 5.312641 9.635604
v -6.255971 5.334731 9.668934
v -6.511271 5.256705 9.774199
v -6.588436 5.185006 9.806015
v -6.643779 5.083993 9.828834
v -6.628693 4.989711 9.822614
v -6.561315 4.873578 9.794832
v -6.562802 4.779105 9.795445
v -6.603484 4.527212 9.812220
v -6.602676 4.455621 9.811887
v -6.377992 4.595524 9.719245
v -6.425618 4.506202 9.738882
v -6.569374 4.414974 9.798156
v -6.526423 4.345553 9.780446
v -6.460580 4.349114 9.753298
v -6.297969 4.484963 9.686251
v -6.221134 4.553173 9.654570
v -6.072164 4.614713 9.593147
v -5.947407 4.663378 9.541707
v -5.890648 4.720381 9.518305
v -5.883410 4.782728 9.515321
v -5.988876 4.917059 9.558806
v -6.260359 4.954745 9.670743
v -6.445707 4.966483 9.747165
v -6.273804 5.009271 9.676287
v -6.120519 4.994809 9.613085
v -5.960803 4.965979 9.547231
v -5.818769 5.171374 9.488667
v -5.749239 5.299812 9.459999
v -5.845812 5.421003 9.499818
v -6.074671 5.670046 9.594181
v -6.071369 5.841065 9.592819
v -6.027033 5.717895 9.574539
v -5.990447 5.643778 9.559453
v -5.833447 5.471160 9.494720
v -5.724926 5.366933 9.449975
v -5.687381 5.493825 9.434494
v -5.687407 5.729936 9.434505
v -5.524681 5.901627 9.367411
v -5.573743 5.773952 9.387639
v -5.638910 5.661243 9.414509
v -5.648701 5.393258 9.418546
v -5.737433 5.190433 9.455132
v -5.860610 4.983055 9.505919
v -5.876886 4.893876 9.512630
v -5.766566 4.785737 9.467144
v -5.781951 4.687747 9.473487
v -5.628792 4.676081 9.410337
v -5.384481 4.691480 9.309604
v -5.257802 4.703554 9.257371
v -5.048762 4.493083 9.171181
v -5.279490 4.619887 9.266314
v -5.557671 4.619157 9.381012
v -5.507891 4.460372 9.360487
v -5.479070 4.313445 9.348604
v -5.352764 4.202670 9.296526
v -5.519344 4.271923 9.365210
v -5.616416 4.600820 9.405234
v -5.793118 4.606342 9.478092
v -5.939746 4.587703 9.538548
v -6.092126 4.491996 9.601377
v -6.386602 4.269628 9.722795
v -6.410688 4.152741 9.732726
v -6.364913 4.037629 9.713853
v -6.533004 3.616541 9.783159
v -6.622136 3.306894 9.819910
v -6.467459 3.346344 9.756134
v -6.415115 3.313992 9.734551
v -6.202619 3.401848 9.646935
v -5.961029 3.746400 9.547324
v -5.895706 4.081348 9.520391
v -5.876081 3.870848 9.512299
v -5.723063 3.953376 9.449206
v -5.888653 3.778329 9.517482
v -6.034471 3.545049 9.577605
v -6.202828 3.324918 9.647022
v -6.471510 3.223547 9.757804
v -6.550801 3.070503 9.790497
v -6.521238 2.864939 9.778308
v -6.443273 2.807153 9.746161
v -6.020356 3.080595 9.571786
v -5.874263 3.087080 9.511549
v -5.546920 3.422957 9.376580
v -5.478871 3.641021 9.348522
v -5.475077 3.463714 9.346957
v -5.660378 3.215332 9.423361
v -5.748684 3.100938 9.459771
v -5.493966 3.143367 9.354746
v -5.204468 3.103566 9.235381
v -5.393692 3.083858 9.313401
v -5.628771 3.072345 9.410329
v -5.958358 3.020684 9.546223
v -6.106713 2.953483 9.607392
v -6.140599 2.918132 9.621364
v -5.999452 2.683325 9.563167
v -5.981366 2.496269 9.555710
v -5.983640 2.356050 9.556647
v -5.789959 2.432893 9.476789
v -5.563359 2.465951 9.383358
v -5.420711 2.363770 9.324542
v -5.242971 2.350702 9.251257
v -5.352628 2.303864 9.296470
v -5.483880 2.346247 9.350587
v -5.560386 2.402294 9.382133
v -5.764684 2.359200 9.466368
v -5.988695 2.277417 9.558731
v -6.103226 2.078149 9.605954
v -6.306079 1.698891 9.689594
v -6.369180 1.460201 9.715612
v -6.364264 0.962531 9.713585
v -6.356245 0.429241 9.710279
v -6.212413 0.119476 9.650974
v -6.085741 0.027395 9.598745
v -6.575930 4.228025 9.800858
v -6.522213 4.022333 9.778709
v -6.588098 3.809240 9.805875
v -6.678888 3.568118 9.843309
v -6.786159 3.587936 9.887540
v -6.817202 3.614996 9.900339
v -6.764176 3.718641 9.878475
v -6.845208 3.641896 9.911886
v -6.982942 3.157821 9.968677
v -6.961473 3.361459 9.959825
v -6.872454 3.522324 9.923120
v -6.792406 3.454689 9.890116
v -6.777379 3.385704 9.883920
v -6.815226 3.290888 9.899524
v -6.803257 3.247234 9.894589
v -6.985103 3.064179 9.969567
v -6.889541 3.149321 9.930165
v -6.787735 3.190363 9.888189
v -6.768229 3.024574 9.880147
v -6.728122 2.835987 9.863610
v -6.718527 2.715880 9.859653
v -6.773522 2.679018 9.882329
v -6.847432 2.713213 9.912804
v -6.967170 2.829886 9.962173
v -6.989645 2.947146 9.971440
v -6.620400 3.230464 9.819194
v -6.507096 3.289478 9.772477
v -6.565448 3.205100 9.796536
v -6.591893 3.159154 9.807440
v -6.467635 2.524301 9.756207
v -6.337986 1.861912 9.702750
v -6.445064 2.634457 9.746901
v -6.246542 2.840279 9.665047
v -6.188863 2.891147 9.641264
v -6.047071 2.676415 9.582801
v -6.053813 2.456762 9.585581
v -6.064179 2.375309 9.589855
v -6.082218 2.271185 9.597293
v -6.310949 1.910951 9.691603
v -6.408364 1.799263 9.731769
v -6.454606 1.897457 9.750834
v -6.482794 2.133155 9.762457
v -6.493354 2.379837 9.766811
vn -0.9245 -0.0000 0.3812
vn 0.3812 -0.0000 0.9245
vt 0.450220 0.396636
vt 0.458789 0.458304
vt 0.446488 0.463566
vt 0.426559 0.481518
vt 0.422818 0.499561
vt 0.423575 0.517569
vt 0.439479 0.530669
vt 0.456423 0.536985
vt 0.453840 0.545735
vt 0.423934 0.531977
vt 0.413489 0.506789
vt 0.415753 0.488894
vt 0.400899 0.500582
vt 0.391546 0.516579
vt 0.381365 0.517678
vt 0.352379 0.519250
vt 0.327647 0.519193
vt 0.300846 0.496350
vt 0.331103 0.510348
vt 0.382238 0.508274
vt 0.408262 0.483203
vt 0.442234 0.455598
vt 0.455829 0.437908
vt 0.444251 0.421699
vt 0.451369 0.410703
vt 0.518441 0.556007
vt 0.503132 0.552236
vt 0.493420 0.539252
vt 0.489018 0.532183
vt 0.509699 0.434498
vt 0.513456 0.451448
vt 0.546497 0.483117
vt 0.556097 0.490944
vt 0.579696 0.457904
vt 0.578574 0.424106
vt 0.576849 0.411573
vt 0.573847 0.395551
vt 0.535778 0.340122
vt 0.531278 0.332576
vt 0.536588 0.307493
vt 0.570350 0.365849
vt 0.589412 0.396510
vt 0.626696 0.409094
vt 0.660698 0.415725
vt 0.673432 0.407101
vt 0.695277 0.400579
vt 0.713527 0.407786
vt 0.683945 0.409797
vt 0.660203 0.425520
vt 0.622489 0.420433
vt 0.590254 0.408609
vt 0.590632 0.430185
vt 0.587622 0.458967
vt 0.564130 0.495096
vt 0.569770 0.500536
vt 0.594461 0.510876
vt 0.649316 0.518825
vt 0.688442 0.520597
vt 0.719936 0.523629
vt 0.671753 0.529753
vt 0.629359 0.523225
vt 0.644056 0.540826
vt 0.674897 0.579045
vt 0.674265 0.606327
vt 0.662939 0.572774
vt 0.608458 0.521092
vt 0.584143 0.520095
vt 0.513754 0.478020
vt 0.500778 0.486912
vt 0.495858 0.518542
vt 0.509055 0.542091
vt 0.553773 0.557688
vt 0.581793 0.591560
vt 0.606063 0.627455
vt 0.633623 0.654389
vt 0.608155 0.641690
vt 0.604889 0.674080
vt 0.594017 0.622542
vt 0.553808 0.569526
vt 0.427507 0.563311
vt 0.442323 0.588063
vt 0.446858 0.606462
vt 0.426267 0.624092
vt 0.429069 0.639273
vt 0.461019 0.707235
vt 0.478867 0.719627
vt 0.473048 0.753470
vt 0.471549 0.740776
vt 0.477169 0.725269
vt 0.460152 0.714946
vt 0.453764 0.707313
vt 0.439662 0.683496
vt 0.426093 0.654909
vt 0.412894 0.635410
vt 0.403324 0.643565
vt 0.388440 0.652937
vt 0.375536 0.677960
vt 0.368091 0.700719
vt 0.359023 0.715667
vt 0.364761 0.688837
vt 0.375927 0.659797
vt 0.384663 0.641511
vt 0.400301 0.628729
vt 0.419929 0.612583
vt 0.437699 0.593270
vt 0.425639 0.576103
vt 0.420770 0.564641
vt 0.416869 0.525397
vt 0.474539 0.595109
vt 0.456686 0.598159
vt 0.451519 0.602323
vt 0.460344 0.618270
vt 0.455646 0.577656
vt 0.458147 0.567041
vt 0.451848 0.552452
vt 0.459670 0.511474
vt 0.466345 0.482457
vt 0.467942 0.463976
vt 0.464649 0.295542
vt 0.465813 0.253093
vt 0.466451 0.177283
vt 0.465912 0.113464
vt 0.443750 0.066867
vt 0.423758 0.046585
vt 0.573260 0.050300
vt 0.552177 0.064469
vt 0.528239 0.112132
vt 0.526904 0.194189
vt 0.526086 0.270765
vt 0.519564 0.322937
vt 0.511868 0.338045
vt 0.507176 0.374313
vt 0.505419 0.412269
vt 0.484274 0.543155
vt 0.509729 0.560985
vt 0.483985 0.554915
vt 0.498820 0.602560
vt 0.526796 0.667353
vt 0.519177 0.685065
vt 0.523186 0.703050
vt 0.572197 0.737266
vt 0.597559 0.751993
vt 0.621963 0.754861
vt 0.651373 0.754011
vt 0.667529 0.703404
vt 0.695254 0.692748
vt 0.674232 0.709793
vt 0.669435 0.732400
vt 0.661150 0.756832
vt 0.707449 0.756945
vt 0.745851 0.737433
vt 0.711059 0.769818
vt 0.689975 0.767961
vt 0.649313 0.765591
vt 0.623822 0.767386
vt 0.626382 0.782464
vt 0.608021 0.799103
vt 0.610730 0.812825
vt 0.631231 0.844734
vt 0.645999 0.875943
vt 0.647629 0.917178
vt 0.658475 0.934520
vt 0.666641 0.954165
vt 0.639557 0.927747
vt 0.639562 0.891417
vt 0.633313 0.871892
vt 0.615251 0.887930
vt 0.589121 0.914490
vt 0.583031 0.925895
vt 0.575652 0.944847
vt 0.575103 0.918532
vt 0.613193 0.880212
vt 0.629266 0.861564
vt 0.617694 0.841802
vt 0.594054 0.810198
vt 0.567472 0.814634
vt 0.541960 0.816859
vt 0.513349 0.810275
vt 0.544198 0.808469
vt 0.589382 0.802670
vt 0.606935 0.782001
vt 0.605731 0.772408
vt 0.596284 0.763637
vt 0.575520 0.756148
vt 0.550726 0.746679
vt 0.537938 0.736184
vt 0.510874 0.715281
vt 0.499915 0.714733
vt 0.492766 0.725415
vt 0.516693 0.739452
vt 0.524619 0.753196
vt 0.487224 0.731669
vt 0.487089 0.742685
vt 0.493860 0.781444
vt 0.494108 0.795980
vt 0.482894 0.813849
vt 0.480383 0.828357
vt 0.489594 0.843899
vt 0.502437 0.854932
vt 0.544928 0.866937
vt 0.558382 0.863538
vt 0.578868 0.858009
vt 0.551757 0.877248
vt 0.519687 0.866631
vt 0.495768 0.864654
vt 0.498622 0.884119
vt 0.502886 0.897942
vt 0.514747 0.910690
vt 0.521164 0.920533
vt 0.503046 0.911166
vt 0.488109 0.890636
vt 0.486340 0.858818
vt 0.470322 0.836228
vt 0.466408 0.841825
vt 0.459851 0.869795
vt 0.446637 0.886804
vt 0.431533 0.907959
vt 0.424078 0.960465
vt 0.422787 0.909216
vt 0.432215 0.892286
vt 0.447177 0.871272
vt 0.426847 0.874127
vt 0.400990 0.873344
vt 0.373442 0.872562
vt 0.353223 0.872735
vt 0.337477 0.894554
vt 0.317341 0.919512
vt 0.341557 0.872861
vt 0.329723 0.870484
vt 0.314772 0.863427
vt 0.288665 0.848055
vt 0.267086 0.825948
vt 0.310909 0.854593
vt 0.332283 0.862637
vt 0.378303 0.864409
vt 0.401804 0.863883
vt 0.379882 0.821604
vt 0.370070 0.801838
vt 0.375002 0.775853
vt 0.377278 0.802151
vt 0.405035 0.854434
vt 0.415574 0.865622
vt 0.440726 0.866010
vt 0.452115 0.856543
vt 0.459623 0.835796
vt 0.470294 0.815130
vt 0.483215 0.787041
vt 0.481526 0.771109
vt 0.491676 0.696649
vt 0.500616 0.664999
vt 0.489650 0.632211
s 0
usemtl Material.018
f 4077/3034/894 4296/3035/894 4297/3036/894 4298/3037/894 4299/3038/894 4290/3039/894 4291/3040/894 4292/3041/894 4289/3042/894 4283/3043/894 4092/3044/894 4091/3045/894 4090/3046/894 4089/3047/894 4088/3048/894 4087/3049/894 4086/3050/894 4085/3051/894 4084/3052/894 4083/3053/894 4082/3054/894 4081/3055/894 4080/3056/894 4079/3057/894 4078/3058/894
f 4229/3059/894 4301/3060/894 4302/3061/894 4303/3062/894 4304/3063/894 4306/3064/894 4307/3065/894 4308/3066/894 4309/3067/894 4310/3068/894 4311/3069/894 4312/3070/894 4313/3071/894 4305/3072/894 4269/3073/894 4268/3074/894 4267/3075/894 4266/3076/894 4265/3077/894 4264/3078/894 4263/3079/894 4262/3080/894 4261/3081/894 4260/3082/894 4259/3083/894 4258/3084/894 4257/3085/894 4256/3086/894 4255/3087/894 4254/3088/894 4253/3089/894 4252/3090/894 4251/3091/894 4250/3092/894 4249/3093/894 4248/3094/894 4247/3095/894 4246/3096/894 4245/3097/894 4244/3098/894 4243/3099/894 4242/3100/894 4241/3101/894 4240/3102/894 4239/3103/894 4238/3104/894 4237/3105/894 4236/3106/894 4235/3107/894 4234/3108/894 4233/3109/894 4232/3110/894 4231/3111/894 4230/3112/894
f 4092/3044/894 4283/3043/894 4284/3113/894 4285/3114/894 4282/3115/894 4069/3116/894 4067/3117/894 4068/3118/894 4070/3119/894 4114/3120/894 4113/3121/894 4112/3122/894 4111/3123/894 4110/3124/894 4109/3125/894 4108/3126/894 4107/3127/894 4106/3128/894 4105/3129/894 4104/3130/894 4103/3131/894 4102/3132/894 4101/3133/894 4100/3134/894 4099/3135/894 4098/3136/894 4097/3137/894 4096/3138/894 4095/3139/894 4094/3140/894 4093/3141/894
f 4278/3142/894 4279/3143/894 4280/3144/894 4281/3145/894 4282/3115/894 4285/3114/894 4286/3146/894 4287/3147/894 4288/3148/894 4289/3042/894 4292/3041/894 4293/3149/894 4294/3150/894 4295/3151/894 4296/3035/894 4077/3034/894 4076/3152/894 4075/3153/894 4074/3154/894 4073/3155/894 4072/3156/894 4071/3157/894 4274/3158/894 4273/3159/894 4272/3160/894 4271/3161/894 4270/3162/894 4269/3073/894 4305/3072/894 4314/3163/894 4315/3164/894 4316/3165/894 4317/3166/894 4304/3063/894 4303/3062/894 4300/3167/894 4301/3060/894 4228/3168/894 4227/3169/894 4226/3170/894 4225/3171/894 4224/3172/894 4223/3173/894 4222/3174/894 4221/3175/894 4220/3176/894 4219/3177/894 4218/3178/894 4217/3179/894 4216/3180/894 4215/3181/894 4214/3182/894 4213/3183/894 4212/3184/894 4211/3185/894 4210/3186/894 4209/3187/894 4208/3188/894 4207/3189/894 4206/3190/894 4205/3191/894 4204/3192/894 4203/3193/894 4202/3194/894 4201/3195/894 4200/3196/894 4199/3197/894 4198/3198/894 4197/3199/894 4196/3200/894 4195/3201/894 4194/3202/894 4193/3203/894 4192/3204/894 4191/3205/894 4190/3206/894 4189/3207/894 4188/3208/894 4187/3209/894 4186/3210/894 4185/3211/894 4184/3212/894 4183/3213/894 4182/3214/894 4181/3215/894 4180/3216/894 4179/3217/894 4178/3218/894 4177/3219/894 4176/3220/894 4175/3221/894 4174/3222/894 4173/3223/894 4172/3224/894 4171/3225/894 4170/3226/894 4169/3227/894 4168/3228/894 4167/3229/894 4166/3230/894 4165/3231/894 4164/3232/894 4163/3233/894 4162/3234/894 4161/3235/894 4160/3236/894 4159/3237/894 4158/3238/894 4157/3239/894 4156/3240/894 4155/3241/894 4154/3242/894 4153/3243/894 4152/3244/894 4151/3245/894 4150/3246/894 4149/3247/894 4148/3248/894 4147/3249/894 4146/3250/894 4145/3251/894 4144/3252/894 4143/3253/894 4142/3254/894 4141/3255/894 4140/3256/894 4139/3257/894 4138/3258/894 4137/3259/894 4136/3260/894 4135/3261/894 4134/3262/894 4133/3263/894 4132/3264/894 4131/3265/894 4130/3266/894 4129/3267/894 4128/3268/894 4127/3269/894 4126/3270/894 4125/3271/894 4124/3272/894 4123/3273/894 4122/3274/894 4121/3275/894 4120/3276/894 4119/3277/894 4118/3278/894 4117/3279/894 4116/3280/894 4115/3281/894 4114/3120/894 4070/3119/894 4275/3282/894 4276/3283/894 4277/3284/894
usemtl Material.017
f 4328/3034/895 4547/3035/895 4548/3036/895 4549/3037/895 4550/3038/895 4541/3039/895 4542/3040/895 4543/3041/895 4540/3042/895 4534/3043/895 4343/3044/895 4342/3045/895 4341/3046/895 4340/3047/895 4339/3048/895 4338/3049/895 4337/3050/895 4336/3051/895 4335/3052/895 4334/3053/895 4333/3054/895 4332/3055/895 4331/3056/895 4330/3057/895 4329/3058/895
f 4480/3059/895 4552/3060/895 4553/3061/895 4554/3062/895 4555/3063/895 4557/3064/895 4558/3065/895 4559/3066/895 4560/3067/895 4561/3068/895 4562/3069/895 4563/3070/895 4564/3071/895 4556/3072/895 4520/3073/895 4519/3074/895 4518/3075/895 4517/3076/895 4516/3077/895 4515/3078/895 4514/3079/895 4513/3080/895 4512/3081/895 4511/3082/895 4510/3083/895 4509/3084/895 4508/3085/895 4507/3086/895 4506/3087/895 4505/3088/895 4504/3089/895 4503/3090/895 4502/3091/895 4501/3092/895 4500/3093/895 4499/3094/895 4498/3095/895 4497/3096/895 4496/3097/895 4495/3098/895 4494/3099/895 4493/3100/895 4492/3101/895 4491/3102/895 4490/3103/895 4489/3104/895 4488/3105/895 4487/3106/895 4486/3107/895 4485/3108/895 4484/3109/895 4483/3110/895 4482/3111/895 4481/3112/895
f 4343/3044/895 4534/3043/895 4535/3113/895 4536/3114/895 4533/3115/895 4320/3116/895 4318/3117/895 4319/3118/895 4321/3119/895 4365/3120/895 4364/3121/895 4363/3122/895 4362/3123/895 4361/3124/895 4360/3125/895 4359/3126/895 4358/3127/895 4357/3128/895 4356/3129/895 4355/3130/895 4354/3131/895 4353/3132/895 4352/3133/895 4351/3134/895 4350/3135/895 4349/3136/895 4348/3137/895 4347/3138/895 4346/3139/895 4345/3140/895 4344/3141/895
f 4529/3142/895 4530/3143/895 4531/3144/895 4532/3145/895 4533/3115/895 4536/3114/895 4537/3146/895 4538/3147/895 4539/3148/895 4540/3042/895 4543/3041/895 4544/3149/895 4545/3150/895 4546/3151/895 4547/3035/895 4328/3034/895 4327/3152/895 4326/3153/895 4325/3154/895 4324/3155/895 4323/3156/895 4322/3157/895 4525/3158/895 4524/3159/895 4523/3160/895 4522/3161/895 4521/3162/895 4520/3073/895 4556/3072/895 4565/3163/895 4566/3164/895 4567/3165/895 4568/3166/895 4555/3063/895 4554/3062/895 4551/3167/895 4552/3060/895 4479/3168/895 4478/3169/895 4477/3170/895 4476/3171/895 4475/3172/895 4474/3173/895 4473/3174/895 4472/3175/895 4471/3176/895 4470/3177/895 4469/3178/895 4468/3179/895 4467/3180/895 4466/3181/895 4465/3182/895 4464/3183/895 4463/3184/895 4462/3185/895 4461/3186/895 4460/3187/895 4459/3188/895 4458/3189/895 4457/3190/895 4456/3191/895 4455/3192/895 4454/3193/895 4453/3194/895 4452/3195/895 4451/3196/895 4450/3197/895 4449/3198/895 4448/3199/895 4447/3200/895 4446/3201/895 4445/3202/895 4444/3203/895 4443/3204/895 4442/3205/895 4441/3206/895 4440/3207/895 4439/3208/895 4438/3209/895 4437/3210/895 4436/3211/895 4435/3212/895 4434/3213/895 4433/3214/895 4432/3215/895 4431/3216/895 4430/3217/895 4429/3218/895 4428/3219/895 4427/3220/895 4426/3221/895 4425/3222/895 4424/3223/895 4423/3224/895 4422/3225/895 4421/3226/895 4420/3227/895 4419/3228/895 4418/3229/895 4417/3230/895 4416/3231/895 4415/3232/895 4414/3233/895 4413/3234/895 4412/3235/895 4411/3236/895 4410/3237/895 4409/3238/895 4408/3239/895 4407/3240/895 4406/3241/895 4405/3242/895 4404/3243/895 4403/3244/895 4402/3245/895 4401/3246/895 4400/3247/895 4399/3248/895 4398/3249/895 4397/3250/895 4396/3251/895 4395/3252/895 4394/3253/895 4393/3254/895 4392/3255/895 4391/3256/895 4390/3257/895 4389/3258/895 4388/3259/895 4387/3260/895 4386/3261/895 4385/3262/895 4384/3263/895 4383/3264/895 4382/3265/895 4381/3266/895 4380/3267/895 4379/3268/895 4378/3269/895 4377/3270/895 4376/3271/895 4375/3272/895 4374/3273/895 4373/3274/895 4372/3275/895 4371/3276/895 4370/3277/895 4369/3278/895 4368/3279/895 4367/3280/895 4366/3281/895 4365/3120/895 4321/3119/895 4526/3282/895 4527/3283/895 4528/3284/895
o Plane.017
v -9.562453 2.028736 2.099293
v -9.695720 2.262350 2.039557
v -9.550766 1.976552 2.104531
v -9.770168 2.304945 2.006187
v -9.540298 -0.008566 2.109223
v -9.623688 0.061149 2.071845
v -9.716132 0.221323 2.030408
v -9.718380 0.440693 2.029401
v -9.715720 0.701282 2.030593
v -9.710863 0.847197 2.032770
v -9.650677 1.194697 2.059747
v -9.655472 1.243051 2.057598
v -9.625781 1.280850 2.070907
v -9.674073 1.336565 2.049260
v -9.617364 1.397372 2.074679
v -9.475662 1.492262 2.138196
v -9.367111 1.578441 2.186852
v -9.153814 1.585569 2.282460
v -9.027608 1.537455 2.339031
v -9.139401 1.615974 2.288920
v -9.242562 1.616170 2.242680
v -9.363468 1.610768 2.188485
v -9.405937 1.606989 2.169449
v -9.444949 1.552001 2.151962
v -9.506910 1.511824 2.124189
v -9.497465 1.573337 2.128423
v -9.511564 1.637300 2.122103
v -9.527837 1.772197 2.114809
v -9.548145 1.811598 2.105706
v -9.598449 1.870607 2.083158
v -9.524328 1.936991 2.116382
v -9.442456 1.992492 2.153080
v -9.377225 2.036428 2.182319
v -9.340786 2.099285 2.198652
v -9.294210 2.199109 2.219529
v -9.270278 2.291333 2.230257
v -9.308100 2.239952 2.213304
v -9.339155 2.161718 2.199383
v -9.392981 2.075705 2.175257
v -9.455064 2.043491 2.147429
v -9.494983 2.015460 2.129536
v -9.550036 2.082485 2.104858
v -9.606635 2.180750 2.079489
v -9.665459 2.262616 2.053122
v -9.692106 2.288855 2.041177
v -9.763087 2.324338 2.009361
v -9.739644 2.377643 2.019869
v -9.745898 2.421277 2.017066
v -9.781260 2.481908 2.001215
v -9.788305 2.536675 1.998057
v -9.734411 2.633227 2.022214
v -9.689899 2.704263 2.042166
v -9.658581 2.775580 2.056205
v -9.611076 2.808123 2.077498
v -9.506160 2.806788 2.124526
v -9.462202 2.768331 2.144229
v -9.346420 2.588613 2.196127
v -9.336926 2.498218 2.200382
v -9.316356 2.587537 2.209603
v -9.357285 2.655481 2.191257
v -9.448722 2.800810 2.150271
v -9.350697 2.802618 2.194210
v -9.158738 2.796526 2.280253
v -9.069581 2.768878 2.320217
v -8.886787 2.670415 2.402152
v -8.976798 2.746404 2.361805
v -9.085694 2.799243 2.312994
v -9.148060 2.823500 2.285040
v -9.197421 2.831670 2.262914
v -9.096414 2.992028 2.308189
v -9.180403 2.906239 2.270542
v -9.246081 2.831238 2.241103
v -9.330420 2.830643 2.203299
v -9.445328 2.833331 2.151793
v -9.553185 2.836024 2.103447
v -9.637983 2.826209 2.065438
v -9.575577 2.898444 2.093410
v -9.536247 2.956636 2.111039
v -9.541633 3.132802 2.108625
v -9.572729 2.952316 2.094687
v -9.635733 2.879599 2.066446
v -9.690851 2.821132 2.041740
v -9.718201 2.724988 2.029481
v -9.734528 2.705748 2.022163
v -9.801341 2.783399 1.992214
v -9.808722 2.892772 1.988906
v -9.871026 2.963341 1.960979
v -9.946598 2.995541 1.927105
v -9.919832 2.961704 1.939102
v -9.870359 2.917885 1.961277
v -9.852572 2.870370 1.969250
v -9.840667 2.803463 1.974587
v -9.940437 2.810256 1.929866
v -10.074207 2.846751 1.869905
v -10.187295 2.780620 1.819215
v -10.101842 2.799626 1.857518
v -10.045723 2.811310 1.882673
v -9.868484 2.770041 1.962118
v -9.814913 2.732119 1.986131
v -9.776492 2.678692 2.003352
v -9.786965 2.628825 1.998658
v -9.833742 2.567401 1.977691
v -9.832709 2.517433 1.978154
v -9.804466 2.384204 1.990813
v -9.805027 2.346339 1.990562
v -9.961011 2.420335 1.920644
v -9.927948 2.373092 1.935464
v -9.828147 2.324841 1.980199
v -9.857965 2.288123 1.966833
v -9.903675 2.290007 1.946344
v -10.016566 2.361858 1.895742
v -10.069908 2.397935 1.871832
v -10.173328 2.430484 1.825475
v -10.259939 2.456224 1.786653
v -10.299344 2.486373 1.768991
v -10.304369 2.519350 1.766738
v -10.231150 2.590398 1.799558
v -10.042676 2.610331 1.884039
v -9.914001 2.616539 1.941716
v -10.033342 2.639170 1.888222
v -10.139759 2.631521 1.840523
v -10.250639 2.616272 1.790822
v -10.349245 2.724908 1.746623
v -10.397515 2.792840 1.724986
v -10.330470 2.856940 1.755038
v -10.171588 2.988661 1.826255
v -10.173881 3.079116 1.825228
v -10.204660 3.013969 1.811431
v -10.230060 2.974768 1.800046
v -10.339055 2.883469 1.751191
v -10.414394 2.828341 1.717421
v -10.440459 2.895456 1.705737
v -10.440441 3.020338 1.705745
v -10.553411 3.111147 1.655108
v -10.519351 3.043618 1.670375
v -10.474110 2.984005 1.690654
v -10.467313 2.842265 1.693701
v -10.405711 2.734989 1.721313
v -10.320198 2.625305 1.759643
v -10.308898 2.578137 1.764708
v -10.385486 2.520941 1.730378
v -10.374805 2.469113 1.735166
v -10.481133 2.462942 1.687505
v -10.650743 2.471087 1.611480
v -10.738689 2.477473 1.572059
v -10.883812 2.366153 1.507010
v -10.723633 2.433221 1.578808
v -10.530509 2.432835 1.665374
v -10.565067 2.348852 1.649883
v -10.585076 2.271141 1.640914
v -10.672763 2.212550 1.601610
v -10.557117 2.249179 1.653447
v -10.489725 2.423136 1.683654
v -10.367052 2.426057 1.738641
v -10.265258 2.416199 1.784269
v -10.159470 2.365578 1.831687
v -9.955034 2.247965 1.923323
v -9.938313 2.186142 1.930819
v -9.970091 2.125258 1.916574
v -9.853396 1.902541 1.968881
v -9.791517 1.738765 1.996618
v -9.898900 1.759630 1.948485
v -9.935239 1.742519 1.932196
v -10.082762 1.788987 1.866071
v -10.250483 1.971224 1.790892
v -10.295833 2.148382 1.770565
v -10.309457 2.037046 1.764457
v -10.415688 2.080696 1.716841
v -10.300729 1.988112 1.768370
v -10.199496 1.864728 1.813746
v -10.082617 1.748298 1.866136
v -9.896088 1.694682 1.949745
v -9.841041 1.613735 1.974419
v -9.861564 1.505010 1.965220
v -9.915690 1.474447 1.940958
v -10.209295 1.619073 1.809353
v -10.310719 1.622503 1.763892
v -10.537972 1.800152 1.662028
v -10.585215 1.915488 1.640853
v -10.587849 1.821709 1.639672
v -10.459206 1.690337 1.697335
v -10.397900 1.629833 1.724814
v -10.574736 1.652274 1.645550
v -10.775715 1.631223 1.555463
v -10.644349 1.620799 1.614346
v -10.481148 1.614710 1.687499
v -10.252337 1.587385 1.790061
v -10.149343 1.551842 1.836227
v -10.125818 1.533145 1.846771
v -10.223808 1.408953 1.802848
v -10.236363 1.310017 1.797221
v -10.234785 1.235853 1.797928
v -10.369246 1.276497 1.737658
v -10.526560 1.293981 1.667144
v -10.625591 1.239936 1.622754
v -10.748984 1.233025 1.567445
v -10.672857 1.208251 1.601568
v -10.581738 1.230668 1.642411
v -10.528624 1.260313 1.666219
v -10.386792 1.237520 1.729793
v -10.231276 1.194264 1.799501
v -10.151764 1.088869 1.835142
v -10.010936 0.888275 1.898266
v -9.967129 0.762029 1.917902
v -9.970541 0.498806 1.916372
v -9.976109 0.216744 1.913877
v -10.075962 0.052906 1.869119
v -10.163902 0.004203 1.829700
v -9.823595 2.225961 1.982239
v -9.860888 2.117169 1.965523
v -9.815148 2.004462 1.986025
v -9.752118 1.876929 2.014278
v -9.677647 1.887411 2.047659
v -9.656096 1.901724 2.057319
v -9.692907 1.956543 2.040818
v -9.636652 1.915951 2.066034
v -9.541033 1.659919 2.108894
v -9.555937 1.767625 2.102213
v -9.617737 1.852708 2.074512
v -9.673309 1.816935 2.049603
v -9.683742 1.780449 2.044927
v -9.657467 1.730299 2.056704
v -9.665776 1.707210 2.052979
v -9.539533 1.610391 2.109567
v -9.605875 1.655423 2.079830
v -9.676552 1.677131 2.048149
v -9.690094 1.589443 2.042079
v -9.717937 1.489697 2.029599
v -9.724599 1.426172 2.026613
v -9.686419 1.406675 2.043726
v -9.635108 1.424761 2.066726
v -9.551982 1.486470 2.103987
v -9.536379 1.548491 2.110980
v -9.792723 1.698340 1.996077
v -9.871382 1.729553 1.960819
v -9.830873 1.684925 1.978977
v -9.812513 1.660624 1.987206
v -9.898778 1.324843 1.948539
v -9.988785 0.974498 1.908195
v -9.914447 1.383106 1.941516
v -10.052268 1.491967 1.879739
v -10.092312 1.518872 1.861790
v -10.190749 1.405298 1.817667
v -10.186069 1.289121 1.819765
v -10.178871 1.246040 1.822991
v -10.166348 1.190967 1.828604
v -10.007555 1.000436 1.899781
v -9.939925 0.941363 1.930095
v -9.907823 0.993299 1.944485
v -9.888253 1.117962 1.953257
v -9.880922 1.248434 1.956543
v -9.725762 2.028736 1.670780
v -9.785469 2.262350 1.804059
v -9.720526 1.976552 1.659092
v -9.818825 2.304945 1.878515
v -9.715836 -0.008566 1.648623
v -9.753197 0.061149 1.732020
v -9.794615 0.221323 1.824474
v -9.795622 0.440693 1.826721
v -9.794430 0.701282 1.824061
v -9.792253 0.847197 1.819204
v -9.765289 1.194697 1.759012
v -9.767437 1.243051 1.763807
v -9.754135 1.280850 1.734114
v -9.775771 1.336565 1.782411
v -9.750364 1.397371 1.725697
v -9.686877 1.492262 1.583981
v -9.638244 1.578441 1.475420
v -9.542681 1.585569 1.262103
v -9.486136 1.537454 1.135885
v -9.536223 1.615974 1.247689
v -9.582442 1.616170 1.350860
v -9.636612 1.610768 1.471777
v -9.655639 1.606989 1.514249
v -9.673117 1.552001 1.553265
v -9.700877 1.511823 1.615232
v -9.696646 1.573337 1.605786
v -9.702962 1.637300 1.619886
v -9.710253 1.772197 1.636160
v -9.719352 1.811598 1.656471
v -9.741889 1.870607 1.706779
v -9.708681 1.936991 1.632652
v -9.672000 1.992492 1.550772
v -9.642775 2.036428 1.485534
v -9.626450 2.099285 1.449092
v -9.605582 2.199109 1.402512
v -9.594859 2.291333 1.378577
v -9.611805 2.239952 1.416403
v -9.625718 2.161718 1.447461
v -9.649834 2.075705 1.501292
v -9.677649 2.043491 1.563381
v -9.695534 2.015459 1.603303
v -9.720200 2.082485 1.658362
v -9.745557 2.180750 1.714966
v -9.771912 2.262616 1.773795
v -9.783851 2.288855 1.800446
v -9.815652 2.324338 1.871433
v -9.805149 2.377643 1.847988
v -9.807951 2.421276 1.854242
v -9.823794 2.481908 1.889608
v -9.826951 2.536675 1.896654
v -9.802804 2.633227 1.842755
v -9.782862 2.704263 1.798239
v -9.768830 2.775579 1.766916
v -9.747547 2.808123 1.719408
v -9.700541 2.806788 1.614482
v -9.680847 2.768331 1.570520
v -9.628974 2.588613 1.454727
v -9.624720 2.498218 1.445232
v -9.615503 2.587537 1.424660
v -9.633841 2.655481 1.465592
v -9.674808 2.800810 1.557039
v -9.630889 2.802618 1.459004
v -9.544887 2.796526 1.267028
v -9.504942 2.768878 1.177862
v -9.423045 2.670414 0.995051
v -9.463372 2.746403 1.085070
v -9.512160 2.799243 1.193976
v -9.540102 2.823499 1.256348
v -9.562218 2.831670 1.305714
v -9.516963 2.992028 1.204697
v -9.554593 2.906239 1.288694
v -9.584019 2.831238 1.354378
v -9.621805 2.830642 1.438725
v -9.673286 2.833331 1.553643
v -9.721609 2.836023 1.661510
v -9.759602 2.826209 1.746317
v -9.731642 2.898444 1.683905
v -9.714022 2.956636 1.644572
v -9.716434 3.132802 1.649957
v -9.730366 2.952316 1.681057
v -9.758594 2.879599 1.744066
v -9.783288 2.821132 1.799190
v -9.795542 2.724987 1.826543
v -9.802856 2.705747 1.842870
v -9.832791 2.783399 1.909691
v -9.836098 2.892771 1.917071
v -9.864012 2.963340 1.979382
v -9.897870 2.995541 2.054961
v -9.885879 2.961704 2.028193
v -9.863713 2.917885 1.978715
v -9.855743 2.870370 1.960927
v -9.850410 2.803462 1.949020
v -9.895109 2.810256 2.048799
v -9.955043 2.846750 2.182583
v -10.005709 2.780620 2.295680
v -9.967423 2.799626 2.210220
v -9.942281 2.811309 2.154095
v -9.862873 2.770041 1.976839
v -9.838871 2.732118 1.923264
v -9.821657 2.678692 1.884839
v -9.826350 2.628825 1.895313
v -9.847307 2.567400 1.942094
v -9.846845 2.517433 1.941062
v -9.834190 2.384204 1.912816
v -9.834442 2.346339 1.913377
v -9.904327 2.420335 2.069375
v -9.889514 2.373092 2.036309
v -9.844800 2.324840 1.936498
v -9.858160 2.288123 1.966320
v -9.878639 2.290007 2.012034
v -9.929217 2.361858 2.124936
v -9.953116 2.397935 2.178282
v -9.999452 2.430484 2.281713
v -10.038256 2.456223 2.368332
v -10.055910 2.486373 2.407740
v -10.058161 2.519350 2.412765
v -10.025357 2.590398 2.339540
v -9.940916 2.610331 2.151048
v -9.883265 2.616539 2.022361
v -9.936734 2.639170 2.141714
v -9.984411 2.631521 2.248140
v -10.034089 2.616272 2.359031
v -10.078267 2.724908 2.457646
v -10.099894 2.792840 2.505920
v -10.069856 2.856940 2.438869
v -9.998672 2.988661 2.279972
v -9.999699 3.079115 2.282265
v -10.013489 3.013969 2.313047
v -10.024869 2.974768 2.338449
v -10.073702 2.883468 2.447454
v -10.107456 2.828341 2.522801
v -10.119134 2.895456 2.548869
v -10.119125 3.020337 2.548851
v -10.169740 3.111147 2.661832
v -10.154479 3.043618 2.627768
v -10.134210 2.984005 2.582522
v -10.131165 2.842265 2.575724
v -10.103565 2.734989 2.514117
v -10.065253 2.625305 2.428596
v -10.060190 2.578137 2.417295
v -10.094504 2.520941 2.493890
v -10.089719 2.469113 2.483208
v -10.137357 2.462942 2.589547
v -10.213346 2.471087 2.759172
v -10.252749 2.477473 2.847126
v -10.317768 2.366153 2.992263
v -10.246003 2.433221 2.832068
v -10.159478 2.432835 2.638927
v -10.174962 2.348852 2.673489
v -10.183927 2.271141 2.693499
v -10.223212 2.212550 2.781194
v -10.171399 2.249179 2.665537
v -10.141207 2.423136 2.598140
v -10.086246 2.426057 2.475455
v -10.040639 2.416198 2.373651
v -9.993242 2.365578 2.267853
v -9.901649 2.247965 2.063398
v -9.894157 2.186142 2.046674
v -9.908396 2.125258 2.078456
v -9.856112 1.902541 1.961750
v -9.828389 1.738765 1.899866
v -9.876500 1.759630 2.007258
v -9.892780 1.742519 2.043601
v -9.958876 1.788987 2.191138
v -10.034019 1.971224 2.358874
v -10.054337 2.148382 2.404228
v -10.060441 2.037046 2.417854
v -10.108035 2.080696 2.524095
v -10.056530 1.988112 2.409125
v -10.011175 1.864728 2.307883
v -9.958810 1.748298 2.190992
v -9.875239 1.694682 2.004446
v -9.850577 1.613735 1.949394
v -9.859773 1.505010 1.969919
v -9.884023 1.474446 2.024051
v -10.015566 1.619073 2.317683
v -10.061007 1.622503 2.419116
v -10.162823 1.800152 2.646390
v -10.183988 1.915488 2.693637
v -10.185168 1.821709 2.696272
v -10.127533 1.690337 2.567616
v -10.100066 1.629832 2.506305
v -10.179293 1.652274 2.683157
v -10.269338 1.631223 2.884156
v -10.210482 1.620799 2.752777
v -10.137363 1.614710 2.589561
v -10.034849 1.587385 2.360729
v -9.988706 1.551842 2.257725
v -9.978166 1.533144 2.234198
v -10.022068 1.408953 2.332197
v -10.027693 1.310017 2.344754
v -10.026986 1.235853 2.343175
v -10.087228 1.276497 2.477648
v -10.157709 1.293981 2.634977
v -10.202078 1.239936 2.734018
v -10.257361 1.233025 2.857423
v -10.223254 1.208251 2.781288
v -10.182430 1.230668 2.690160
v -10.158634 1.260312 2.637041
v -10.095089 1.237520 2.495197
v -10.025414 1.194264 2.339665
v -9.989790 1.088869 2.260146
v -9.926695 0.888275 2.119305
v -9.907068 0.762029 2.075493
v -9.908597 0.498806 2.078907
v -9.911092 0.216744 2.084475
v -9.955829 0.052906 2.184337
v -9.995229 0.004203 2.272286
v -9.842761 2.225961 1.931947
v -9.859469 2.117168 1.969243
v -9.838977 2.004461 1.923499
v -9.810738 1.876929 1.860463
v -9.777372 1.887411 1.785984
v -9.767716 1.901724 1.764431
v -9.784209 1.956542 1.801247
v -9.759006 1.915951 1.744986
v -9.716166 1.659919 1.649358
v -9.722843 1.767625 1.664264
v -9.750531 1.852708 1.726069
v -9.775429 1.816935 1.781647
v -9.780103 1.780448 1.792080
v -9.768332 1.730299 1.765803
v -9.772054 1.707210 1.774113
v -9.715493 1.610390 1.647857
v -9.745216 1.655423 1.714206
v -9.776882 1.677130 1.784890
v -9.782949 1.589443 1.798433
v -9.795424 1.489697 1.826279
v -9.798409 1.426172 1.832941
v -9.781302 1.406675 1.794758
v -9.758313 1.424761 1.743442
v -9.721070 1.486470 1.660308
v -9.714080 1.548491 1.644703
v -9.828929 1.698340 1.901071
v -9.864171 1.729553 1.979738
v -9.846022 1.684925 1.939225
v -9.837796 1.660624 1.920864
v -9.876445 1.324843 2.007136
v -9.916771 0.974498 2.097151
v -9.883466 1.383106 2.022807
v -9.945213 1.491967 2.160641
v -9.963154 1.518872 2.200688
v -10.007257 1.405298 2.299135
v -10.005159 1.289121 2.294454
v -10.001935 1.246040 2.287256
v -9.996325 1.190967 2.274732
v -9.925180 1.000436 2.115923
v -9.894880 0.941363 2.048288
v -9.880497 0.993299 2.016182
v -9.871730 1.117962 1.996611
v -9.868445 1.248434 1.989279
vn 0.4090 -0.0000 -0.9125
vn -0.9126 -0.0000 -0.4088
vt 0.450220 0.396636
vt 0.458789 0.458304
vt 0.446488 0.463566
vt 0.426559 0.481518
vt 0.422818 0.499561
vt 0.423575 0.517569
vt 0.439479 0.530669
vt 0.456423 0.536985
vt 0.453840 0.545735
vt 0.423934 0.531977
vt 0.413489 0.506789
vt 0.415753 0.488894
vt 0.400899 0.500582
vt 0.391546 0.516579
vt 0.381365 0.517678
vt 0.352379 0.519250
vt 0.327647 0.519193
vt 0.300846 0.496350
vt 0.331103 0.510348
vt 0.382238 0.508274
vt 0.408262 0.483203
vt 0.442234 0.455598
vt 0.455829 0.437908
vt 0.444251 0.421699
vt 0.451369 0.410703
vt 0.518441 0.556007
vt 0.503132 0.552236
vt 0.493420 0.539252
vt 0.489018 0.532183
vt 0.509699 0.434498
vt 0.513456 0.451448
vt 0.546497 0.483117
vt 0.556097 0.490944
vt 0.579696 0.457904
vt 0.578574 0.424106
vt 0.576849 0.411573
vt 0.573847 0.395551
vt 0.535778 0.340122
vt 0.531278 0.332576
vt 0.536588 0.307493
vt 0.570350 0.365849
vt 0.589412 0.396510
vt 0.626696 0.409094
vt 0.660698 0.415725
vt 0.673432 0.407101
vt 0.695277 0.400579
vt 0.713527 0.407786
vt 0.683945 0.409797
vt 0.660203 0.425520
vt 0.622489 0.420433
vt 0.590254 0.408609
vt 0.590632 0.430185
vt 0.587622 0.458967
vt 0.564130 0.495096
vt 0.569770 0.500536
vt 0.594461 0.510876
vt 0.649316 0.518825
vt 0.688442 0.520597
vt 0.719936 0.523629
vt 0.671753 0.529753
vt 0.629359 0.523225
vt 0.644056 0.540826
vt 0.674897 0.579045
vt 0.674265 0.606327
vt 0.662939 0.572774
vt 0.608458 0.521092
vt 0.584143 0.520095
vt 0.513754 0.478020
vt 0.500778 0.486912
vt 0.495858 0.518542
vt 0.509055 0.542091
vt 0.553773 0.557688
vt 0.581793 0.591560
vt 0.606063 0.627455
vt 0.633623 0.654389
vt 0.608155 0.641690
vt 0.604889 0.674080
vt 0.594017 0.622542
vt 0.553808 0.569526
vt 0.427507 0.563311
vt 0.442323 0.588063
vt 0.446858 0.606462
vt 0.426267 0.624092
vt 0.429069 0.639273
vt 0.461019 0.707235
vt 0.478867 0.719627
vt 0.473048 0.753470
vt 0.471549 0.740776
vt 0.477169 0.725269
vt 0.460152 0.714946
vt 0.453764 0.707313
vt 0.439662 0.683496
vt 0.426093 0.654909
vt 0.412894 0.635410
vt 0.403324 0.643565
vt 0.388440 0.652937
vt 0.375536 0.677960
vt 0.368091 0.700719
vt 0.359023 0.715667
vt 0.364761 0.688837
vt 0.375927 0.659797
vt 0.384663 0.641511
vt 0.400301 0.628729
vt 0.419929 0.612583
vt 0.437699 0.593270
vt 0.425639 0.576103
vt 0.420770 0.564641
vt 0.416869 0.525397
vt 0.474539 0.595109
vt 0.456686 0.598159
vt 0.451519 0.602323
vt 0.460344 0.618270
vt 0.455646 0.577656
vt 0.458147 0.567041
vt 0.451848 0.552452
vt 0.459670 0.511474
vt 0.466345 0.482457
vt 0.467942 0.463976
vt 0.464649 0.295542
vt 0.465813 0.253093
vt 0.466451 0.177283
vt 0.465912 0.113464
vt 0.443750 0.066867
vt 0.423758 0.046585
vt 0.573260 0.050300
vt 0.552177 0.064469
vt 0.528239 0.112132
vt 0.526904 0.194189
vt 0.526086 0.270765
vt 0.519564 0.322937
vt 0.511868 0.338045
vt 0.507176 0.374313
vt 0.505419 0.412269
vt 0.484274 0.543155
vt 0.509729 0.560985
vt 0.483985 0.554915
vt 0.498820 0.602560
vt 0.526796 0.667353
vt 0.519177 0.685065
vt 0.523186 0.703050
vt 0.572197 0.737266
vt 0.597559 0.751993
vt 0.621963 0.754861
vt 0.651373 0.754011
vt 0.667529 0.703404
vt 0.695254 0.692748
vt 0.674232 0.709793
vt 0.669435 0.732400
vt 0.661150 0.756832
vt 0.707449 0.756945
vt 0.745851 0.737433
vt 0.711059 0.769818
vt 0.689975 0.767961
vt 0.649313 0.765591
vt 0.623822 0.767386
vt 0.626382 0.782464
vt 0.608021 0.799103
vt 0.610730 0.812825
vt 0.631231 0.844734
vt 0.645999 0.875943
vt 0.647629 0.917178
vt 0.658475 0.934520
vt 0.666641 0.954165
vt 0.639557 0.927747
vt 0.639562 0.891417
vt 0.633313 0.871892
vt 0.615251 0.887930
vt 0.589121 0.914490
vt 0.583031 0.925895
vt 0.575652 0.944847
vt 0.575103 0.918532
vt 0.613193 0.880212
vt 0.629266 0.861564
vt 0.617694 0.841802
vt 0.594054 0.810198
vt 0.567472 0.814634
vt 0.541960 0.816859
vt 0.513349 0.810275
vt 0.544198 0.808469
vt 0.589382 0.802670
vt 0.606935 0.782001
vt 0.605731 0.772408
vt 0.596284 0.763637
vt 0.575520 0.756148
vt 0.550726 0.746679
vt 0.537938 0.736184
vt 0.510874 0.715281
vt 0.499915 0.714733
vt 0.492766 0.725415
vt 0.516693 0.739452
vt 0.524619 0.753196
vt 0.487224 0.731669
vt 0.487089 0.742685
vt 0.493860 0.781444
vt 0.494108 0.795980
vt 0.482894 0.813849
vt 0.480383 0.828357
vt 0.489594 0.843899
vt 0.502437 0.854932
vt 0.544928 0.866937
vt 0.558382 0.863538
vt 0.578868 0.858009
vt 0.551757 0.877248
vt 0.519687 0.866631
vt 0.495768 0.864654
vt 0.498622 0.884119
vt 0.502886 0.897942
vt 0.514747 0.910690
vt 0.521164 0.920533
vt 0.503046 0.911166
vt 0.488109 0.890636
vt 0.486340 0.858818
vt 0.470322 0.836228
vt 0.466408 0.841825
vt 0.459851 0.869795
vt 0.446637 0.886804
vt 0.431533 0.907959
vt 0.424078 0.960465
vt 0.422787 0.909216
vt 0.432215 0.892286
vt 0.447177 0.871272
vt 0.426847 0.874127
vt 0.400990 0.873344
vt 0.373442 0.872562
vt 0.353223 0.872735
vt 0.337477 0.894554
vt 0.317341 0.919512
vt 0.341557 0.872861
vt 0.329723 0.870484
vt 0.314772 0.863427
vt 0.288665 0.848055
vt 0.267086 0.825948
vt 0.310909 0.854593
vt 0.332283 0.862637
vt 0.378303 0.864409
vt 0.401804 0.863883
vt 0.379882 0.821604
vt 0.370070 0.801838
vt 0.375002 0.775853
vt 0.377278 0.802151
vt 0.405035 0.854434
vt 0.415574 0.865622
vt 0.440726 0.866010
vt 0.452115 0.856543
vt 0.459623 0.835796
vt 0.470294 0.815130
vt 0.483215 0.787041
vt 0.481526 0.771109
vt 0.491676 0.696649
vt 0.500616 0.664999
vt 0.489650 0.632211
s 0
usemtl Material.019
f 4579/3285/896 4798/3286/896 4799/3287/896 4800/3288/896 4801/3289/896 4792/3290/896 4793/3291/896 4794/3292/896 4791/3293/896 4785/3294/896 4594/3295/896 4593/3296/896 4592/3297/896 4591/3298/896 4590/3299/896 4589/3300/896 4588/3301/896 4587/3302/896 4586/3303/896 4585/3304/896 4584/3305/896 4583/3306/896 4582/3307/896 4581/3308/896 4580/3309/896
f 4731/3310/896 4803/3311/896 4804/3312/896 4805/3313/896 4806/3314/896 4808/3315/896 4809/3316/896 4810/3317/896 4811/3318/896 4812/3319/896 4813/3320/896 4814/3321/896 4815/3322/896 4807/3323/896 4771/3324/896 4770/3325/896 4769/3326/896 4768/3327/896 4767/3328/896 4766/3329/896 4765/3330/896 4764/3331/896 4763/3332/896 4762/3333/896 4761/3334/896 4760/3335/896 4759/3336/896 4758/3337/896 4757/3338/896 4756/3339/896 4755/3340/896 4754/3341/896 4753/3342/896 4752/3343/896 4751/3344/896 4750/3345/896 4749/3346/896 4748/3347/896 4747/3348/896 4746/3349/896 4745/3350/896 4744/3351/896 4743/3352/896 4742/3353/896 4741/3354/896 4740/3355/896 4739/3356/896 4738/3357/896 4737/3358/896 4736/3359/896 4735/3360/896 4734/3361/896 4733/3362/896 4732/3363/896
f 4594/3295/896 4785/3294/896 4786/3364/896 4787/3365/896 4784/3366/896 4571/3367/896 4569/3368/896 4570/3369/896 4572/3370/896 4616/3371/896 4615/3372/896 4614/3373/896 4613/3374/896 4612/3375/896 4611/3376/896 4610/3377/896 4609/3378/896 4608/3379/896 4607/3380/896 4606/3381/896 4605/3382/896 4604/3383/896 4603/3384/896 4602/3385/896 4601/3386/896 4600/3387/896 4599/3388/896 4598/3389/896 4597/3390/896 4596/3391/896 4595/3392/896
f 4780/3393/896 4781/3394/896 4782/3395/896 4783/3396/896 4784/3366/896 4787/3365/896 4788/3397/896 4789/3398/896 4790/3399/896 4791/3293/896 4794/3292/896 4795/3400/896 4796/3401/896 4797/3402/896 4798/3286/896 4579/3285/896 4578/3403/896 4577/3404/896 4576/3405/896 4575/3406/896 4574/3407/896 4573/3408/896 4776/3409/896 4775/3410/896 4774/3411/896 4773/3412/896 4772/3413/896 4771/3324/896 4807/3323/896 4816/3414/896 4817/3415/896 4818/3416/896 4819/3417/896 4806/3314/896 4805/3313/896 4802/3418/896 4803/3311/896 4730/3419/896 4729/3420/896 4728/3421/896 4727/3422/896 4726/3423/896 4725/3424/896 4724/3425/896 4723/3426/896 4722/3427/896 4721/3428/896 4720/3429/896 4719/3430/896 4718/3431/896 4717/3432/896 4716/3433/896 4715/3434/896 4714/3435/896 4713/3436/896 4712/3437/896 4711/3438/896 4710/3439/896 4709/3440/896 4708/3441/896 4707/3442/896 4706/3443/896 4705/3444/896 4704/3445/896 4703/3446/896 4702/3447/896 4701/3448/896 4700/3449/896 4699/3450/896 4698/3451/896 4697/3452/896 4696/3453/896 4695/3454/896 4694/3455/896 4693/3456/896 4692/3457/896 4691/3458/896 4690/3459/896 4689/3460/896 4688/3461/896 4687/3462/896 4686/3463/896 4685/3464/896 4684/3465/896 4683/3466/896 4682/3467/896 4681/3468/896 4680/3469/896 4679/3470/896 4678/3471/896 4677/3472/896 4676/3473/896 4675/3474/896 4674/3475/896 4673/3476/896 4672/3477/896 4671/3478/896 4670/3479/896 4669/3480/896 4668/3481/896 4667/3482/896 4666/3483/896 4665/3484/896 4664/3485/896 4663/3486/896 4662/3487/896 4661/3488/896 4660/3489/896 4659/3490/896 4658/3491/896 4657/3492/896 4656/3493/896 4655/3494/896 4654/3495/896 4653/3496/896 4652/3497/896 4651/3498/896 4650/3499/896 4649/3500/896 4648/3501/896 4647/3502/896 4646/3503/896 4645/3504/896 4644/3505/896 4643/3506/896 4642/3507/896 4641/3508/896 4640/3509/896 4639/3510/896 4638/3511/896 4637/3512/896 4636/3513/896 4635/3514/896 4634/3515/896 4633/3516/896 4632/3517/896 4631/3518/896 4630/3519/896 4629/3520/896 4628/3521/896 4627/3522/896 4626/3523/896 4625/3524/896 4624/3525/896 4623/3526/896 4622/3527/896 4621/3528/896 4620/3529/896 4619/3530/896 4618/3531/896 4617/3532/896 4616/3371/896 4572/3370/896 4777/3533/896 4778/3534/896 4779/3535/896
usemtl Material.020
f 4830/3285/897 5049/3286/897 5050/3287/897 5051/3288/897 5052/3289/897 5043/3290/897 5044/3291/897 5045/3292/897 5042/3293/897 5036/3294/897 4845/3295/897 4844/3296/897 4843/3297/897 4842/3298/897 4841/3299/897 4840/3300/897 4839/3301/897 4838/3302/897 4837/3303/897 4836/3304/897 4835/3305/897 4834/3306/897 4833/3307/897 4832/3308/897 4831/3309/897
f 4982/3310/897 5054/3311/897 5055/3312/897 5056/3313/897 5057/3314/897 5059/3315/897 5060/3316/897 5061/3317/897 5062/3318/897 5063/3319/897 5064/3320/897 5065/3321/897 5066/3322/897 5058/3323/897 5022/3324/897 5021/3325/897 5020/3326/897 5019/3327/897 5018/3328/897 5017/3329/897 5016/3330/897 5015/3331/897 5014/3332/897 5013/3333/897 5012/3334/897 5011/3335/897 5010/3336/897 5009/3337/897 5008/3338/897 5007/3339/897 5006/3340/897 5005/3341/897 5004/3342/897 5003/3343/897 5002/3344/897 5001/3345/897 5000/3346/897 4999/3347/897 4998/3348/897 4997/3349/897 4996/3350/897 4995/3351/897 4994/3352/897 4993/3353/897 4992/3354/897 4991/3355/897 4990/3356/897 4989/3357/897 4988/3358/897 4987/3359/897 4986/3360/897 4985/3361/897 4984/3362/897 4983/3363/897
f 4845/3295/897 5036/3294/897 5037/3364/897 5038/3365/897 5035/3366/897 4822/3367/897 4820/3368/897 4821/3369/897 4823/3370/897 4867/3371/897 4866/3372/897 4865/3373/897 4864/3374/897 4863/3375/897 4862/3376/897 4861/3377/897 4860/3378/897 4859/3379/897 4858/3380/897 4857/3381/897 4856/3382/897 4855/3383/897 4854/3384/897 4853/3385/897 4852/3386/897 4851/3387/897 4850/3388/897 4849/3389/897 4848/3390/897 4847/3391/897 4846/3392/897
f 5031/3393/897 5032/3394/897 5033/3395/897 5034/3396/897 5035/3366/897 5038/3365/897 5039/3397/897 5040/3398/897 5041/3399/897 5042/3293/897 5045/3292/897 5046/3400/897 5047/3401/897 5048/3402/897 5049/3286/897 4830/3285/897 4829/3403/897 4828/3404/897 4827/3405/897 4826/3406/897 4825/3407/897 4824/3408/897 5027/3409/897 5026/3410/897 5025/3411/897 5024/3412/897 5023/3413/897 5022/3324/897 5058/3323/897 5067/3414/897 5068/3415/897 5069/3416/897 5070/3417/897 5057/3314/897 5056/3313/897 5053/3418/897 5054/3311/897 4981/3419/897 4980/3420/897 4979/3421/897 4978/3422/897 4977/3423/897 4976/3424/897 4975/3425/897 4974/3426/897 4973/3427/897 4972/3428/897 4971/3429/897 4970/3430/897 4969/3431/897 4968/3432/897 4967/3433/897 4966/3434/897 4965/3435/897 4964/3436/897 4963/3437/897 4962/3438/897 4961/3439/897 4960/3440/897 4959/3441/897 4958/3442/897 4957/3443/897 4956/3444/897 4955/3445/897 4954/3446/897 4953/3447/897 4952/3448/897 4951/3449/897 4950/3450/897 4949/3451/897 4948/3452/897 4947/3453/897 4946/3454/897 4945/3455/897 4944/3456/897 4943/3457/897 4942/3458/897 4941/3459/897 4940/3460/897 4939/3461/897 4938/3462/897 4937/3463/897 4936/3464/897 4935/3465/897 4934/3466/897 4933/3467/897 4932/3468/897 4931/3469/897 4930/3470/897 4929/3471/897 4928/3472/897 4927/3473/897 4926/3474/897 4925/3475/897 4924/3476/897 4923/3477/897 4922/3478/897 4921/3479/897 4920/3480/897 4919/3481/897 4918/3482/897 4917/3483/897 4916/3484/897 4915/3485/897 4914/3486/897 4913/3487/897 4912/3488/897 4911/3489/897 4910/3490/897 4909/3491/897 4908/3492/897 4907/3493/897 4906/3494/897 4905/3495/897 4904/3496/897 4903/3497/897 4902/3498/897 4901/3499/897 4900/3500/897 4899/3501/897 4898/3502/897 4897/3503/897 4896/3504/897 4895/3505/897 4894/3506/897 4893/3507/897 4892/3508/897 4891/3509/897 4890/3510/897 4889/3511/897 4888/3512/897 4887/3513/897 4886/3514/897 4885/3515/897 4884/3516/897 4883/3517/897 4882/3518/897 4881/3519/897 4880/3520/897 4879/3521/897 4878/3522/897 4877/3523/897 4876/3524/897 4875/3525/897 4874/3526/897 4873/3527/897 4872/3528/897 4871/3529/897 4870/3530/897 4869/3531/897 4868/3532/897 4867/3371/897 4823/3370/897 5028/3533/897 5029/3534/897 5030/3535/897
o Plane.020
v 11.936332 -0.117658 7.081859
v 13.111187 -0.112953 7.081859
v 12.955832 0.164980 7.081859
v 12.831277 0.436414 7.081859
v 12.701737 1.341926 7.081859
v 12.748515 1.556856 7.081859
v 12.663743 1.886139 7.081859
v 12.636298 2.579771 7.081859
v 12.699522 2.765115 7.081859
v 12.669975 2.984748 7.081859
v 12.667829 3.332469 7.081859
v 12.854660 3.610331 7.081859
v 13.126452 3.818124 7.081859
v 13.171344 4.193966 7.081859
v 13.267305 4.708325 7.081859
v 13.325520 4.755280 7.081859
v 13.448131 4.745111 7.081859
v 13.916945 4.535519 7.081859
v 14.088920 4.216475 7.081859
v 13.977916 4.604511 7.081859
v 13.647027 4.755838 7.081859
v 13.333533 4.894286 7.081859
v 13.306624 5.066498 7.081859
v 13.568059 5.285459 7.081859
v 13.722632 5.491577 7.081859
v 14.041356 5.598289 7.081859
v 14.337992 5.615957 7.081859
v 13.927913 5.678176 7.081859
v 13.659467 5.604286 7.081859
v 13.770276 6.059658 7.081859
v 13.577946 5.772256 7.081859
v 13.502692 5.466173 7.081859
v 13.338726 5.245685 7.081859
v 13.103032 5.113635 7.081859
v 13.269687 5.634446 7.081859
v 13.021003 5.206434 7.081859
v 12.957323 4.959949 7.081859
v 12.696642 4.598468 7.081859
v 12.596362 4.430798 7.081859
v 12.593993 4.628769 7.081859
v 12.733380 5.090802 7.081859
v 12.799355 5.524709 7.081859
v 13.251639 5.859368 7.081859
v 13.376251 6.114776 7.081859
v 13.181708 5.956798 7.081859
v 12.862605 5.696218 7.081859
v 12.740792 5.626933 7.081859
v 12.449400 6.029954 7.081859
v 12.684095 5.537364 7.081859
v 12.609081 5.092499 7.081859
v 12.429183 4.601603 7.081859
v 12.461756 4.143909 7.081859
v 12.425857 3.877601 7.081859
v 12.222613 4.267983 7.081859
v 12.310893 4.615603 7.081859
v 12.244160 4.850658 7.081859
v 12.367615 5.161053 7.081859
v 12.042245 5.702540 7.081859
v 12.143005 6.006660 7.081859
v 12.086448 6.146067 7.081859
v 12.050076 5.885111 7.081859
v 11.978315 5.803547 7.081859
v 11.668510 6.101662 7.081859
v 12.015030 5.577754 7.081859
v 12.227109 5.221985 7.081859
v 12.187094 4.993172 7.081859
v 11.993175 5.264397 7.081859
v 12.095241 4.897384 7.081859
v 11.985714 4.716794 7.081859
v 11.859434 4.732914 7.081859
v 11.553000 5.033175 7.081859
v 11.626740 5.634992 7.081859
v 11.517262 5.425830 7.081859
v 11.474496 5.138088 7.081859
v 11.331341 5.467919 7.081859
v 11.332152 6.031392 7.081859
v 11.419190 6.168718 7.081859
v 11.286155 6.106873 7.081859
v 11.251234 5.686537 7.081859
v 10.723740 6.014749 7.081859
v 10.370148 5.647223 7.081859
v 10.737534 5.864630 7.081859
v 11.155477 5.606245 7.081859
v 11.281527 5.190391 7.081859
v 10.987185 5.164188 7.081859
v 10.739746 4.977251 7.081859
v 10.396699 4.934980 7.081859
v 10.656036 4.847437 7.081859
v 10.611971 4.660720 7.081859
v 10.365158 4.570355 7.081859
v 10.595143 4.577497 7.081859
v 10.615814 4.419710 7.081859
v 10.689756 4.598182 7.081859
v 10.883877 4.625086 7.081859
v 11.475964 4.357833 7.081859
v 11.791654 3.788224 7.081859
v 11.856087 3.350572 7.081859
v 12.073306 3.078899 7.081859
v 12.193449 2.740805 7.081859
v 12.257038 2.237547 7.081859
v 12.218556 1.641172 7.081859
v 12.237483 1.077771 7.081859
v 12.193426 0.685012 7.081859
v 12.082046 -0.001302 7.081859
v 13.169534 4.704721 7.081859
v 13.085706 4.189553 7.081859
v 13.054401 3.933112 7.081859
v 12.697291 3.660259 7.081859
v 12.665128 3.778412 7.081859
v 12.733045 4.078701 7.081859
v 12.822047 4.393387 7.081859
v 13.064555 4.665025 7.081859
v 12.247082 3.094724 7.081859
v 12.253784 3.369882 7.081859
v 12.188876 3.753758 7.081859
v 12.068808 4.026886 7.081859
v 11.951566 3.777341 7.081859
v 11.916800 3.653823 7.081859
v 11.952439 3.440231 7.081859
v 11.989818 4.144846 7.081859
v 11.976565 4.205684 7.081859
v 11.898118 4.378559 7.081859
v 11.534288 4.790915 7.081859
v 11.511395 4.510825 7.081859
v 11.570776 4.399759 7.081859
v 11.699274 4.214661 7.081859
v 11.781260 4.023526 7.081859
v 11.855218 3.918388 7.081859
v 11.437063 4.861879 7.081859
v 11.274215 5.069825 7.081859
v 11.081194 5.072287 7.081859
v 10.755810 4.861700 7.081859
v 10.689749 4.694097 7.081859
v 10.873935 4.694938 7.081859
v 11.349856 4.582701 7.081859
v 11.423075 4.693163 7.081859
v 13.242202 4.897473 7.081859
v 13.241472 4.999754 7.081859
v 13.161901 4.896096 7.081859
v 12.124887 4.382959 7.081859
v 12.188868 4.548001 7.081859
v 12.171607 4.750819 7.081859
v 12.083607 4.619754 7.081859
v 12.061131 4.484284 7.081859
v 12.492474 -0.117658 6.513863
v 12.492474 -0.112953 7.688719
v 12.492474 0.164980 7.533363
v 12.492474 0.436414 7.408808
v 12.492474 1.341926 7.279269
v 12.492474 1.556856 7.326047
v 12.492474 1.886139 7.241275
v 12.492474 2.579771 7.213830
v 12.492474 2.765115 7.277054
v 12.492474 2.984748 7.247507
v 12.492474 3.332469 7.245360
v 12.492474 3.610331 7.432192
v 12.492474 3.818124 7.703984
v 12.492474 4.193966 7.748875
v 12.492474 4.708325 7.844837
v 12.492474 4.755280 7.903051
v 12.492474 4.745111 8.025662
v 12.492474 4.535519 8.494476
v 12.492474 4.216475 8.666451
v 12.492474 4.604511 8.555447
v 12.492474 4.755838 8.224559
v 12.492474 4.894286 7.911065
v 12.492474 5.066498 7.884156
v 12.492474 5.285458 8.145591
v 12.492474 5.491577 8.300164
v 12.492474 5.598289 8.618888
v 12.492473 5.615957 8.915524
v 12.492473 5.678176 8.505445
v 12.492474 5.604286 8.236999
v 12.492473 6.059658 8.347808
v 12.492473 5.772256 8.155478
v 12.492474 5.466173 8.080224
v 12.492474 5.245685 7.916257
v 12.492474 5.113635 7.680563
v 12.492473 5.634446 7.847218
v 12.492474 5.206434 7.598535
v 12.492474 4.959949 7.534855
v 12.492474 4.598468 7.274174
v 12.492474 4.430798 7.173894
v 12.492474 4.628769 7.171525
v 12.492474 5.090802 7.310912
v 12.492474 5.524709 7.376886
v 12.492473 5.859368 7.829171
v 12.492473 6.114776 7.953784
v 12.492473 5.956798 7.759241
v 12.492474 5.696218 7.440136
v 12.492474 5.626933 7.318324
v 12.492473 6.029954 7.026932
v 12.492474 5.537364 7.261627
v 12.492474 5.092499 7.186613
v 12.492474 4.601603 7.006715
v 12.492474 4.143909 7.039288
v 12.492474 3.877601 7.003388
v 12.492474 4.267983 6.800145
v 12.492474 4.615603 6.888425
v 12.492474 4.850658 6.821692
v 12.492474 5.161053 6.945147
v 12.492474 5.702540 6.619777
v 12.492473 6.006660 6.720537
v 12.492473 6.146067 6.663979
v 12.492474 5.885111 6.627608
v 12.492473 5.803547 6.555847
v 12.492473 6.101662 6.246042
v 12.492474 5.577754 6.592561
v 12.492474 5.221985 6.804641
v 12.492474 4.993172 6.764626
v 12.492474 5.264397 6.570706
v 12.492474 4.897384 6.672772
v 12.492474 4.716794 6.563245
v 12.492474 4.732914 6.436965
v 12.492474 5.033175 6.130532
v 12.492473 5.634992 6.204272
v 12.492474 5.425830 6.094794
v 12.492474 5.138088 6.052027
v 12.492474 5.467919 5.908873
v 12.492473 6.031392 5.909684
v 12.492473 6.168718 5.996722
v 12.492473 6.106873 5.863687
v 12.492474 5.686537 5.828765
v 12.492473 6.014749 5.301271
v 12.492474 5.647223 4.947680
v 12.492473 5.864630 5.315065
v 12.492474 5.606245 5.733008
v 12.492474 5.190391 5.859058
v 12.492474 5.164188 5.564716
v 12.492474 4.977251 5.317277
v 12.492474 4.934980 4.974231
v 12.492474 4.847437 5.233568
v 12.492474 4.660720 5.189503
v 12.492474 4.570355 4.942690
v 12.492474 4.577497 5.172676
v 12.492474 4.419710 5.193346
v 12.492474 4.598182 5.267288
v 12.492474 4.625086 5.461409
v 12.492474 4.357833 6.053495
v 12.492474 3.788225 6.369185
v 12.492474 3.350572 6.433618
v 12.492474 3.078899 6.650837
v 12.492474 2.740805 6.770980
v 12.492474 2.237547 6.834570
v 12.492474 1.641172 6.796088
v 12.492474 1.077771 6.815014
v 12.492474 0.685012 6.770957
v 12.492474 -0.001302 6.659577
v 12.492474 4.704721 7.747066
v 12.492474 4.189553 7.663238
v 12.492474 3.933112 7.631933
v 12.492474 3.660259 7.274823
v 12.492474 3.778412 7.242660
v 12.492474 4.078701 7.310576
v 12.492474 4.393387 7.399579
v 12.492474 4.665025 7.642087
v 12.492474 3.094724 6.824614
v 12.492474 3.369882 6.831316
v 12.492474 3.753758 6.766408
v 12.492474 4.026886 6.646339
v 12.492474 3.777341 6.529098
v 12.492474 3.653823 6.494332
v 12.492474 3.440231 6.529971
v 12.492474 4.144846 6.567349
v 12.492474 4.205684 6.554097
v 12.492474 4.378559 6.475650
v 12.492474 4.790915 6.111820
v 12.492474 4.510826 6.088927
v 12.492474 4.399759 6.148307
v 12.492474 4.214661 6.276806
v 12.492474 4.023526 6.358792
v 12.492474 3.918388 6.432749
v 12.492474 4.861879 6.014595
v 12.492474 5.069825 5.851746
v 12.492474 5.072287 5.658725
v 12.492474 4.861700 5.333341
v 12.492474 4.694097 5.267281
v 12.492474 4.694938 5.451466
v 12.492474 4.582701 5.927388
v 12.492474 4.693163 6.000606
v 12.492474 4.897473 7.819734
v 12.492474 4.999754 7.819005
v 12.492474 4.896096 7.739433
v 12.492474 4.382959 6.702418
v 12.492474 4.548001 6.766399
v 12.492474 4.750819 6.749139
v 12.492474 4.619754 6.661138
v 12.492474 4.484284 6.638662
vn -0.0000 -0.0000 -1.0000
vn 1.0000 -0.0000 -0.0000
vt 0.716975 0.035378
vt 0.699851 0.140895
vt 0.693078 0.201279
vt 0.695988 0.287899
vt 0.690071 0.379588
vt 0.699848 0.456962
vt 0.691602 0.511375
vt 0.690571 0.553679
vt 0.700551 0.612697
vt 0.719011 0.654689
vt 0.710389 0.709434
vt 0.700552 0.734807
vt 0.703206 0.765990
vt 0.700825 0.803250
vt 0.694673 0.838429
vt 0.727279 0.893127
vt 0.780554 0.973675
vt 0.732923 0.927841
vt 0.721891 0.940381
vt 0.716299 0.980502
vt 0.707603 0.959069
vt 0.723094 0.912312
vt 0.673071 0.829061
vt 0.692051 0.781340
vt 0.681791 0.745201
vt 0.695364 0.691757
vt 0.664116 0.631738
vt 0.658597 0.672681
vt 0.663605 0.743049
vt 0.635947 0.818521
vt 0.624414 0.886917
vt 0.660497 0.962650
vt 0.615697 0.900688
vt 0.596969 0.911340
vt 0.547908 0.951403
vt 0.517998 0.975691
vt 0.537157 0.936423
vt 0.606693 0.884971
vt 0.616836 0.818260
vt 0.638266 0.747226
vt 0.637902 0.716789
vt 0.622485 0.742567
vt 0.582406 0.798143
vt 0.572616 0.836038
vt 0.534382 0.901843
vt 0.560004 0.821771
vt 0.549780 0.758903
vt 0.565920 0.752800
vt 0.603204 0.711037
vt 0.616888 0.662656
vt 0.627330 0.616488
vt 0.622385 0.598322
vt 0.598190 0.590646
vt 0.626915 0.547927
vt 0.626584 0.494466
vt 0.622042 0.460699
vt 0.631762 0.432203
vt 0.627543 0.325561
vt 0.614509 0.274936
vt 0.621701 0.241892
vt 0.601785 0.102674
vt 0.582636 0.060943
vt 0.558751 0.018212
vt 0.739378 0.017489
vt 0.567481 0.640272
vt 0.562668 0.679699
vt 0.550953 0.788326
vt 0.538608 0.788537
vt 0.538720 0.804262
vt 0.523768 0.842073
vt 0.498559 0.875972
vt 0.486989 0.923030
vt 0.457419 0.967217
vt 0.474456 0.897206
vt 0.433183 0.908566
vt 0.370136 0.899000
vt 0.415742 0.896284
vt 0.464744 0.879878
vt 0.488509 0.848188
vt 0.528703 0.814524
vt 0.524566 0.788047
vt 0.476368 0.766762
vt 0.425496 0.743496
vt 0.408430 0.683838
vt 0.434870 0.732889
vt 0.506947 0.765112
vt 0.525798 0.766676
vt 0.534748 0.759457
vt 0.549502 0.680377
vt 0.556404 0.622593
vt 0.731786 0.760759
vt 0.737036 0.616323
vt 0.742381 0.597333
vt 0.736902 0.564494
vt 0.718319 0.508942
vt 0.751715 0.550710
vt 0.761622 0.617996
vt 0.751849 0.638008
vt 0.731155 0.672825
vt 0.733192 0.682178
vt 0.745253 0.708757
vt 0.801190 0.772154
vt 0.803808 0.869769
vt 0.786976 0.901927
vt 0.798313 0.809401
vt 0.751201 0.763237
vt 0.804710 0.729092
vt 0.795580 0.712017
vt 0.775824 0.683559
vt 0.763219 0.654173
vt 0.810157 0.705571
vt 0.829545 0.740143
vt 0.818289 0.757126
vt 0.816138 0.783065
vt 0.841175 0.815035
vt 0.870851 0.815414
vt 0.885304 0.829543
vt 0.840051 0.833572
vt 0.859430 0.897507
vt 0.923687 0.937232
vt 0.980170 0.903807
vt 0.925807 0.960312
vt 0.844708 0.909851
vt 0.839339 0.974476
vt 0.818886 0.983984
vt 0.832267 0.962871
vt 0.832392 0.876240
vt 0.810383 0.825530
vt 0.920877 0.783037
vt 0.931033 0.757269
vt 0.902716 0.757399
vt 0.901187 0.746659
vt 0.931032 0.742523
vt 0.942400 0.715084
vt 0.945578 0.739343
vt 0.980937 0.738245
vt 0.942991 0.752138
vt 0.936216 0.780845
vt 0.976088 0.794304
vt 0.923347 0.800803
vt 0.716736 0.745840
vt 0.720191 0.725012
vt 0.714947 0.788524
vt 0.730639 0.844950
s 0
usemtl Material.022
f 5174/3536/898 5173/3537/898 5172/3538/898 5171/3539/898 5170/3540/898 5169/3541/898 5183/3542/898 5184/3543/898 5185/3544/898 5186/3545/898 5210/3546/898 5211/3547/898 5212/3548/898 5136/3549/898 5135/3550/898 5134/3551/898 5133/3552/898 5132/3553/898 5131/3554/898 5130/3555/898 5129/3556/898 5128/3557/898 5127/3558/898 5126/3559/898 5125/3560/898 5124/3561/898 5123/3562/898 5122/3563/898 5121/3564/898 5120/3565/898 5119/3566/898 5118/3567/898 5117/3568/898 5116/3569/898 5115/3570/898 5114/3571/898 5113/3572/898 5112/3573/898 5111/3574/898 5110/3575/898 5109/3576/898 5108/3577/898 5107/3578/898 5106/3579/898 5105/3580/898 5104/3581/898 5175/3582/898 5182/3583/898 5181/3584/898 5180/3585/898 5179/3586/898 5178/3587/898 5082/3588/898 5081/3589/898 5080/3590/898 5079/3591/898 5078/3592/898 5077/3593/898 5076/3594/898 5075/3595/898 5074/3596/898 5073/3597/898 5072/3598/898 5071/3599/898
f 5082/3588/898 5178/3587/898 5177/3600/898 5176/3601/898 5175/3582/898 5209/3602/898 5207/3603/898 5208/3604/898 5104/3581/898 5103/3605/898 5102/3606/898 5101/3607/898 5100/3608/898 5099/3609/898 5098/3610/898 5097/3611/898 5096/3612/898 5095/3613/898 5094/3614/898 5093/3615/898 5092/3616/898 5091/3617/898 5090/3618/898 5089/3619/898 5088/3620/898 5087/3621/898 5086/3622/898 5085/3623/898 5084/3624/898 5083/3625/898
f 5139/3626/898 5186/3545/898 5187/3627/898 5188/3628/898 5189/3629/898 5183/3542/898 5169/3541/898 5168/3630/898 5167/3631/898 5166/3632/898 5198/3633/898 5190/3634/898 5191/3635/898 5192/3636/898 5193/3637/898 5143/3638/898 5142/3639/898 5141/3640/898 5140/3641/898
f 5143/3638/898 5193/3637/898 5194/3642/898 5195/3643/898 5196/3644/898 5197/3645/898 5198/3633/898 5166/3632/898 5165/3646/898 5205/3647/898 5206/3648/898 5199/3649/898 5200/3650/898 5201/3651/898 5155/3652/898 5154/3653/898 5153/3654/898 5152/3655/898 5151/3656/898 5150/3657/898 5149/3658/898 5148/3659/898 5147/3660/898 5146/3661/898 5145/3662/898 5144/3663/898
f 5155/3652/898 5201/3651/898 5202/3664/898 5203/3665/898 5204/3666/898 5205/3647/898 5165/3646/898 5164/3667/898 5163/3668/898 5162/3669/898 5161/3670/898 5160/3671/898 5159/3672/898 5158/3673/898 5157/3674/898 5156/3675/898
f 5104/3581/898 5208/3604/898 5209/3602/898 5175/3582/898
f 5136/3549/898 5212/3548/898 5213/3676/898 5214/3677/898 5210/3546/898 5186/3545/898 5139/3626/898 5138/3678/898 5137/3679/898
usemtl Material.021
f 5318/3536/899 5317/3537/899 5316/3538/899 5315/3539/899 5314/3540/899 5313/3541/899 5327/3542/899 5328/3543/899 5329/3544/899 5330/3545/899 5354/3546/899 5355/3547/899 5356/3548/899 5280/3549/899 5279/3550/899 5278/3551/899 5277/3552/899 5276/3553/899 5275/3554/899 5274/3555/899 5273/3556/899 5272/3557/899 5271/3558/899 5270/3559/899 5269/3560/899 5268/3561/899 5267/3562/899 5266/3563/899 5265/3564/899 5264/3565/899 5263/3566/899 5262/3567/899 5261/3568/899 5260/3569/899 5259/3570/899 5258/3571/899 5257/3572/899 5256/3573/899 5255/3574/899 5254/3575/899 5253/3576/899 5252/3577/899 5251/3578/899 5250/3579/899 5249/3580/899 5248/3581/899 5319/3582/899 5326/3583/899 5325/3584/899 5324/3585/899 5323/3586/899 5322/3587/899 5226/3588/899 5225/3589/899 5224/3590/899 5223/3591/899 5222/3592/899 5221/3593/899 5220/3594/899 5219/3595/899 5218/3596/899 5217/3597/899 5216/3598/899 5215/3599/899
f 5226/3588/899 5322/3587/899 5321/3600/899 5320/3601/899 5319/3582/899 5353/3602/899 5351/3603/899 5352/3604/899 5248/3581/899 5247/3605/899 5246/3606/899 5245/3607/899 5244/3608/899 5243/3609/899 5242/3610/899 5241/3611/899 5240/3612/899 5239/3613/899 5238/3614/899 5237/3615/899 5236/3616/899 5235/3617/899 5234/3618/899 5233/3619/899 5232/3620/899 5231/3621/899 5230/3622/899 5229/3623/899 5228/3624/899 5227/3625/899
f 5283/3626/899 5330/3545/899 5331/3627/899 5332/3628/899 5333/3629/899 5327/3542/899 5313/3541/899 5312/3630/899 5311/3631/899 5310/3632/899 5342/3633/899 5334/3634/899 5335/3635/899 5336/3636/899 5337/3637/899 5287/3638/899 5286/3639/899 5285/3640/899 5284/3641/899
f 5287/3638/899 5337/3637/899 5338/3642/899 5339/3643/899 5340/3644/899 5341/3645/899 5342/3633/899 5310/3632/899 5309/3646/899 5349/3647/899 5350/3648/899 5343/3649/899 5344/3650/899 5345/3651/899 5299/3652/899 5298/3653/899 5297/3654/899 5296/3655/899 5295/3656/899 5294/3657/899 5293/3658/899 5292/3659/899 5291/3660/899 5290/3661/899 5289/3662/899 5288/3663/899
f 5299/3652/899 5345/3651/899 5346/3664/899 5347/3665/899 5348/3666/899 5349/3647/899 5309/3646/899 5308/3667/899 5307/3668/899 5306/3669/899 5305/3670/899 5304/3671/899 5303/3672/899 5302/3673/899 5301/3674/899 5300/3675/899
f 5248/3581/899 5352/3604/899 5353/3602/899 5319/3582/899
f 5280/3549/899 5356/3548/899 5357/3676/899 5358/3677/899 5354/3546/899 5330/3545/899 5283/3626/899 5282/3678/899 5281/3679/899
o Plane.021
v 19.027548 2.028736 -9.246979
v 19.160835 2.262350 -9.187288
v 19.015860 1.976552 -9.252213
v 19.235296 2.304945 -9.153943
v 19.005390 -0.008566 -9.256903
v 19.088793 0.061149 -9.219552
v 19.181252 0.221323 -9.178145
v 19.183498 0.440693 -9.177139
v 19.180840 0.701282 -9.178330
v 19.175982 0.847197 -9.180506
v 19.115786 1.194697 -9.207463
v 19.120581 1.243051 -9.205316
v 19.090885 1.280850 -9.218615
v 19.139187 1.336565 -9.196984
v 19.082468 1.397372 -9.222384
v 18.940744 1.492262 -9.285853
v 18.832178 1.578441 -9.334473
v 18.618849 1.585569 -9.430009
v 18.492622 1.537454 -9.486537
v 18.604433 1.615974 -9.436464
v 18.707611 1.616170 -9.390259
v 18.828535 1.610768 -9.336104
v 18.871010 1.606989 -9.317083
v 18.910027 1.552001 -9.299609
v 18.971998 1.511823 -9.271857
v 18.962551 1.573337 -9.276087
v 18.976652 1.637300 -9.269773
v 18.992928 1.772197 -9.262484
v 19.013239 1.811598 -9.253387
v 19.063549 1.870607 -9.230857
v 18.989418 1.936991 -9.264055
v 18.907534 1.992492 -9.300726
v 18.842293 2.036428 -9.329943
v 18.805849 2.099285 -9.346264
v 18.759266 2.199109 -9.367126
v 18.735329 2.291333 -9.377845
v 18.773157 2.239952 -9.360905
v 18.804216 2.161718 -9.346994
v 18.858051 2.075705 -9.322886
v 18.920143 2.043491 -9.295078
v 18.960068 2.015460 -9.277199
v 19.015131 2.082485 -9.252541
v 19.071737 2.180750 -9.227190
v 19.130569 2.262616 -9.200843
v 19.157221 2.288855 -9.188907
v 19.228212 2.324338 -9.157115
v 19.204767 2.377643 -9.167615
v 19.211021 2.421277 -9.164814
v 19.246389 2.481908 -9.148975
v 19.253435 2.536675 -9.145820
v 19.199533 2.633227 -9.169958
v 19.155014 2.704263 -9.189896
v 19.123690 2.775580 -9.203923
v 19.076180 2.808123 -9.225201
v 18.971247 2.806788 -9.272193
v 18.927282 2.768331 -9.291882
v 18.811483 2.588613 -9.343740
v 18.801989 2.498218 -9.347993
v 18.781414 2.587537 -9.357206
v 18.822350 2.655481 -9.338875
v 18.913801 2.800810 -9.297919
v 18.815760 2.802618 -9.341825
v 18.623774 2.796526 -9.427803
v 18.534603 2.768878 -9.467737
v 18.351782 2.670414 -9.549611
v 18.441805 2.746403 -9.509295
v 18.550718 2.799243 -9.460520
v 18.613092 2.823500 -9.432587
v 18.662462 2.831670 -9.410478
v 18.561440 2.992028 -9.455719
v 18.645441 2.906239 -9.418100
v 18.711128 2.831238 -9.388682
v 18.795481 2.830643 -9.350907
v 18.910406 2.833331 -9.299439
v 19.018278 2.836024 -9.251130
v 19.103090 2.826209 -9.213149
v 19.040674 2.898444 -9.241101
v 19.001339 2.956636 -9.258717
v 19.006725 3.132802 -9.256305
v 19.037827 2.952316 -9.242376
v 19.100840 2.879599 -9.214157
v 19.155966 2.821132 -9.189469
v 19.183321 2.724988 -9.177219
v 19.199650 2.705748 -9.169907
v 19.266474 2.783399 -9.139980
v 19.273853 2.892772 -9.136675
v 19.336168 2.963341 -9.108768
v 19.411751 2.995541 -9.074920
v 19.384981 2.961704 -9.086908
v 19.335501 2.917885 -9.109067
v 19.317711 2.870370 -9.117034
v 19.305805 2.803463 -9.122367
v 19.405590 2.810256 -9.077680
v 19.539381 2.846751 -9.017763
v 19.652485 2.780620 -8.967112
v 19.567019 2.799626 -9.005385
v 19.510891 2.811310 -9.030521
v 19.333626 2.770041 -9.109907
v 19.280046 2.732119 -9.133902
v 19.241619 2.678692 -9.151111
v 19.252094 2.628825 -9.146420
v 19.298878 2.567401 -9.125468
v 19.297846 2.517433 -9.125931
v 19.269598 2.384204 -9.138581
v 19.270159 2.346339 -9.138330
v 19.426167 2.420335 -9.068464
v 19.393099 2.373092 -9.083273
v 19.293282 2.324841 -9.127975
v 19.323105 2.288123 -9.114618
v 19.368822 2.290007 -9.094145
v 19.481730 2.361858 -9.043581
v 19.535080 2.397935 -9.019690
v 19.638515 2.430484 -8.973367
v 19.725140 2.456224 -8.934573
v 19.764551 2.486373 -8.916924
v 19.769575 2.519350 -8.914674
v 19.696346 2.590398 -8.947469
v 19.507845 2.610331 -9.031886
v 19.379150 2.616539 -9.089520
v 19.498508 2.639170 -9.036067
v 19.604940 2.631521 -8.988402
v 19.715839 2.616272 -8.938739
v 19.814459 2.724908 -8.894573
v 19.862736 2.792840 -8.872953
v 19.795681 2.856940 -8.902983
v 19.636776 2.988661 -8.974147
v 19.639069 3.079116 -8.973120
v 19.669853 3.013969 -8.959333
v 19.695255 2.974768 -8.947957
v 19.804268 2.883469 -8.899137
v 19.879618 2.828341 -8.865393
v 19.905687 2.895456 -8.853719
v 19.905670 3.020338 -8.853726
v 20.018656 3.111147 -8.803127
v 19.984591 3.043618 -8.818383
v 19.939342 2.984005 -8.838647
v 19.932545 2.842265 -8.841691
v 19.870934 2.734989 -8.869283
v 19.785408 2.625305 -8.907584
v 19.774105 2.578137 -8.912645
v 19.850706 2.520941 -8.878341
v 19.840023 2.469113 -8.883125
v 19.946367 2.462943 -8.835501
v 20.116003 2.471087 -8.759532
v 20.203962 2.477473 -8.720140
v 20.349106 2.366153 -8.655140
v 20.188904 2.433221 -8.726885
v 19.995750 2.432835 -8.813385
v 20.030313 2.348852 -8.797906
v 20.050325 2.271141 -8.788944
v 20.138025 2.212551 -8.749669
v 20.022362 2.249179 -8.801468
v 19.954960 2.423136 -8.831652
v 19.832270 2.426057 -8.886598
v 19.730459 2.416199 -8.932192
v 19.624655 2.365578 -8.979574
v 19.420189 2.247965 -9.071141
v 19.403465 2.186142 -9.078631
v 19.435247 2.125258 -9.064397
v 19.318535 1.902541 -9.116665
v 19.256647 1.738765 -9.144381
v 19.364046 1.759630 -9.096284
v 19.400391 1.742519 -9.080008
v 19.547935 1.788987 -9.013931
v 19.715681 1.971224 -8.938809
v 19.761038 2.148382 -8.918497
v 19.774666 2.037046 -8.912395
v 19.880913 2.080696 -8.864814
v 19.765936 1.988112 -8.916305
v 19.664688 1.864728 -8.961646
v 19.547791 1.748298 -9.013997
v 19.361233 1.694682 -9.097544
v 19.306179 1.613735 -9.122199
v 19.326704 1.505010 -9.113007
v 19.380840 1.474447 -9.088763
v 19.674488 1.619073 -8.957257
v 19.775927 1.622503 -8.911830
v 20.003214 1.800152 -8.810042
v 20.050465 1.915488 -8.788882
v 20.053099 1.821709 -8.787703
v 19.924437 1.690337 -8.845322
v 19.863121 1.629833 -8.872781
v 20.039984 1.652274 -8.793576
v 20.240993 1.631223 -8.703557
v 20.109608 1.620799 -8.762396
v 19.946383 1.614710 -8.835494
v 19.717537 1.587385 -8.937979
v 19.614527 1.551842 -8.984110
v 19.591000 1.533145 -8.994647
v 19.689003 1.408953 -8.950757
v 19.701561 1.310017 -8.945133
v 19.699982 1.235853 -8.945840
v 19.834463 1.276497 -8.885615
v 19.991800 1.293981 -8.815154
v 20.090847 1.239936 -8.770798
v 20.214258 1.233025 -8.715529
v 20.138121 1.208252 -8.749627
v 20.046986 1.230668 -8.790440
v 19.993864 1.260313 -8.814230
v 19.852013 1.237520 -8.877756
v 19.696472 1.194264 -8.947412
v 19.616949 1.088869 -8.983026
v 19.476099 0.888275 -9.046103
v 19.432285 0.762029 -9.065724
v 19.435699 0.498806 -9.064196
v 19.441267 0.216744 -9.061702
v 19.541136 0.052906 -9.016977
v 19.629089 0.004203 -8.977589
v 19.288731 2.225961 -9.130013
v 19.326029 2.117169 -9.113310
v 19.280281 2.004462 -9.133797
v 19.217241 1.876929 -9.162027
v 19.142759 1.887411 -9.195384
v 19.121204 1.901724 -9.205036
v 19.158024 1.956543 -9.188548
v 19.101759 1.915951 -9.213745
v 19.006124 1.659919 -9.256574
v 19.021032 1.767625 -9.249897
v 19.082842 1.852708 -9.222218
v 19.138422 1.816935 -9.197327
v 19.148855 1.780449 -9.192654
v 19.122578 1.730299 -9.204422
v 19.130888 1.707210 -9.200701
v 19.004625 1.610391 -9.257245
v 19.070976 1.655423 -9.227530
v 19.141665 1.677131 -9.195874
v 19.155209 1.589443 -9.189808
v 19.183056 1.489697 -9.177338
v 19.189720 1.426172 -9.174354
v 19.151533 1.406675 -9.191454
v 19.100214 1.424761 -9.214437
v 19.017076 1.486470 -9.251669
v 19.001471 1.548491 -9.258657
v 19.257853 1.698340 -9.143841
v 19.336525 1.729553 -9.108609
v 19.296009 1.684925 -9.126754
v 19.277647 1.660624 -9.134976
v 19.363924 1.324843 -9.096338
v 19.453945 0.974498 -9.056025
v 19.379597 1.383106 -9.089320
v 19.517437 1.491967 -9.027590
v 19.557487 1.518872 -9.009654
v 19.655939 1.405298 -8.965564
v 19.651258 1.289121 -8.967661
v 19.644060 1.246040 -8.970884
v 19.631535 1.190968 -8.976493
v 19.472717 1.000436 -9.047617
v 19.405079 0.941363 -9.077909
v 19.372971 0.993299 -9.092287
v 19.353397 1.117962 -9.101052
v 19.346066 1.248434 -9.104336
v 19.456078 2.028736 -9.410326
v 19.396341 2.262350 -9.277059
v 19.461315 1.976552 -9.422012
v 19.362970 2.304945 -9.202610
v 19.466007 -0.008566 -9.432481
v 19.428629 0.061149 -9.349092
v 19.387192 0.221323 -9.256646
v 19.386185 0.440693 -9.254399
v 19.387377 0.701282 -9.257059
v 19.389553 0.847197 -9.261916
v 19.416531 1.194697 -9.322102
v 19.414383 1.243051 -9.317307
v 19.427691 1.280850 -9.346998
v 19.406044 1.336566 -9.298705
v 19.431463 1.397372 -9.355414
v 19.494980 1.492262 -9.497117
v 19.543636 1.578441 -9.605667
v 19.639244 1.585569 -9.818964
v 19.695814 1.537455 -9.945170
v 19.645704 1.615974 -9.833377
v 19.599464 1.616170 -9.730216
v 19.545269 1.610768 -9.609310
v 19.526234 1.606989 -9.566842
v 19.508747 1.552001 -9.527829
v 19.480972 1.511824 -9.465869
v 19.485207 1.573337 -9.475313
v 19.478888 1.637300 -9.461215
v 19.471594 1.772197 -9.444942
v 19.462490 1.811598 -9.424634
v 19.439941 1.870607 -9.374330
v 19.473166 1.936991 -9.448450
v 19.509863 1.992492 -9.530322
v 19.539103 2.036428 -9.595553
v 19.555435 2.099285 -9.631992
v 19.576313 2.199109 -9.678569
v 19.587040 2.291333 -9.702501
v 19.570087 2.239952 -9.664679
v 19.556168 2.161718 -9.633624
v 19.532040 2.075705 -9.579798
v 19.504213 2.043491 -9.517715
v 19.486319 2.015460 -9.477797
v 19.461641 2.082485 -9.422742
v 19.436272 2.180750 -9.366143
v 19.409906 2.262616 -9.307320
v 19.397961 2.288855 -9.280672
v 19.366144 2.324338 -9.209692
v 19.376654 2.377643 -9.233134
v 19.373850 2.421277 -9.226881
v 19.358000 2.481908 -9.191519
v 19.354841 2.536675 -9.184473
v 19.378998 2.633227 -9.238367
v 19.398951 2.704263 -9.282879
v 19.412989 2.775580 -9.314198
v 19.434282 2.808123 -9.361702
v 19.481310 2.806788 -9.466619
v 19.501013 2.768331 -9.510576
v 19.552910 2.588613 -9.626358
v 19.557165 2.498218 -9.635852
v 19.566387 2.587537 -9.656423
v 19.548040 2.655481 -9.615495
v 19.507055 2.800810 -9.524056
v 19.550993 2.802618 -9.622082
v 19.637037 2.796526 -9.814040
v 19.677000 2.768878 -9.903197
v 19.758936 2.670414 -10.085991
v 19.718590 2.746403 -9.995980
v 19.669779 2.799243 -9.887085
v 19.641823 2.823500 -9.824719
v 19.619698 2.831670 -9.775358
v 19.664972 2.992028 -9.876366
v 19.627327 2.906239 -9.792377
v 19.597887 2.831238 -9.726698
v 19.560083 2.830643 -9.642359
v 19.508577 2.833331 -9.527452
v 19.460232 2.836024 -9.419595
v 19.422222 2.826209 -9.334796
v 19.450193 2.898444 -9.397202
v 19.467823 2.956636 -9.436531
v 19.465408 3.132802 -9.431147
v 19.451471 2.952316 -9.400050
v 19.423229 2.879599 -9.337047
v 19.398523 2.821132 -9.281927
v 19.386265 2.724988 -9.254578
v 19.378946 2.705748 -9.238252
v 19.348997 2.783399 -9.171437
v 19.345690 2.892772 -9.164058
v 19.317762 2.963341 -9.101753
v 19.283888 2.995541 -9.026181
v 19.295885 2.961704 -9.052946
v 19.318062 2.917885 -9.102419
v 19.326035 2.870370 -9.120207
v 19.331371 2.803463 -9.132112
v 19.286650 2.810256 -9.032342
v 19.226688 2.846751 -8.898571
v 19.175999 2.780620 -8.785484
v 19.214302 2.799626 -8.870936
v 19.239456 2.811310 -8.927056
v 19.318901 2.770041 -9.104295
v 19.342915 2.732119 -9.157866
v 19.360136 2.678692 -9.196287
v 19.355442 2.628825 -9.185814
v 19.334475 2.567401 -9.139037
v 19.334938 2.517433 -9.140069
v 19.347597 2.384204 -9.168313
v 19.347345 2.346339 -9.167752
v 19.277428 2.420335 -9.011767
v 19.292248 2.373092 -9.044831
v 19.336983 2.324841 -9.144632
v 19.323616 2.288123 -9.114814
v 19.303127 2.290007 -9.069103
v 19.252525 2.361858 -8.956213
v 19.228617 2.397935 -8.902871
v 19.182259 2.430484 -8.799451
v 19.143436 2.456224 -8.712839
v 19.125774 2.486373 -8.673435
v 19.123522 2.519350 -8.668410
v 19.156342 2.590398 -8.741629
v 19.240822 2.610331 -8.930102
v 19.298500 2.616539 -9.058778
v 19.245007 2.639170 -8.939436
v 19.197306 2.631521 -8.833020
v 19.147606 2.616272 -8.722139
v 19.103407 2.724908 -8.623533
v 19.081770 2.792840 -8.575264
v 19.111822 2.856940 -8.642308
v 19.183039 2.988661 -8.801190
v 19.182013 3.079116 -8.798899
v 19.168215 3.013969 -8.768119
v 19.156830 2.974768 -8.742719
v 19.107975 2.883469 -8.633724
v 19.074203 2.828341 -8.558385
v 19.062521 2.895456 -8.532319
v 19.062529 3.020338 -8.532337
v 19.011890 3.111147 -8.419367
v 19.027159 3.043618 -8.453428
v 19.047438 2.984005 -8.498670
v 19.050484 2.842265 -8.505466
v 19.078096 2.734989 -8.567068
v 19.116426 2.625305 -8.652581
v 19.121492 2.578137 -8.663881
v 19.087162 2.520941 -8.587293
v 19.091949 2.469113 -8.597974
v 19.044289 2.462942 -8.491646
v 18.968264 2.471087 -8.322036
v 18.928843 2.477473 -8.234090
v 18.863794 2.366153 -8.088966
v 18.935593 2.433221 -8.249146
v 19.022158 2.432835 -8.442269
v 19.006666 2.348852 -8.407711
v 18.997698 2.271141 -8.387703
v 18.958393 2.212551 -8.300016
v 19.010231 2.249179 -8.415662
v 19.040438 2.423136 -8.483053
v 19.095425 2.426057 -8.605726
v 19.141052 2.416199 -8.707520
v 19.188471 2.365578 -8.813309
v 19.280107 2.247965 -9.017745
v 19.287601 2.186143 -9.034467
v 19.273357 2.125258 -9.002687
v 19.325665 1.902541 -9.119383
v 19.353401 1.738765 -9.181262
v 19.305269 1.759630 -9.073879
v 19.288980 1.742519 -9.037540
v 19.222855 1.788987 -8.890017
v 19.147676 1.971224 -8.722296
v 19.127348 2.148382 -8.676947
v 19.121241 2.037046 -8.663322
v 19.073624 2.080696 -8.557091
v 19.125154 1.988112 -8.672050
v 19.170530 1.864728 -8.773283
v 19.222919 1.748298 -8.890162
v 19.306528 1.694682 -9.076692
v 19.331203 1.613735 -9.131738
v 19.322004 1.505010 -9.111215
v 19.297743 1.474447 -9.057088
v 19.166138 1.619073 -8.763483
v 19.120676 1.622503 -8.662060
v 19.018812 1.800152 -8.434807
v 18.997637 1.915488 -8.387565
v 18.996456 1.821709 -8.384931
v 19.054119 1.690337 -8.513574
v 19.081598 1.629833 -8.574879
v 19.002333 1.652274 -8.398044
v 18.912247 1.631223 -8.197063
v 18.971130 1.620799 -8.328430
v 19.044283 1.614710 -8.491631
v 19.146845 1.587385 -8.720442
v 19.193010 1.551842 -8.823436
v 19.203554 1.533145 -8.846960
v 19.159632 1.408953 -8.748971
v 19.154005 1.310017 -8.736415
v 19.154713 1.235853 -8.737993
v 19.094442 1.276497 -8.603534
v 19.023928 1.293981 -8.446218
v 18.979538 1.239936 -8.347187
v 18.924229 1.233025 -8.223794
v 18.958351 1.208252 -8.299922
v 18.999195 1.230668 -8.391042
v 19.023003 1.260313 -8.444155
v 19.086576 1.237520 -8.585986
v 19.156284 1.194264 -8.741504
v 19.191925 1.088869 -8.821015
v 19.255051 0.888275 -8.961843
v 19.274687 0.762029 -9.005651
v 19.273155 0.498806 -9.002237
v 19.270660 0.216744 -8.996670
v 19.225903 0.052906 -8.896816
v 19.186483 0.004203 -8.808876
v 19.339024 2.225961 -9.149183
v 19.322308 2.117169 -9.111891
v 19.342810 2.004462 -9.157631
v 19.371061 1.876929 -9.220661
v 19.404442 1.887411 -9.295133
v 19.414103 1.901724 -9.316684
v 19.397602 1.956543 -9.279871
v 19.422817 1.915951 -9.336126
v 19.465677 1.659919 -9.431746
v 19.458998 1.767625 -9.416842
v 19.431295 1.852708 -9.355042
v 19.406387 1.816935 -9.299470
v 19.401711 1.780449 -9.289037
v 19.413488 1.730299 -9.315311
v 19.409763 1.707210 -9.307002
v 19.466351 1.610391 -9.433247
v 19.436613 1.655423 -9.366904
v 19.404934 1.677131 -9.296227
v 19.398863 1.589443 -9.282684
v 19.386383 1.489697 -9.254841
v 19.383396 1.426172 -9.248179
v 19.400511 1.406675 -9.286359
v 19.423510 1.424761 -9.337670
v 19.460770 1.486471 -9.420797
v 19.467764 1.548491 -9.436399
v 19.352861 1.698340 -9.180057
v 19.317602 1.729553 -9.101397
v 19.335760 1.684925 -9.141907
v 19.343990 1.660624 -9.160266
v 19.305323 1.324843 -9.074001
v 19.264978 0.974499 -8.983994
v 19.298300 1.383106 -9.058331
v 19.236523 1.491967 -8.920510
v 19.218575 1.518872 -8.880467
v 19.174450 1.405298 -8.782029
v 19.176548 1.289121 -8.786711
v 19.179775 1.246040 -8.793907
v 19.185389 1.190968 -8.806431
v 19.256565 1.000436 -8.965224
v 19.286879 0.941363 -9.032853
v 19.301270 0.993299 -9.064957
v 19.310041 1.117962 -9.084525
v 19.313326 1.248434 -9.091856
vn -0.4087 -0.0000 0.9127
vn -0.9125 -0.0000 -0.4090
vt 0.450220 0.396636
vt 0.458789 0.458304
vt 0.446488 0.463566
vt 0.426559 0.481518
vt 0.422818 0.499561
vt 0.423575 0.517569
vt 0.439479 0.530669
vt 0.456423 0.536985
vt 0.453840 0.545735
vt 0.423934 0.531977
vt 0.413489 0.506789
vt 0.415753 0.488894
vt 0.400899 0.500582
vt 0.391546 0.516579
vt 0.381365 0.517678
vt 0.352379 0.519250
vt 0.327647 0.519193
vt 0.300846 0.496350
vt 0.331103 0.510348
vt 0.382238 0.508274
vt 0.408262 0.483203
vt 0.442234 0.455598
vt 0.455829 0.437908
vt 0.444251 0.421699
vt 0.451369 0.410703
vt 0.518441 0.556007
vt 0.503132 0.552236
vt 0.493420 0.539252
vt 0.489018 0.532183
vt 0.509699 0.434498
vt 0.513456 0.451448
vt 0.546497 0.483117
vt 0.556097 0.490944
vt 0.579696 0.457904
vt 0.578574 0.424106
vt 0.576849 0.411573
vt 0.573847 0.395551
vt 0.535778 0.340122
vt 0.531278 0.332576
vt 0.536588 0.307493
vt 0.570350 0.365849
vt 0.589412 0.396510
vt 0.626696 0.409094
vt 0.660698 0.415725
vt 0.673432 0.407101
vt 0.695277 0.400579
vt 0.713527 0.407786
vt 0.683945 0.409797
vt 0.660203 0.425520
vt 0.622489 0.420433
vt 0.590254 0.408609
vt 0.590632 0.430185
vt 0.587622 0.458967
vt 0.564130 0.495096
vt 0.569770 0.500536
vt 0.594461 0.510876
vt 0.649316 0.518825
vt 0.688442 0.520597
vt 0.719936 0.523629
vt 0.671753 0.529753
vt 0.629359 0.523225
vt 0.644056 0.540826
vt 0.674897 0.579045
vt 0.674265 0.606327
vt 0.662939 0.572774
vt 0.608458 0.521092
vt 0.584143 0.520095
vt 0.513754 0.478020
vt 0.500778 0.486912
vt 0.495858 0.518542
vt 0.509055 0.542091
vt 0.553773 0.557688
vt 0.581793 0.591560
vt 0.606063 0.627455
vt 0.633623 0.654389
vt 0.608155 0.641690
vt 0.604889 0.674080
vt 0.594017 0.622542
vt 0.553808 0.569526
vt 0.427507 0.563311
vt 0.442323 0.588063
vt 0.446858 0.606462
vt 0.426267 0.624092
vt 0.429069 0.639273
vt 0.461019 0.707235
vt 0.478867 0.719627
vt 0.473048 0.753470
vt 0.471549 0.740776
vt 0.477169 0.725269
vt 0.460152 0.714946
vt 0.453764 0.707313
vt 0.439662 0.683496
vt 0.426093 0.654909
vt 0.412894 0.635410
vt 0.403324 0.643565
vt 0.388440 0.652937
vt 0.375536 0.677960
vt 0.368091 0.700719
vt 0.359023 0.715667
vt 0.364761 0.688837
vt 0.375927 0.659797
vt 0.384663 0.641511
vt 0.400301 0.628729
vt 0.419929 0.612583
vt 0.437699 0.593270
vt 0.425639 0.576103
vt 0.420770 0.564641
vt 0.416869 0.525397
vt 0.474539 0.595109
vt 0.456686 0.598159
vt 0.451519 0.602323
vt 0.460344 0.618270
vt 0.455646 0.577656
vt 0.458147 0.567041
vt 0.451848 0.552452
vt 0.459670 0.511474
vt 0.466345 0.482457
vt 0.467942 0.463976
vt 0.464649 0.295542
vt 0.465813 0.253093
vt 0.466451 0.177283
vt 0.465912 0.113464
vt 0.443750 0.066867
vt 0.423758 0.046585
vt 0.573260 0.050300
vt 0.552177 0.064469
vt 0.528239 0.112132
vt 0.526904 0.194189
vt 0.526086 0.270765
vt 0.519564 0.322937
vt 0.511868 0.338045
vt 0.507176 0.374313
vt 0.505419 0.412269
vt 0.484274 0.543155
vt 0.509729 0.560985
vt 0.483985 0.554915
vt 0.498820 0.602560
vt 0.526796 0.667353
vt 0.519177 0.685065
vt 0.523186 0.703050
vt 0.572197 0.737266
vt 0.597559 0.751993
vt 0.621963 0.754861
vt 0.651373 0.754011
vt 0.667529 0.703404
vt 0.695254 0.692748
vt 0.674232 0.709793
vt 0.669435 0.732400
vt 0.661150 0.756832
vt 0.707449 0.756945
vt 0.745851 0.737433
vt 0.711059 0.769818
vt 0.689975 0.767961
vt 0.649313 0.765591
vt 0.623822 0.767386
vt 0.626382 0.782464
vt 0.608021 0.799103
vt 0.610730 0.812825
vt 0.631231 0.844734
vt 0.645999 0.875943
vt 0.647629 0.917178
vt 0.658475 0.934520
vt 0.666641 0.954165
vt 0.639557 0.927747
vt 0.639562 0.891417
vt 0.633313 0.871892
vt 0.615251 0.887930
vt 0.589121 0.914490
vt 0.583031 0.925895
vt 0.575652 0.944847
vt 0.575103 0.918532
vt 0.613193 0.880212
vt 0.629266 0.861564
vt 0.617694 0.841802
vt 0.594054 0.810198
vt 0.567472 0.814634
vt 0.541960 0.816859
vt 0.513349 0.810275
vt 0.544198 0.808469
vt 0.589382 0.802670
vt 0.606935 0.782001
vt 0.605731 0.772408
vt 0.596284 0.763637
vt 0.575520 0.756148
vt 0.550726 0.746679
vt 0.537938 0.736184
vt 0.510874 0.715281
vt 0.499915 0.714733
vt 0.492766 0.725415
vt 0.516693 0.739452
vt 0.524619 0.753196
vt 0.487224 0.731669
vt 0.487089 0.742685
vt 0.493860 0.781444
vt 0.494108 0.795980
vt 0.482894 0.813849
vt 0.480383 0.828357
vt 0.489594 0.843899
vt 0.502437 0.854932
vt 0.544928 0.866937
vt 0.558382 0.863538
vt 0.578868 0.858009
vt 0.551757 0.877248
vt 0.519687 0.866631
vt 0.495768 0.864654
vt 0.498622 0.884119
vt 0.502886 0.897942
vt 0.514747 0.910690
vt 0.521164 0.920533
vt 0.503046 0.911166
vt 0.488109 0.890636
vt 0.486340 0.858818
vt 0.470322 0.836228
vt 0.466408 0.841825
vt 0.459851 0.869795
vt 0.446637 0.886804
vt 0.431533 0.907959
vt 0.424078 0.960465
vt 0.422787 0.909216
vt 0.432215 0.892286
vt 0.447177 0.871272
vt 0.426847 0.874127
vt 0.400990 0.873344
vt 0.373442 0.872562
vt 0.353223 0.872735
vt 0.337477 0.894554
vt 0.317341 0.919512
vt 0.341557 0.872861
vt 0.329723 0.870484
vt 0.314772 0.863427
vt 0.288665 0.848055
vt 0.267086 0.825948
vt 0.310909 0.854593
vt 0.332283 0.862637
vt 0.378303 0.864409
vt 0.401804 0.863883
vt 0.379882 0.821604
vt 0.370070 0.801838
vt 0.375002 0.775853
vt 0.377278 0.802151
vt 0.405035 0.854434
vt 0.415574 0.865622
vt 0.440726 0.866010
vt 0.452115 0.856543
vt 0.459623 0.835796
vt 0.470294 0.815130
vt 0.483215 0.787041
vt 0.481526 0.771109
vt 0.491676 0.696649
vt 0.500616 0.664999
vt 0.489650 0.632211
s 0
usemtl Material.023
f 5369/3680/900 5588/3681/900 5589/3682/900 5590/3683/900 5591/3684/900 5582/3685/900 5583/3686/900 5584/3687/900 5581/3688/900 5575/3689/900 5384/3690/900 5383/3691/900 5382/3692/900 5381/3693/900 5380/3694/900 5379/3695/900 5378/3696/900 5377/3697/900 5376/3698/900 5375/3699/900 5374/3700/900 5373/3701/900 5372/3702/900 5371/3703/900 5370/3704/900
f 5521/3705/900 5593/3706/900 5594/3707/900 5595/3708/900 5596/3709/900 5598/3710/900 5599/3711/900 5600/3712/900 5601/3713/900 5602/3714/900 5603/3715/900 5604/3716/900 5605/3717/900 5597/3718/900 5561/3719/900 5560/3720/900 5559/3721/900 5558/3722/900 5557/3723/900 5556/3724/900 5555/3725/900 5554/3726/900 5553/3727/900 5552/3728/900 5551/3729/900 5550/3730/900 5549/3731/900 5548/3732/900 5547/3733/900 5546/3734/900 5545/3735/900 5544/3736/900 5543/3737/900 5542/3738/900 5541/3739/900 5540/3740/900 5539/3741/900 5538/3742/900 5537/3743/900 5536/3744/900 5535/3745/900 5534/3746/900 5533/3747/900 5532/3748/900 5531/3749/900 5530/3750/900 5529/3751/900 5528/3752/900 5527/3753/900 5526/3754/900 5525/3755/900 5524/3756/900 5523/3757/900 5522/3758/900
f 5384/3690/900 5575/3689/900 5576/3759/900 5577/3760/900 5574/3761/900 5361/3762/900 5359/3763/900 5360/3764/900 5362/3765/900 5406/3766/900 5405/3767/900 5404/3768/900 5403/3769/900 5402/3770/900 5401/3771/900 5400/3772/900 5399/3773/900 5398/3774/900 5397/3775/900 5396/3776/900 5395/3777/900 5394/3778/900 5393/3779/900 5392/3780/900 5391/3781/900 5390/3782/900 5389/3783/900 5388/3784/900 5387/3785/900 5386/3786/900 5385/3787/900
f 5570/3788/900 5571/3789/900 5572/3790/900 5573/3791/900 5574/3761/900 5577/3760/900 5578/3792/900 5579/3793/900 5580/3794/900 5581/3688/900 5584/3687/900 5585/3795/900 5586/3796/900 5587/3797/900 5588/3681/900 5369/3680/900 5368/3798/900 5367/3799/900 5366/3800/900 5365/3801/900 5364/3802/900 5363/3803/900 5566/3804/900 5565/3805/900 5564/3806/900 5563/3807/900 5562/3808/900 5561/3719/900 5597/3718/900 5606/3809/900 5607/3810/900 5608/3811/900 5609/3812/900 5596/3709/900 5595/3708/900 5592/3813/900 5593/3706/900 5520/3814/900 5519/3815/900 5518/3816/900 5517/3817/900 5516/3818/900 5515/3819/900 5514/3820/900 5513/3821/900 5512/3822/900 5511/3823/900 5510/3824/900 5509/3825/900 5508/3826/900 5507/3827/900 5506/3828/900 5505/3829/900 5504/3830/900 5503/3831/900 5502/3832/900 5501/3833/900 5500/3834/900 5499/3835/900 5498/3836/900 5497/3837/900 5496/3838/900 5495/3839/900 5494/3840/900 5493/3841/900 5492/3842/900 5491/3843/900 5490/3844/900 5489/3845/900 5488/3846/900 5487/3847/900 5486/3848/900 5485/3849/900 5484/3850/900 5483/3851/900 5482/3852/900 5481/3853/900 5480/3854/900 5479/3855/900 5478/3856/900 5477/3857/900 5476/3858/900 5475/3859/900 5474/3860/900 5473/3861/900 5472/3862/900 5471/3863/900 5470/3864/900 5469/3865/900 5468/3866/900 5467/3867/900 5466/3868/900 5465/3869/900 5464/3870/900 5463/3871/900 5462/3872/900 5461/3873/900 5460/3874/900 5459/3875/900 5458/3876/900 5457/3877/900 5456/3878/900 5455/3879/900 5454/3880/900 5453/3881/900 5452/3882/900 5451/3883/900 5450/3884/900 5449/3885/900 5448/3886/900 5447/3887/900 5446/3888/900 5445/3889/900 5444/3890/900 5443/3891/900 5442/3892/900 5441/3893/900 5440/3894/900 5439/3895/900 5438/3896/900 5437/3897/900 5436/3898/900 5435/3899/900 5434/3900/900 5433/3901/900 5432/3902/900 5431/3903/900 5430/3904/900 5429/3905/900 5428/3906/900 5427/3907/900 5426/3908/900 5425/3909/900 5424/3910/900 5423/3911/900 5422/3912/900 5421/3913/900 5420/3914/900 5419/3915/900 5418/3916/900 5417/3917/900 5416/3918/900 5415/3919/900 5414/3920/900 5413/3921/900 5412/3922/900 5411/3923/900 5410/3924/900 5409/3925/900 5408/3926/900 5407/3927/900 5406/3766/900 5362/3765/900 5567/3928/900 5568/3929/900 5569/3930/900
usemtl Material.024
f 5620/3680/901 5839/3681/901 5840/3682/901 5841/3683/901 5842/3684/901 5833/3685/901 5834/3686/901 5835/3687/901 5832/3688/901 5826/3689/901 5635/3690/901 5634/3691/901 5633/3692/901 5632/3693/901 5631/3694/901 5630/3695/901 5629/3696/901 5628/3697/901 5627/3698/901 5626/3699/901 5625/3700/901 5624/3701/901 5623/3702/901 5622/3703/901 5621/3704/901
f 5772/3705/901 5844/3706/901 5845/3707/901 5846/3708/901 5847/3709/901 5849/3710/901 5850/3711/901 5851/3712/901 5852/3713/901 5853/3714/901 5854/3715/901 5855/3716/901 5856/3717/901 5848/3718/901 5812/3719/901 5811/3720/901 5810/3721/901 5809/3722/901 5808/3723/901 5807/3724/901 5806/3725/901 5805/3726/901 5804/3727/901 5803/3728/901 5802/3729/901 5801/3730/901 5800/3731/901 5799/3732/901 5798/3733/901 5797/3734/901 5796/3735/901 5795/3736/901 5794/3737/901 5793/3738/901 5792/3739/901 5791/3740/901 5790/3741/901 5789/3742/901 5788/3743/901 5787/3744/901 5786/3745/901 5785/3746/901 5784/3747/901 5783/3748/901 5782/3749/901 5781/3750/901 5780/3751/901 5779/3752/901 5778/3753/901 5777/3754/901 5776/3755/901 5775/3756/901 5774/3757/901 5773/3758/901
f 5635/3690/901 5826/3689/901 5827/3759/901 5828/3760/901 5825/3761/901 5612/3762/901 5610/3763/901 5611/3764/901 5613/3765/901 5657/3766/901 5656/3767/901 5655/3768/901 5654/3769/901 5653/3770/901 5652/3771/901 5651/3772/901 5650/3773/901 5649/3774/901 5648/3775/901 5647/3776/901 5646/3777/901 5645/3778/901 5644/3779/901 5643/3780/901 5642/3781/901 5641/3782/901 5640/3783/901 5639/3784/901 5638/3785/901 5637/3786/901 5636/3787/901
f 5821/3788/901 5822/3789/901 5823/3790/901 5824/3791/901 5825/3761/901 5828/3760/901 5829/3792/901 5830/3793/901 5831/3794/901 5832/3688/901 5835/3687/901 5836/3795/901 5837/3796/901 5838/3797/901 5839/3681/901 5620/3680/901 5619/3798/901 5618/3799/901 5617/3800/901 5616/3801/901 5615/3802/901 5614/3803/901 5817/3804/901 5816/3805/901 5815/3806/901 5814/3807/901 5813/3808/901 5812/3719/901 5848/3718/901 5857/3809/901 5858/3810/901 5859/3811/901 5860/3812/901 5847/3709/901 5846/3708/901 5843/3813/901 5844/3706/901 5771/3814/901 5770/3815/901 5769/3816/901 5768/3817/901 5767/3818/901 5766/3819/901 5765/3820/901 5764/3821/901 5763/3822/901 5762/3823/901 5761/3824/901 5760/3825/901 5759/3826/901 5758/3827/901 5757/3828/901 5756/3829/901 5755/3830/901 5754/3831/901 5753/3832/901 5752/3833/901 5751/3834/901 5750/3835/901 5749/3836/901 5748/3837/901 5747/3838/901 5746/3839/901 5745/3840/901 5744/3841/901 5743/3842/901 5742/3843/901 5741/3844/901 5740/3845/901 5739/3846/901 5738/3847/901 5737/3848/901 5736/3849/901 5735/3850/901 5734/3851/901 5733/3852/901 5732/3853/901 5731/3854/901 5730/3855/901 5729/3856/901 5728/3857/901 5727/3858/901 5726/3859/901 5725/3860/901 5724/3861/901 5723/3862/901 5722/3863/901 5721/3864/901 5720/3865/901 5719/3866/901 5718/3867/901 5717/3868/901 5716/3869/901 5715/3870/901 5714/3871/901 5713/3872/901 5712/3873/901 5711/3874/901 5710/3875/901 5709/3876/901 5708/3877/901 5707/3878/901 5706/3879/901 5705/3880/901 5704/3881/901 5703/3882/901 5702/3883/901 5701/3884/901 5700/3885/901 5699/3886/901 5698/3887/901 5697/3888/901 5696/3889/901 5695/3890/901 5694/3891/901 5693/3892/901 5692/3893/901 5691/3894/901 5690/3895/901 5689/3896/901 5688/3897/901 5687/3898/901 5686/3899/901 5685/3900/901 5684/3901/901 5683/3902/901 5682/3903/901 5681/3904/901 5680/3905/901 5679/3906/901 5678/3907/901 5677/3908/901 5676/3909/901 5675/3910/901 5674/3911/901 5673/3912/901 5672/3913/901 5671/3914/901 5670/3915/901 5669/3916/901 5668/3917/901 5667/3918/901 5666/3919/901 5665/3920/901 5664/3921/901 5663/3922/901 5662/3923/901 5661/3924/901 5660/3925/901 5659/3926/901 5658/3927/901 5657/3766/901 5613/3765/901 5818/3928/901 5819/3929/901 5820/3930/901
o Plane.023
v 17.899271 3.855136 18.403461
v 17.820122 4.296825 18.211500
v 17.906214 3.756473 18.420296
v 17.775906 4.377357 18.104261
v 17.912430 0.003253 18.435375
v 17.862904 0.135062 18.315258
v 17.808001 0.437900 18.182098
v 17.806665 0.852657 18.178860
v 17.808245 1.345348 18.182692
v 17.811129 1.621226 18.189688
v 17.846874 2.278236 18.276381
v 17.844027 2.369658 18.269476
v 17.861660 2.441124 18.312243
v 17.832979 2.546464 18.242682
v 17.866659 2.661428 18.324366
v 17.950819 2.840837 18.528479
v 18.015287 3.003773 18.684837
v 18.141968 3.017250 18.992077
v 18.216925 2.926280 19.173868
v 18.150528 3.074735 19.012836
v 18.089260 3.075107 18.864241
v 18.017452 3.064893 18.690084
v 17.992229 3.057747 18.628912
v 17.969059 2.953784 18.572718
v 17.932261 2.877820 18.483467
v 17.937868 2.994123 18.497072
v 17.929495 3.115056 18.476765
v 17.919830 3.370102 18.453323
v 17.907770 3.444597 18.424072
v 17.877893 3.556164 18.351612
v 17.921915 3.681676 18.458378
v 17.970539 3.786610 18.576309
v 18.009281 3.869679 18.670269
v 18.030922 3.988521 18.722757
v 18.058584 4.177255 18.789846
v 18.072800 4.351622 18.824320
v 18.050335 4.254477 18.769840
v 18.031893 4.106563 18.725107
v 17.999924 3.943939 18.647575
v 17.963051 3.883033 18.558147
v 17.939344 3.830034 18.500648
v 17.906647 3.956758 18.421347
v 17.873032 4.142546 18.339821
v 17.838095 4.297328 18.255089
v 17.822269 4.346937 18.216705
v 17.780113 4.414024 18.114462
v 17.794035 4.514807 18.148230
v 17.790321 4.597303 18.139223
v 17.769320 4.711937 18.088285
v 17.765135 4.815486 18.078136
v 17.797144 4.998034 18.155767
v 17.823580 5.132340 18.219883
v 17.842180 5.267177 18.264997
v 17.870394 5.328706 18.333424
v 17.932705 5.326181 18.484549
v 17.958813 5.253471 18.547867
v 18.027576 4.913683 18.714642
v 18.033215 4.742775 18.728317
v 18.045433 4.911648 18.757948
v 18.021124 5.040109 18.698994
v 17.966818 5.314879 18.567284
v 18.025036 5.318296 18.708481
v 18.139044 5.306780 18.984983
v 18.191996 5.254506 19.113409
v 18.300560 5.068343 19.376711
v 18.247101 5.212014 19.247057
v 18.182426 5.311917 19.090199
v 18.145386 5.357778 19.000366
v 18.116070 5.373226 18.929264
v 18.176060 5.676412 19.074759
v 18.126177 5.514212 18.953779
v 18.087170 5.372408 18.859173
v 18.037079 5.371283 18.737690
v 17.968834 5.376367 18.572172
v 17.904776 5.381456 18.416813
v 17.854414 5.362900 18.294666
v 17.891478 5.499474 18.384558
v 17.914835 5.609497 18.441210
v 17.911638 5.942570 18.433453
v 17.893169 5.601328 18.388660
v 17.855749 5.463844 18.297907
v 17.823013 5.353301 18.218513
v 17.806770 5.171523 18.179117
v 17.797075 5.135146 18.155602
v 17.757393 5.281960 18.059361
v 17.753010 5.488749 18.048729
v 17.716005 5.622172 17.958984
v 17.671124 5.683052 17.850128
v 17.687019 5.619078 17.888681
v 17.716402 5.536230 17.959944
v 17.726965 5.446395 17.985565
v 17.734037 5.319894 18.002714
v 17.674782 5.332738 17.859003
v 17.595333 5.401738 17.666315
v 17.528170 5.276706 17.503422
v 17.578920 5.312641 17.626511
v 17.612251 5.334730 17.707346
v 17.717516 5.256704 17.962646
v 17.749332 5.185005 18.039810
v 17.772152 5.083993 18.095154
v 17.765930 4.989711 18.080069
v 17.738150 4.873577 18.012690
v 17.738762 4.779105 18.014177
v 17.755537 4.527212 18.054859
v 17.755203 4.455621 18.054050
v 17.662563 4.595523 17.829367
v 17.682199 4.506202 17.876993
v 17.741472 4.414974 18.020748
v 17.723763 4.345552 17.977797
v 17.696615 4.349114 17.911955
v 17.629568 4.484962 17.749344
v 17.597887 4.553172 17.672508
v 17.536465 4.614712 17.523539
v 17.485025 4.663377 17.398781
v 17.461622 4.720380 17.342022
v 17.458637 4.782728 17.334785
v 17.502123 4.917058 17.440250
v 17.614059 4.954744 17.711735
v 17.690483 4.966482 17.897081
v 17.619604 5.009271 17.725178
v 17.556402 4.994809 17.571894
v 17.490547 4.965978 17.412178
v 17.431984 5.171373 17.270144
v 17.403316 5.299811 17.200615
v 17.443136 5.421002 17.297188
v 17.537498 5.670045 17.526047
v 17.536137 5.841065 17.522743
v 17.517857 5.717894 17.478409
v 17.502771 5.643777 17.441822
v 17.438038 5.471160 17.284822
v 17.393291 5.366932 17.176300
v 17.377811 5.493824 17.138756
v 17.377823 5.729935 17.138783
v 17.310728 5.901627 16.976055
v 17.330956 5.773952 17.025118
v 17.357826 5.661242 17.090284
v 17.361862 5.393257 17.100075
v 17.398449 5.190433 17.188808
v 17.449236 4.983055 17.311985
v 17.455948 4.893876 17.328260
v 17.410461 4.785736 17.217941
v 17.416805 4.687747 17.233326
v 17.353655 4.676080 17.080168
v 17.252920 4.691480 16.835857
v 17.200689 4.703553 16.709177
v 17.114498 4.493082 16.500137
v 17.209631 4.619887 16.730865
v 17.324329 4.619156 17.009045
v 17.303804 4.460372 16.959267
v 17.291922 4.313445 16.930445
v 17.239843 4.202670 16.804138
v 17.308527 4.271923 16.970718
v 17.348551 4.600819 17.067791
v 17.421410 4.606341 17.244493
v 17.481865 4.587703 17.391121
v 17.544695 4.491996 17.543501
v 17.666113 4.269628 17.837976
v 17.676044 4.152740 17.862064
v 17.657169 4.037628 17.816288
v 17.726477 3.616541 17.984379
v 17.763227 3.306893 18.073511
v 17.699451 3.346344 17.918835
v 17.677870 3.313992 17.866491
v 17.590254 3.401848 17.653994
v 17.490641 3.746400 17.412403
v 17.463707 4.081348 17.347080
v 17.455616 3.870848 17.327456
v 17.392523 3.953376 17.174437
v 17.460800 3.778329 17.340029
v 17.520924 3.545049 17.485846
v 17.590340 3.324918 17.654203
v 17.701122 3.223547 17.922884
v 17.733814 3.070503 18.002176
v 17.721626 2.864939 17.972614
v 17.689480 2.807153 17.894648
v 17.515102 3.080595 17.471731
v 17.454866 3.087080 17.325638
v 17.319897 3.422956 16.998295
v 17.291840 3.641021 16.930246
v 17.290276 3.463714 16.926453
v 17.366678 3.215331 17.111753
v 17.403088 3.100938 17.200060
v 17.298063 3.143367 16.945341
v 17.178698 3.103566 16.655844
v 17.256718 3.083857 16.845068
v 17.353645 3.072345 17.080147
v 17.489540 3.020684 17.409733
v 17.550709 2.953483 17.558088
v 17.564682 2.918132 17.591974
v 17.506483 2.683325 17.450827
v 17.499027 2.496269 17.432741
v 17.499964 2.356050 17.435015
v 17.420107 2.432893 17.241335
v 17.326675 2.465951 17.014734
v 17.267859 2.363769 16.872086
v 17.194574 2.350702 16.694347
v 17.239786 2.303864 16.804003
v 17.293905 2.346246 16.935255
v 17.325449 2.402294 17.011761
v 17.409685 2.359200 17.216059
v 17.502048 2.277417 17.440071
v 17.549273 2.078149 17.554602
v 17.632912 1.698892 17.757454
v 17.658930 1.460201 17.820555
v 17.656902 0.962531 17.815639
v 17.653597 0.429241 17.807619
v 17.594292 0.119476 17.663788
v 17.542063 0.027395 17.537117
v 17.744175 4.228025 18.027304
v 17.722027 4.022333 17.973587
v 17.749193 3.809240 18.039473
v 17.786627 3.568117 18.130262
v 17.830856 3.587935 18.237534
v 17.843657 3.614996 18.268578
v 17.821793 3.718641 18.215551
v 17.855204 3.641895 18.296583
v 17.911993 3.157820 18.434317
v 17.903141 3.361459 18.412848
v 17.866438 3.522324 18.323830
v 17.833433 3.454689 18.243782
v 17.827236 3.385704 18.228754
v 17.842842 3.290888 18.266600
v 17.837906 3.247234 18.254631
v 17.912886 3.064179 18.436478
v 17.873484 3.149320 18.340916
v 17.831507 3.190363 18.239109
v 17.823463 3.024574 18.219604
v 17.806927 2.835987 18.179497
v 17.802971 2.715880 18.169901
v 17.825647 2.679018 18.224897
v 17.856121 2.713213 18.298807
v 17.905491 2.829886 18.418545
v 17.914759 2.947146 18.441019
v 17.762512 3.230463 18.071775
v 17.715796 3.289478 17.958471
v 17.739853 3.205100 18.016823
v 17.750757 3.159154 18.043268
v 17.699524 2.524301 17.919010
v 17.646069 1.861912 17.789362
v 17.690218 2.634457 17.896439
v 17.608364 2.840279 17.697918
v 17.584581 2.891146 17.640238
v 17.526117 2.676415 17.498446
v 17.528898 2.456762 17.505188
v 17.533173 2.375309 17.515554
v 17.540609 2.271185 17.533594
v 17.634920 1.910951 17.762323
v 17.675085 1.799263 17.859739
v 17.694153 1.897457 17.905981
v 17.705774 2.133155 17.934170
v 17.710129 2.379836 17.944729
v 18.149725 3.855136 17.801567
v 17.957764 4.296825 17.880716
v 18.166559 3.756473 17.794626
v 17.850527 4.377357 17.924932
v 18.181639 0.003253 17.788408
v 18.061522 0.135062 17.837934
v 17.928362 0.437900 17.892839
v 17.925125 0.852657 17.894175
v 17.928955 1.345348 17.892593
v 17.935951 1.621226 17.889709
v 18.022646 2.278236 17.853964
v 18.015739 2.369658 17.856812
v 18.058506 2.441124 17.839178
v 17.988945 2.546464 17.867859
v 18.070629 2.661429 17.834179
v 18.274742 2.840837 17.750021
v 18.431101 3.003773 17.685551
v 18.738340 3.017250 17.558870
v 18.920132 2.926281 17.483913
v 18.759102 3.074735 17.550310
v 18.610504 3.075107 17.611580
v 18.436348 3.064893 17.683388
v 18.375175 3.057747 17.708609
v 18.318981 2.953784 17.731779
v 18.229733 2.877820 17.768579
v 18.243336 2.994123 17.762970
v 18.223028 3.115056 17.771343
v 18.199589 3.370102 17.781008
v 18.170336 3.444597 17.793068
v 18.097876 3.556164 17.822945
v 18.204641 3.681676 17.778923
v 18.322573 3.786610 17.730299
v 18.416534 3.869679 17.691557
v 18.469021 3.988521 17.669916
v 18.536110 4.177256 17.642254
v 18.570583 4.351622 17.628038
v 18.516104 4.254477 17.650503
v 18.471371 4.106563 17.668947
v 18.393839 3.943939 17.700914
v 18.304413 3.883033 17.737787
v 18.246912 3.830034 17.761496
v 18.167610 3.956758 17.794193
v 18.086084 4.142546 17.827806
v 18.001352 4.297328 17.862743
v 17.962969 4.346937 17.878571
v 17.860727 4.414024 17.920727
v 17.894495 4.514807 17.906803
v 17.885487 4.597303 17.910517
v 17.834549 4.711937 17.931520
v 17.824400 4.815486 17.935703
v 17.902031 4.998034 17.903696
v 17.966148 5.132340 17.877260
v 18.011261 5.267177 17.858658
v 18.079687 5.328706 17.830444
v 18.230812 5.326181 17.768133
v 18.294130 5.253471 17.742025
v 18.460905 4.913683 17.673262
v 18.474581 4.742775 17.667624
v 18.504211 4.911648 17.655405
v 18.445257 5.040109 17.679714
v 18.313547 5.314879 17.734020
v 18.454746 5.318296 17.675802
v 18.731247 5.306780 17.561794
v 18.859673 5.254506 17.508842
v 19.122974 5.068343 17.400278
v 18.993320 5.212014 17.453737
v 18.836462 5.311917 17.518412
v 18.746630 5.357778 17.555452
v 18.675528 5.373226 17.584768
v 18.821022 5.676412 17.524778
v 18.700043 5.514212 17.574661
v 18.605436 5.372408 17.613668
v 18.483953 5.371283 17.663759
v 18.318436 5.376367 17.732004
v 18.163076 5.381456 17.796062
v 18.040930 5.362900 17.846424
v 18.130823 5.499474 17.809361
v 18.187473 5.609497 17.786003
v 18.179716 5.942570 17.789202
v 18.134924 5.601328 17.807669
v 18.044172 5.463844 17.845089
v 17.964777 5.353301 17.877825
v 17.925383 5.171523 17.894068
v 17.901865 5.135146 17.903765
v 17.805624 5.281960 17.943445
v 17.794994 5.488749 17.947828
v 17.705248 5.622172 17.984833
v 17.596392 5.683052 18.029716
v 17.634947 5.619078 18.013821
v 17.706209 5.536230 17.984436
v 17.731829 5.446395 17.973873
v 17.748978 5.319894 17.966803
v 17.605267 5.332738 18.026056
v 17.412580 5.401738 18.105505
v 17.249685 5.276706 18.172670
v 17.372774 5.312641 18.121918
v 17.453609 5.334730 18.088587
v 17.708910 5.256704 17.983322
v 17.786076 5.185005 17.951506
v 17.841417 5.083993 17.928688
v 17.826332 4.989711 17.934908
v 17.758953 4.873577 17.962688
v 17.760441 4.779105 17.962076
v 17.801123 4.527212 17.945301
v 17.800316 4.455621 17.945635
v 17.575632 4.595523 18.038277
v 17.623257 4.506202 18.018639
v 17.767014 4.414974 17.959366
v 17.724062 4.345552 17.977076
v 17.658218 4.349114 18.004225
v 17.495607 4.484962 18.071272
v 17.418774 4.553172 18.102951
v 17.269804 4.614712 18.164375
v 17.145046 4.663377 18.215815
v 17.088287 4.720380 18.239218
v 17.081049 4.782728 18.242201
v 17.186516 4.917058 18.198715
v 17.457998 4.954744 18.086779
v 17.643345 4.966482 18.010357
v 17.471443 5.009271 18.081236
v 17.318157 4.994809 18.144438
v 17.158442 4.965978 18.210291
v 17.016407 5.171373 18.268854
v 16.946878 5.299811 18.297523
v 17.043451 5.421002 18.257704
v 17.272310 5.670045 18.163342
v 17.269009 5.841065 18.164703
v 17.224672 5.717894 18.182983
v 17.188086 5.643777 18.198069
v 17.031086 5.471160 18.262802
v 16.922565 5.366932 18.307547
v 16.885019 5.493824 18.323029
v 16.885046 5.729935 18.323017
v 16.722321 5.901627 18.390112
v 16.771381 5.773952 18.369883
v 16.836550 5.661242 18.343014
v 16.846340 5.393257 18.338976
v 16.935072 5.190433 18.302391
v 17.058249 4.983055 18.251602
v 17.074526 4.893876 18.244892
v 16.964205 4.785736 18.290379
v 16.979589 4.687747 18.284035
v 16.826431 4.676080 18.347185
v 16.582121 4.691479 18.447918
v 16.455441 4.703553 18.500151
v 16.246401 4.493082 18.586342
v 16.477129 4.619887 18.491209
v 16.755310 4.619156 18.376511
v 16.705530 4.460371 18.397036
v 16.676710 4.313445 18.408918
v 16.550404 4.202669 18.460997
v 16.716984 4.271923 18.392313
v 16.814056 4.600819 18.352287
v 16.990757 4.606341 18.279430
v 17.137384 4.587703 18.218973
v 17.289766 4.491996 18.156143
v 17.584240 4.269628 18.034727
v 17.608328 4.152740 18.024796
v 17.562551 4.037628 18.043669
v 17.730642 3.616541 17.974361
v 17.819775 3.306893 17.937611
v 17.665098 3.346344 18.001387
v 17.612755 3.313992 18.022970
v 17.400257 3.401848 18.110586
v 17.158669 3.746399 18.210197
v 17.093346 4.081348 18.237131
v 17.073719 3.870848 18.245224
v 16.920702 3.953376 18.308315
v 17.086292 3.778329 18.240040
v 17.232111 3.545049 18.179916
v 17.400467 3.324918 18.110500
v 17.669149 3.223547 17.999718
v 17.748440 3.070503 17.967024
v 17.718878 2.864939 17.979214
v 17.640913 2.807153 18.011360
v 17.217995 3.080595 18.185736
v 17.071901 3.087080 18.245974
v 16.744560 3.422956 18.380941
v 16.676512 3.641021 18.409000
v 16.672716 3.463714 18.410564
v 16.858017 3.215331 18.334162
v 16.946323 3.100937 18.297750
v 16.691605 3.143366 18.402777
v 16.402107 3.103566 18.522141
v 16.591331 3.083857 18.444120
v 16.826410 3.072345 18.347193
v 17.155996 3.020684 18.211300
v 17.304352 2.953483 18.150129
v 17.338238 2.918132 18.136158
v 17.197090 2.683325 18.194355
v 17.179005 2.496269 18.201813
v 17.181280 2.356050 18.200874
v 16.987598 2.432893 18.280733
v 16.760998 2.465951 18.374165
v 16.618351 2.363769 18.432981
v 16.440611 2.350702 18.506266
v 16.550268 2.303864 18.461052
v 16.681519 2.346246 18.406935
v 16.758026 2.402294 18.375389
v 16.962324 2.359200 18.291155
v 17.186335 2.277417 18.198790
v 17.300865 2.078149 18.151567
v 17.503717 1.698892 18.067928
v 17.566820 1.460201 18.041910
v 17.561903 0.962531 18.043936
v 17.553885 0.429241 18.047243
v 17.410053 0.119476 18.106548
v 17.283381 0.027395 18.158777
v 17.773569 4.228025 17.956663
v 17.719851 4.022333 17.978811
v 17.785736 3.809240 17.951647
v 17.876528 3.568117 17.914211
v 17.983797 3.587935 17.869982
v 18.014841 3.614996 17.857182
v 17.961815 3.718641 17.879045
v 18.042847 3.641895 17.845634
v 18.180580 3.157821 17.788845
v 18.159111 3.361459 17.797697
v 18.070093 3.522324 17.834400
v 17.990046 3.454689 17.867405
v 17.975018 3.385704 17.873602
v 18.012865 3.290888 17.857998
v 18.000896 3.247234 17.862932
v 18.182741 3.064179 17.787954
v 18.087179 3.149320 17.827356
v 17.985374 3.190363 17.869331
v 17.965868 3.024574 17.877375
v 17.925762 2.835987 17.893911
v 17.916166 2.715880 17.897867
v 17.971161 2.679018 17.875193
v 18.045071 2.713213 17.844717
v 18.164808 2.829886 17.795347
v 18.187284 2.947146 17.786081
v 17.818039 3.230464 17.938328
v 17.704735 3.289478 17.985044
v 17.763086 3.205100 17.960985
v 17.789532 3.159154 17.950081
v 17.665274 2.524301 18.001316
v 17.535625 1.861912 18.054771
v 17.642704 2.634457 18.010622
v 17.444181 2.840279 18.092476
v 17.386501 2.891146 18.116259
v 17.244709 2.676415 18.174721
v 17.251451 2.456762 18.171942
v 17.261818 2.375309 18.167667
v 17.279858 2.271185 18.160229
v 17.508589 1.910951 18.065920
v 17.606003 1.799263 18.025753
v 17.652246 1.897457 18.006687
v 17.680433 2.133155 17.995064
v 17.690992 2.379836 17.990711
vn 0.9245 -0.0000 -0.3812
vn -0.3812 -0.0000 -0.9245
vt 0.450220 0.396636
vt 0.458789 0.458304
vt 0.446488 0.463566
vt 0.426559 0.481518
vt 0.422818 0.499561
vt 0.423575 0.517569
vt 0.439479 0.530669
vt 0.456423 0.536985
vt 0.453840 0.545735
vt 0.423934 0.531977
vt 0.413489 0.506789
vt 0.415753 0.488894
vt 0.400899 0.500582
vt 0.391546 0.516579
vt 0.381365 0.517678
vt 0.352379 0.519250
vt 0.327647 0.519193
vt 0.300846 0.496350
vt 0.331103 0.510348
vt 0.382238 0.508274
vt 0.408262 0.483203
vt 0.442234 0.455598
vt 0.455829 0.437908
vt 0.444251 0.421699
vt 0.451369 0.410703
vt 0.518441 0.556007
vt 0.503132 0.552236
vt 0.493420 0.539252
vt 0.489018 0.532183
vt 0.509699 0.434498
vt 0.513456 0.451448
vt 0.546497 0.483117
vt 0.556097 0.490944
vt 0.579696 0.457904
vt 0.578574 0.424106
vt 0.576849 0.411573
vt 0.573847 0.395551
vt 0.535778 0.340122
vt 0.531278 0.332576
vt 0.536588 0.307493
vt 0.570350 0.365849
vt 0.589412 0.396510
vt 0.626696 0.409094
vt 0.660698 0.415725
vt 0.673432 0.407101
vt 0.695277 0.400579
vt 0.713527 0.407786
vt 0.683945 0.409797
vt 0.660203 0.425520
vt 0.622489 0.420433
vt 0.590254 0.408609
vt 0.590632 0.430185
vt 0.587622 0.458967
vt 0.564130 0.495096
vt 0.569770 0.500536
vt 0.594461 0.510876
vt 0.649316 0.518825
vt 0.688442 0.520597
vt 0.719936 0.523629
vt 0.671753 0.529753
vt 0.629359 0.523225
vt 0.644056 0.540826
vt 0.674897 0.579045
vt 0.674265 0.606327
vt 0.662939 0.572774
vt 0.608458 0.521092
vt 0.584143 0.520095
vt 0.513754 0.478020
vt 0.500778 0.486912
vt 0.495858 0.518542
vt 0.509055 0.542091
vt 0.553773 0.557688
vt 0.581793 0.591560
vt 0.606063 0.627455
vt 0.633623 0.654389
vt 0.608155 0.641690
vt 0.604889 0.674080
vt 0.594017 0.622542
vt 0.553808 0.569526
vt 0.427507 0.563311
vt 0.442323 0.588063
vt 0.446858 0.606462
vt 0.426267 0.624092
vt 0.429069 0.639273
vt 0.461019 0.707235
vt 0.478867 0.719627
vt 0.473048 0.753470
vt 0.471549 0.740776
vt 0.477169 0.725269
vt 0.460152 0.714946
vt 0.453764 0.707313
vt 0.439662 0.683496
vt 0.426093 0.654909
vt 0.412894 0.635410
vt 0.403324 0.643565
vt 0.388440 0.652937
vt 0.375536 0.677960
vt 0.368091 0.700719
vt 0.359023 0.715667
vt 0.364761 0.688837
vt 0.375927 0.659797
vt 0.384663 0.641511
vt 0.400301 0.628729
vt 0.419929 0.612583
vt 0.437699 0.593270
vt 0.425639 0.576103
vt 0.420770 0.564641
vt 0.416869 0.525397
vt 0.474539 0.595109
vt 0.456686 0.598159
vt 0.451519 0.602323
vt 0.460344 0.618270
vt 0.455646 0.577656
vt 0.458147 0.567041
vt 0.451848 0.552452
vt 0.459670 0.511474
vt 0.466345 0.482457
vt 0.467942 0.463976
vt 0.464649 0.295542
vt 0.465813 0.253093
vt 0.466451 0.177283
vt 0.465912 0.113464
vt 0.443750 0.066867
vt 0.423758 0.046585
vt 0.573260 0.050300
vt 0.552177 0.064469
vt 0.528239 0.112132
vt 0.526904 0.194189
vt 0.526086 0.270765
vt 0.519564 0.322937
vt 0.511868 0.338045
vt 0.507176 0.374313
vt 0.505419 0.412269
vt 0.484274 0.543155
vt 0.509729 0.560985
vt 0.483985 0.554915
vt 0.498820 0.602560
vt 0.526796 0.667353
vt 0.519177 0.685065
vt 0.523186 0.703050
vt 0.572197 0.737266
vt 0.597559 0.751993
vt 0.621963 0.754861
vt 0.651373 0.754011
vt 0.667529 0.703404
vt 0.695254 0.692748
vt 0.674232 0.709793
vt 0.669435 0.732400
vt 0.661150 0.756832
vt 0.707449 0.756945
vt 0.745851 0.737433
vt 0.711059 0.769818
vt 0.689975 0.767961
vt 0.649313 0.765591
vt 0.623822 0.767386
vt 0.626382 0.782464
vt 0.608021 0.799103
vt 0.610730 0.812825
vt 0.631231 0.844734
vt 0.645999 0.875943
vt 0.647629 0.917178
vt 0.658475 0.934520
vt 0.666641 0.954165
vt 0.639557 0.927747
vt 0.639562 0.891417
vt 0.633313 0.871892
vt 0.615251 0.887930
vt 0.589121 0.914490
vt 0.583031 0.925895
vt 0.575652 0.944847
vt 0.575103 0.918532
vt 0.613193 0.880212
vt 0.629266 0.861564
vt 0.617694 0.841802
vt 0.594054 0.810198
vt 0.567472 0.814634
vt 0.541960 0.816859
vt 0.513349 0.810275
vt 0.544198 0.808469
vt 0.589382 0.802670
vt 0.606935 0.782001
vt 0.605731 0.772408
vt 0.596284 0.763637
vt 0.575520 0.756148
vt 0.550726 0.746679
vt 0.537938 0.736184
vt 0.510874 0.715281
vt 0.499915 0.714733
vt 0.492766 0.725415
vt 0.516693 0.739452
vt 0.524619 0.753196
vt 0.487224 0.731669
vt 0.487089 0.742685
vt 0.493860 0.781444
vt 0.494108 0.795980
vt 0.482894 0.813849
vt 0.480383 0.828357
vt 0.489594 0.843899
vt 0.502437 0.854932
vt 0.544928 0.866937
vt 0.558382 0.863538
vt 0.578868 0.858009
vt 0.551757 0.877248
vt 0.519687 0.866631
vt 0.495768 0.864654
vt 0.498622 0.884119
vt 0.502886 0.897942
vt 0.514747 0.910690
vt 0.521164 0.920533
vt 0.503046 0.911166
vt 0.488109 0.890636
vt 0.486340 0.858818
vt 0.470322 0.836228
vt 0.466408 0.841825
vt 0.459851 0.869795
vt 0.446637 0.886804
vt 0.431533 0.907959
vt 0.424078 0.960465
vt 0.422787 0.909216
vt 0.432215 0.892286
vt 0.447177 0.871272
vt 0.426847 0.874127
vt 0.400990 0.873344
vt 0.373442 0.872562
vt 0.353223 0.872735
vt 0.337477 0.894554
vt 0.317341 0.919512
vt 0.341557 0.872861
vt 0.329723 0.870484
vt 0.314772 0.863427
vt 0.288665 0.848055
vt 0.267086 0.825948
vt 0.310909 0.854593
vt 0.332283 0.862637
vt 0.378303 0.864409
vt 0.401804 0.863883
vt 0.379882 0.821604
vt 0.370070 0.801838
vt 0.375002 0.775853
vt 0.377278 0.802151
vt 0.405035 0.854434
vt 0.415574 0.865622
vt 0.440726 0.866010
vt 0.452115 0.856543
vt 0.459623 0.835796
vt 0.470294 0.815130
vt 0.483215 0.787041
vt 0.481526 0.771109
vt 0.491676 0.696649
vt 0.500616 0.664999
vt 0.489650 0.632211
s 0
usemtl Material.025
f 5871/3931/902 6090/3932/902 6091/3933/902 6092/3934/902 6093/3935/902 6084/3936/902 6085/3937/902 6086/3938/902 6083/3939/902 6077/3940/902 5886/3941/902 5885/3942/902 5884/3943/902 5883/3944/902 5882/3945/902 5881/3946/902 5880/3947/902 5879/3948/902 5878/3949/902 5877/3950/902 5876/3951/902 5875/3952/902 5874/3953/902 5873/3954/902 5872/3955/902
f 6023/3956/902 6095/3957/902 6096/3958/902 6097/3959/902 6098/3960/902 6100/3961/902 6101/3962/902 6102/3963/902 6103/3964/902 6104/3965/902 6105/3966/902 6106/3967/902 6107/3968/902 6099/3969/902 6063/3970/902 6062/3971/902 6061/3972/902 6060/3973/902 6059/3974/902 6058/3975/902 6057/3976/902 6056/3977/902 6055/3978/902 6054/3979/902 6053/3980/902 6052/3981/902 6051/3982/902 6050/3983/902 6049/3984/902 6048/3985/902 6047/3986/902 6046/3987/902 6045/3988/902 6044/3989/902 6043/3990/902 6042/3991/902 6041/3992/902 6040/3993/902 6039/3994/902 6038/3995/902 6037/3996/902 6036/3997/902 6035/3998/902 6034/3999/902 6033/4000/902 6032/4001/902 6031/4002/902 6030/4003/902 6029/4004/902 6028/4005/902 6027/4006/902 6026/4007/902 6025/4008/902 6024/4009/902
f 5886/3941/902 6077/3940/902 6078/4010/902 6079/4011/902 6076/4012/902 5863/4013/902 5861/4014/902 5862/4015/902 5864/4016/902 5908/4017/902 5907/4018/902 5906/4019/902 5905/4020/902 5904/4021/902 5903/4022/902 5902/4023/902 5901/4024/902 5900/4025/902 5899/4026/902 5898/4027/902 5897/4028/902 5896/4029/902 5895/4030/902 5894/4031/902 5893/4032/902 5892/4033/902 5891/4034/902 5890/4035/902 5889/4036/902 5888/4037/902 5887/4038/902
f 6072/4039/902 6073/4040/902 6074/4041/902 6075/4042/902 6076/4012/902 6079/4011/902 6080/4043/902 6081/4044/902 6082/4045/902 6083/3939/902 6086/3938/902 6087/4046/902 6088/4047/902 6089/4048/902 6090/3932/902 5871/3931/902 5870/4049/902 5869/4050/902 5868/4051/902 5867/4052/902 5866/4053/902 5865/4054/902 6068/4055/902 6067/4056/902 6066/4057/902 6065/4058/902 6064/4059/902 6063/3970/902 6099/3969/902 6108/4060/902 6109/4061/902 6110/4062/902 6111/4063/902 6098/3960/902 6097/3959/902 6094/4064/902 6095/3957/902 6022/4065/902 6021/4066/902 6020/4067/902 6019/4068/902 6018/4069/902 6017/4070/902 6016/4071/902 6015/4072/902 6014/4073/902 6013/4074/902 6012/4075/902 6011/4076/902 6010/4077/902 6009/4078/902 6008/4079/902 6007/4080/902 6006/4081/902 6005/4082/902 6004/4083/902 6003/4084/902 6002/4085/902 6001/4086/902 6000/4087/902 5999/4088/902 5998/4089/902 5997/4090/902 5996/4091/902 5995/4092/902 5994/4093/902 5993/4094/902 5992/4095/902 5991/4096/902 5990/4097/902 5989/4098/902 5988/4099/902 5987/4100/902 5986/4101/902 5985/4102/902 5984/4103/902 5983/4104/902 5982/4105/902 5981/4106/902 5980/4107/902 5979/4108/902 5978/4109/902 5977/4110/902 5976/4111/902 5975/4112/902 5974/4113/902 5973/4114/902 5972/4115/902 5971/4116/902 5970/4117/902 5969/4118/902 5968/4119/902 5967/4120/902 5966/4121/902 5965/4122/902 5964/4123/902 5963/4124/902 5962/4125/902 5961/4126/902 5960/4127/902 5959/4128/902 5958/4129/902 5957/4130/902 5956/4131/902 5955/4132/902 5954/4133/902 5953/4134/902 5952/4135/902 5951/4136/902 5950/4137/902 5949/4138/902 5948/4139/902 5947/4140/902 5946/4141/902 5945/4142/902 5944/4143/902 5943/4144/902 5942/4145/902 5941/4146/902 5940/4147/902 5939/4148/902 5938/4149/902 5937/4150/902 5936/4151/902 5935/4152/902 5934/4153/902 5933/4154/902 5932/4155/902 5931/4156/902 5930/4157/902 5929/4158/902 5928/4159/902 5927/4160/902 5926/4161/902 5925/4162/902 5924/4163/902 5923/4164/902 5922/4165/902 5921/4166/902 5920/4167/902 5919/4168/902 5918/4169/902 5917/4170/902 5916/4171/902 5915/4172/902 5914/4173/902 5913/4174/902 5912/4175/902 5911/4176/902 5910/4177/902 5909/4178/902 5908/4017/902 5864/4016/902 6069/4179/902 6070/4180/902 6071/4181/902
usemtl Material.026
f 6122/3931/903 6341/3932/903 6342/3933/903 6343/3934/903 6344/3935/903 6335/3936/903 6336/3937/903 6337/3938/903 6334/3939/903 6328/3940/903 6137/3941/903 6136/3942/903 6135/3943/903 6134/3944/903 6133/3945/903 6132/3946/903 6131/3947/903 6130/3948/903 6129/3949/903 6128/3950/903 6127/3951/903 6126/3952/903 6125/3953/903 6124/3954/903 6123/3955/903
f 6274/3956/903 6346/3957/903 6347/3958/903 6348/3959/903 6349/3960/903 6351/3961/903 6352/3962/903 6353/3963/903 6354/3964/903 6355/3965/903 6356/3966/903 6357/3967/903 6358/3968/903 6350/3969/903 6314/3970/903 6313/3971/903 6312/3972/903 6311/3973/903 6310/3974/903 6309/3975/903 6308/3976/903 6307/3977/903 6306/3978/903 6305/3979/903 6304/3980/903 6303/3981/903 6302/3982/903 6301/3983/903 6300/3984/903 6299/3985/903 6298/3986/903 6297/3987/903 6296/3988/903 6295/3989/903 6294/3990/903 6293/3991/903 6292/3992/903 6291/3993/903 6290/3994/903 6289/3995/903 6288/3996/903 6287/3997/903 6286/3998/903 6285/3999/903 6284/4000/903 6283/4001/903 6282/4002/903 6281/4003/903 6280/4004/903 6279/4005/903 6278/4006/903 6277/4007/903 6276/4008/903 6275/4009/903
f 6137/3941/903 6328/3940/903 6329/4010/903 6330/4011/903 6327/4012/903 6114/4013/903 6112/4014/903 6113/4015/903 6115/4016/903 6159/4017/903 6158/4018/903 6157/4019/903 6156/4020/903 6155/4021/903 6154/4022/903 6153/4023/903 6152/4024/903 6151/4025/903 6150/4026/903 6149/4027/903 6148/4028/903 6147/4029/903 6146/4030/903 6145/4031/903 6144/4032/903 6143/4033/903 6142/4034/903 6141/4035/903 6140/4036/903 6139/4037/903 6138/4038/903
f 6323/4039/903 6324/4040/903 6325/4041/903 6326/4042/903 6327/4012/903 6330/4011/903 6331/4043/903 6332/4044/903 6333/4045/903 6334/3939/903 6337/3938/903 6338/4046/903 6339/4047/903 6340/4048/903 6341/3932/903 6122/3931/903 6121/4049/903 6120/4050/903 6119/4051/903 6118/4052/903 6117/4053/903 6116/4054/903 6319/4055/903 6318/4056/903 6317/4057/903 6316/4058/903 6315/4059/903 6314/3970/903 6350/3969/903 6359/4060/903 6360/4061/903 6361/4062/903 6362/4063/903 6349/3960/903 6348/3959/903 6345/4064/903 6346/3957/903 6273/4065/903 6272/4066/903 6271/4067/903 6270/4068/903 6269/4069/903 6268/4070/903 6267/4071/903 6266/4072/903 6265/4073/903 6264/4074/903 6263/4075/903 6262/4076/903 6261/4077/903 6260/4078/903 6259/4079/903 6258/4080/903 6257/4081/903 6256/4082/903 6255/4083/903 6254/4084/903 6253/4085/903 6252/4086/903 6251/4087/903 6250/4088/903 6249/4089/903 6248/4090/903 6247/4091/903 6246/4092/903 6245/4093/903 6244/4094/903 6243/4095/903 6242/4096/903 6241/4097/903 6240/4098/903 6239/4099/903 6238/4100/903 6237/4101/903 6236/4102/903 6235/4103/903 6234/4104/903 6233/4105/903 6232/4106/903 6231/4107/903 6230/4108/903 6229/4109/903 6228/4110/903 6227/4111/903 6226/4112/903 6225/4113/903 6224/4114/903 6223/4115/903 6222/4116/903 6221/4117/903 6220/4118/903 6219/4119/903 6218/4120/903 6217/4121/903 6216/4122/903 6215/4123/903 6214/4124/903 6213/4125/903 6212/4126/903 6211/4127/903 6210/4128/903 6209/4129/903 6208/4130/903 6207/4131/903 6206/4132/903 6205/4133/903 6204/4134/903 6203/4135/903 6202/4136/903 6201/4137/903 6200/4138/903 6199/4139/903 6198/4140/903 6197/4141/903 6196/4142/903 6195/4143/903 6194/4144/903 6193/4145/903 6192/4146/903 6191/4147/903 6190/4148/903 6189/4149/903 6188/4150/903 6187/4151/903 6186/4152/903 6185/4153/903 6184/4154/903 6183/4155/903 6182/4156/903 6181/4157/903 6180/4158/903 6179/4159/903 6178/4160/903 6177/4161/903 6176/4162/903 6175/4163/903 6174/4164/903 6173/4165/903 6172/4166/903 6171/4167/903 6170/4168/903 6169/4169/903 6168/4170/903 6167/4171/903 6166/4172/903 6165/4173/903 6164/4174/903 6163/4175/903 6162/4176/903 6161/4177/903 6160/4178/903 6159/4017/903 6115/4016/903 6320/4179/903 6321/4180/903 6322/4181/903
o Plane.027
v 14.544456 -0.166376 0.960640
v 14.356072 0.337419 0.960640
v 14.390765 0.532010 0.960640
v 14.474936 0.751839 0.960640
v 14.469969 0.920654 0.960640
v 14.296331 1.352103 0.960640
v 14.449989 1.680291 0.960640
v 14.691586 2.078824 0.960640
v 14.887507 2.433341 0.960640
v 15.097255 2.421989 0.960640
v 15.431476 2.297082 0.960640
v 15.019263 2.545601 0.960640
v 14.916835 2.536661 0.960640
v 14.887224 2.936081 0.960640
v 14.789225 3.174256 0.960640
v 14.794241 2.952224 0.960640
v 14.828716 2.581803 0.960640
v 14.671828 2.276719 0.960640
v 14.642204 2.474744 0.960640
v 14.474509 2.709074 0.960640
v 14.661674 2.988657 0.960640
v 14.685954 3.817724 0.960640
v 14.606959 3.257574 0.960640
v 14.553819 3.037250 0.960640
v 14.411057 2.606267 0.960640
v 14.267414 2.690673 0.960640
v 14.353749 2.506605 0.960640
v 14.303538 2.359872 0.960640
v 14.054482 2.059062 0.960640
v 13.985812 2.235678 0.960640
v 13.972611 2.706715 0.960640
v 14.079554 2.780910 0.960640
v 13.977108 2.791007 0.960640
v 14.003900 2.923644 0.960640
v 14.128468 3.121021 0.960640
v 14.420476 3.305712 0.960640
v 14.433549 3.481349 0.960640
v 14.332165 3.324877 0.960640
v 14.106260 3.227483 0.960640
v 14.119377 3.462580 0.960640
v 13.940654 3.769518 0.960640
v 14.004066 3.470002 0.960640
v 14.021297 3.251573 0.960640
v 13.888305 3.005791 0.960640
v 13.639074 3.430278 0.960640
v 13.289428 3.382684 0.960640
v 13.609900 3.321095 0.960640
v 13.836104 3.122527 0.960640
v 13.841762 2.949578 0.960640
v 13.621035 2.853271 0.960640
v 13.562309 2.448694 0.960640
v 13.527242 2.356152 0.960640
v 13.463257 2.536108 0.960640
v 13.440408 2.877954 0.960640
v 13.218685 3.065112 0.960640
v 12.983846 3.026885 0.960640
v 13.212529 2.949373 0.960640
v 13.352617 2.780225 0.960640
v 13.357923 2.409075 0.960640
v 13.480388 2.234575 0.960640
v 13.596720 1.921101 0.960640
v 13.322111 1.956063 0.960640
v 12.846460 2.253930 0.960640
v 13.081491 1.985345 0.960640
v 13.438888 1.822348 0.960640
v 13.910660 1.440647 0.960640
v 14.067142 1.145669 0.960640
v 14.148218 0.856395 0.960640
v 13.962508 0.407812 0.960640
v 13.939182 0.139927 0.960640
v 13.793337 -0.200292 0.960640
v 14.280951 1.758732 0.960640
v 14.533974 2.133687 0.960640
v 14.556667 2.409549 0.960640
v 14.441746 2.397138 0.960640
v 14.298108 2.110314 0.960640
v 14.257825 1.885676 0.960640
v 13.980357 1.678078 0.960640
v 13.893528 1.990467 0.960640
v 13.789261 2.262532 0.960640
v 13.847416 2.452824 0.960640
v 13.847510 2.631718 0.960640
v 13.708174 2.812199 0.960640
v 13.673146 2.586991 0.960640
v 13.667078 2.361407 0.960640
v 13.585414 2.263232 0.960640
v 13.660931 2.019614 0.960640
v 13.806310 1.944189 0.960640
v 13.864347 1.643356 0.960640
v 14.226285 -0.166377 1.271065
v 14.226285 0.337419 1.082682
v 14.226285 0.532009 1.117375
v 14.226285 0.751839 1.201547
v 14.226285 0.920653 1.196578
v 14.226285 1.352103 1.022942
v 14.226285 1.680291 1.176599
v 14.226285 2.078824 1.418196
v 14.226285 2.433341 1.614118
v 14.226285 2.421988 1.823865
v 14.226285 2.297082 2.158085
v 14.226285 2.545601 1.745873
v 14.226285 2.536661 1.643445
v 14.226285 2.936080 1.613834
v 14.226285 3.174255 1.515835
v 14.226285 2.952224 1.520852
v 14.226285 2.581802 1.555326
v 14.226285 2.276718 1.398438
v 14.226285 2.474743 1.368815
v 14.226285 2.709074 1.201119
v 14.226285 2.988656 1.388285
v 14.226285 3.817724 1.412564
v 14.226285 3.257574 1.333570
v 14.226285 3.037249 1.280429
v 14.226285 2.606267 1.137667
v 14.226285 2.690672 0.994025
v 14.226285 2.506605 1.080360
v 14.226285 2.359872 1.030149
v 14.226285 2.059062 0.781092
v 14.226285 2.235677 0.712422
v 14.226285 2.706715 0.699221
v 14.226285 2.780909 0.806164
v 14.226285 2.791006 0.703718
v 14.226285 2.923644 0.730510
v 14.226285 3.121020 0.855078
v 14.226285 3.305711 1.147087
v 14.226285 3.481349 1.160159
v 14.226285 3.324877 1.058775
v 14.226285 3.227483 0.832871
v 14.226285 3.462580 0.845987
v 14.226285 3.769518 0.667264
v 14.226285 3.470002 0.730676
v 14.226285 3.251573 0.747908
v 14.226285 3.005791 0.614915
v 14.226285 3.430278 0.365684
v 14.226285 3.382683 0.016038
v 14.226285 3.321095 0.336510
v 14.226285 3.122527 0.562715
v 14.226285 2.949578 0.568372
v 14.226285 2.853271 0.347645
v 14.226285 2.448693 0.288920
v 14.226285 2.356151 0.253852
v 14.226285 2.536108 0.189867
v 14.226285 2.877954 0.167018
v 14.226285 3.065112 -0.054705
v 14.226285 3.026885 -0.289545
v 14.226285 2.949372 -0.060860
v 14.226285 2.780225 0.079227
v 14.226285 2.409074 0.084532
v 14.226285 2.234575 0.206998
v 14.226285 1.921101 0.323329
v 14.226285 1.956063 0.048721
v 14.226285 2.253929 -0.426930
v 14.226285 1.985345 -0.191899
v 14.226285 1.822348 0.165498
v 14.226285 1.440647 0.637270
v 14.226285 1.145669 0.793753
v 14.226285 0.856395 0.874828
v 14.226285 0.407811 0.689119
v 14.226285 0.139926 0.665793
v 14.226285 -0.200293 0.519947
v 14.226285 1.758732 1.007561
v 14.226285 2.133687 1.260584
v 14.226285 2.409549 1.283277
v 14.226285 2.397137 1.168356
v 14.226285 2.110314 1.024718
v 14.226285 1.885676 0.984435
v 14.226285 1.678078 0.706967
v 14.226285 1.990467 0.620138
v 14.226285 2.262532 0.515871
v 14.226285 2.452823 0.574026
v 14.226285 2.631718 0.574121
v 14.226285 2.812198 0.434784
v 14.226285 2.586991 0.399756
v 14.226285 2.361407 0.393688
v 14.226285 2.263231 0.312024
v 14.226285 2.019614 0.387541
v 14.226285 1.944189 0.532919
v 14.226285 1.643356 0.590957
vn -0.0000 -0.0000 -1.0000
vn 1.0000 -0.0000 -0.0000
vt 0.298726 0.744025
vt 0.266605 0.688860
vt 0.268962 0.646608
vt 0.228361 0.664112
vt 0.210140 0.692234
vt 0.212489 0.660667
vt 0.264971 0.627474
vt 0.287359 0.592000
vt 0.292174 0.568162
vt 0.273762 0.566347
vt 0.292982 0.553013
vt 0.290610 0.468355
vt 0.278268 0.436613
vt 0.233506 0.490676
vt 0.224482 0.517048
vt 0.239999 0.550129
vt 0.214182 0.534959
vt 0.208667 0.497374
vt 0.234482 0.445824
vt 0.241722 0.405451
vt 0.237566 0.382636
vt 0.207185 0.368538
vt 0.234801 0.309555
vt 0.203595 0.232012
vt 0.202702 0.201672
vt 0.217829 0.162163
vt 0.224064 0.127190
vt 0.190207 0.036646
vt 0.325202 0.030550
vt 0.298990 0.091696
vt 0.294798 0.139842
vt 0.261421 0.220463
vt 0.275992 0.272453
vt 0.304116 0.325468
vt 0.312440 0.361900
vt 0.291590 0.368140
vt 0.307195 0.424285
vt 0.325935 0.473182
vt 0.315483 0.507382
vt 0.315466 0.539534
vt 0.308134 0.606764
vt 0.284232 0.650937
vt 0.287329 0.690194
vt 0.192091 0.409489
vt 0.188012 0.459068
vt 0.188525 0.571882
vt 0.178974 0.611480
vt 0.164776 0.712153
vt 0.169140 0.563149
vt 0.202778 0.512901
vt 0.172639 0.470786
vt 0.167315 0.435196
vt 0.139119 0.490027
vt 0.145314 0.556601
vt 0.146216 0.596506
vt 0.128603 0.553700
vt 0.123281 0.481914
vt 0.104872 0.483521
vt 0.030788 0.438855
vt 0.090855 0.461304
vt 0.128552 0.463345
vt 0.163764 0.399629
vt 0.340508 0.531435
vt 0.346803 0.490959
vt 0.347894 0.450416
vt 0.362571 0.432772
vt 0.348999 0.388987
vt 0.322871 0.375432
vt 0.388906 0.353534
vt 0.453139 0.382829
vt 0.495380 0.431100
vt 0.409893 0.377566
vt 0.360539 0.371282
vt 0.381447 0.427621
vt 0.403457 0.458983
vt 0.404411 0.525688
vt 0.429588 0.556088
vt 0.470688 0.570019
vt 0.428482 0.576890
vt 0.388632 0.543253
vt 0.384526 0.481814
vt 0.373026 0.449472
vt 0.366724 0.466104
vt 0.356169 0.538817
vt 0.316499 0.556125
vt 0.317516 0.587209
vt 0.358170 0.622896
vt 0.415767 0.633965
vt 0.352927 0.642519
s 0
usemtl Material.029
f 6403/4182/904 6402/4183/904 6401/4184/904 6400/4185/904 6399/4186/904 6398/4187/904 6397/4188/904 6396/4189/904 6395/4190/904 6394/4191/904 6393/4192/904 6392/4193/904 6391/4194/904 6390/4195/904 6389/4196/904 6388/4197/904 6387/4198/904 6437/4199/904 6438/4200/904 6439/4201/904 6434/4202/904 6369/4203/904 6368/4204/904 6367/4205/904 6366/4206/904 6365/4207/904 6364/4208/904 6363/4209/904 6433/4210/904 6432/4211/904 6431/4212/904 6430/4213/904 6429/4214/904 6428/4215/904 6451/4216/904 6440/4217/904 6441/4218/904 6442/4219/904 6443/4220/904 6444/4221/904 6406/4222/904 6405/4223/904 6404/4224/904
f 6369/4203/904 6434/4202/904 6435/4225/904 6436/4226/904 6437/4199/904 6387/4198/904 6386/4227/904 6385/4228/904 6384/4229/904 6383/4230/904 6382/4231/904 6381/4232/904 6380/4233/904 6379/4234/904 6378/4235/904 6377/4236/904 6376/4237/904 6375/4238/904 6374/4239/904 6373/4240/904 6372/4241/904 6371/4242/904 6370/4243/904
f 6406/4222/904 6444/4221/904 6445/4244/904 6446/4245/904 6447/4246/904 6448/4247/904 6449/4248/904 6450/4249/904 6451/4216/904 6428/4215/904 6427/4250/904 6426/4251/904 6425/4252/904 6424/4253/904 6423/4254/904 6422/4255/904 6421/4256/904 6420/4257/904 6419/4258/904 6418/4259/904 6417/4260/904 6416/4261/904 6415/4262/904 6414/4263/904 6413/4264/904 6412/4265/904 6411/4266/904 6410/4267/904 6409/4268/904 6408/4269/904 6407/4270/904
usemtl Material.030
f 6492/4182/905 6491/4183/905 6490/4184/905 6489/4185/905 6488/4186/905 6487/4187/905 6486/4188/905 6485/4189/905 6484/4190/905 6483/4191/905 6482/4192/905 6481/4193/905 6480/4194/905 6479/4195/905 6478/4196/905 6477/4197/905 6476/4198/905 6526/4199/905 6527/4200/905 6528/4201/905 6523/4202/905 6458/4203/905 6457/4204/905 6456/4205/905 6455/4206/905 6454/4207/905 6453/4208/905 6452/4209/905 6522/4210/905 6521/4211/905 6520/4212/905 6519/4213/905 6518/4214/905 6517/4215/905 6540/4216/905 6529/4217/905 6530/4218/905 6531/4219/905 6532/4220/905 6533/4221/905 6495/4222/905 6494/4223/905 6493/4224/905
f 6458/4203/905 6523/4202/905 6524/4225/905 6525/4226/905 6526/4199/905 6476/4198/905 6475/4227/905 6474/4228/905 6473/4229/905 6472/4230/905 6471/4231/905 6470/4232/905 6469/4233/905 6468/4234/905 6467/4235/905 6466/4236/905 6465/4237/905 6464/4238/905 6463/4239/905 6462/4240/905 6461/4241/905 6460/4242/905 6459/4243/905
f 6495/4222/905 6533/4221/905 6534/4244/905 6535/4245/905 6536/4246/905 6537/4247/905 6538/4248/905 6539/4249/905 6540/4216/905 6517/4215/905 6516/4250/905 6515/4251/905 6514/4252/905 6513/4253/905 6512/4254/905 6511/4255/905 6510/4256/905 6509/4257/905 6508/4258/905 6507/4259/905 6506/4260/905 6505/4261/905 6504/4262/905 6503/4263/905 6502/4264/905 6501/4265/905 6500/4266/905 6499/4267/905 6498/4268/905 6497/4269/905 6496/4270/905
o Plane.030
v 23.965528 -0.166376 0.960640
v 23.777145 0.337419 0.960640
v 23.811838 0.532010 0.960640
v 23.896009 0.751839 0.960640
v 23.891041 0.920654 0.960640
v 23.717405 1.352103 0.960640
v 23.871061 1.680291 0.960640
v 24.112659 2.078824 0.960640
v 24.308580 2.433341 0.960640
v 24.518328 2.421989 0.960640
v 24.852549 2.297082 0.960640
v 24.440336 2.545601 0.960640
v 24.337908 2.536661 0.960640
v 24.308296 2.936081 0.960640
v 24.210297 3.174256 0.960640
v 24.215315 2.952224 0.960640
v 24.249788 2.581803 0.960640
v 24.092901 2.276719 0.960640
v 24.063278 2.474744 0.960640
v 23.895582 2.709074 0.960640
v 24.082748 2.988657 0.960640
v 24.107027 3.817724 0.960640
v 24.028032 3.257574 0.960640
v 23.974892 3.037250 0.960640
v 23.832130 2.606267 0.960640
v 23.688488 2.690673 0.960640
v 23.774822 2.506605 0.960640
v 23.724611 2.359872 0.960640
v 23.475555 2.059062 0.960640
v 23.406885 2.235678 0.960640
v 23.393684 2.706715 0.960640
v 23.500628 2.780910 0.960640
v 23.398180 2.791007 0.960640
v 23.424973 2.923644 0.960640
v 23.549541 3.121021 0.960640
v 23.841549 3.305712 0.960640
v 23.854622 3.481349 0.960640
v 23.753239 3.324877 0.960640
v 23.527334 3.227483 0.960640
v 23.540449 3.462580 0.960640
v 23.361727 3.769518 0.960640
v 23.425138 3.470002 0.960640
v 23.442371 3.251573 0.960640
v 23.309378 3.005791 0.960640
v 23.060146 3.430278 0.960640
v 22.710501 3.382684 0.960640
v 23.030973 3.321095 0.960640
v 23.257177 3.122527 0.960640
v 23.262835 2.949578 0.960640
v 23.042109 2.853271 0.960640
v 22.983383 2.448694 0.960640
v 22.948315 2.356152 0.960640
v 22.884329 2.536108 0.960640
v 22.861481 2.877954 0.960640
v 22.639757 3.065112 0.960640
v 22.404919 3.026885 0.960640
v 22.633602 2.949373 0.960640
v 22.773689 2.780225 0.960640
v 22.778996 2.409075 0.960640
v 22.901461 2.234575 0.960640
v 23.017792 1.921101 0.960640
v 22.743183 1.956063 0.960640
v 22.267532 2.253930 0.960640
v 22.502563 1.985345 0.960640
v 22.859961 1.822348 0.960640
v 23.331734 1.440647 0.960640
v 23.488216 1.145669 0.960640
v 23.569290 0.856395 0.960640
v 23.383581 0.407812 0.960640
v 23.360256 0.139927 0.960640
v 23.214411 -0.200292 0.960640
v 23.702024 1.758732 0.960640
v 23.955046 2.133687 0.960640
v 23.977739 2.409549 0.960640
v 23.862820 2.397138 0.960640
v 23.719181 2.110314 0.960640
v 23.678898 1.885676 0.960640
v 23.401430 1.678078 0.960640
v 23.314602 1.990467 0.960640
v 23.210335 2.262532 0.960640
v 23.268488 2.452824 0.960640
v 23.268583 2.631718 0.960640
v 23.129248 2.812199 0.960640
v 23.094219 2.586991 0.960640
v 23.088152 2.361407 0.960640
v 23.006487 2.263232 0.960640
v 23.082003 2.019614 0.960640
v 23.227383 1.944189 0.960640
v 23.285419 1.643356 0.960640
v 23.647356 -0.166377 1.271065
v 23.647356 0.337419 1.082682
v 23.647356 0.532009 1.117375
v 23.647356 0.751838 1.201547
v 23.647356 0.920653 1.196578
v 23.647356 1.352103 1.022942
v 23.647356 1.680291 1.176599
v 23.647356 2.078824 1.418196
v 23.647356 2.433341 1.614118
v 23.647356 2.421988 1.823865
v 23.647356 2.297082 2.158085
v 23.647356 2.545601 1.745873
v 23.647356 2.536661 1.643445
v 23.647356 2.936080 1.613834
v 23.647356 3.174255 1.515835
v 23.647356 2.952224 1.520852
v 23.647356 2.581802 1.555326
v 23.647356 2.276718 1.398438
v 23.647356 2.474743 1.368815
v 23.647356 2.709074 1.201119
v 23.647356 2.988656 1.388285
v 23.647356 3.817724 1.412564
v 23.647356 3.257574 1.333570
v 23.647356 3.037249 1.280429
v 23.647356 2.606267 1.137667
v 23.647356 2.690672 0.994025
v 23.647356 2.506604 1.080360
v 23.647356 2.359872 1.030149
v 23.647356 2.059062 0.781092
v 23.647356 2.235677 0.712422
v 23.647356 2.706715 0.699221
v 23.647356 2.780909 0.806164
v 23.647356 2.791006 0.703718
v 23.647356 2.923644 0.730510
v 23.647356 3.121020 0.855078
v 23.647356 3.305711 1.147087
v 23.647356 3.481349 1.160159
v 23.647356 3.324877 1.058775
v 23.647356 3.227483 0.832871
v 23.647356 3.462580 0.845987
v 23.647356 3.769518 0.667264
v 23.647356 3.470002 0.730676
v 23.647356 3.251573 0.747908
v 23.647356 3.005791 0.614915
v 23.647356 3.430278 0.365684
v 23.647356 3.382683 0.016038
v 23.647356 3.321095 0.336510
v 23.647356 3.122526 0.562715
v 23.647356 2.949578 0.568372
v 23.647356 2.853271 0.347645
v 23.647356 2.448693 0.288920
v 23.647356 2.356151 0.253852
v 23.647356 2.536108 0.189867
v 23.647356 2.877954 0.167018
v 23.647356 3.065112 -0.054705
v 23.647356 3.026885 -0.289545
v 23.647356 2.949372 -0.060860
v 23.647356 2.780225 0.079227
v 23.647356 2.409074 0.084532
v 23.647356 2.234575 0.206998
v 23.647356 1.921101 0.323329
v 23.647356 1.956062 0.048721
v 23.647356 2.253929 -0.426930
v 23.647356 1.985345 -0.191899
v 23.647356 1.822348 0.165498
v 23.647356 1.440647 0.637270
v 23.647356 1.145669 0.793753
v 23.647356 0.856394 0.874828
v 23.647356 0.407811 0.689119
v 23.647356 0.139926 0.665793
v 23.647356 -0.200293 0.519947
v 23.647356 1.758732 1.007561
v 23.647356 2.133687 1.260584
v 23.647356 2.409549 1.283277
v 23.647356 2.397137 1.168356
v 23.647356 2.110313 1.024718
v 23.647356 1.885676 0.984435
v 23.647356 1.678078 0.706967
v 23.647356 1.990467 0.620138
v 23.647356 2.262532 0.515871
v 23.647356 2.452823 0.574026
v 23.647356 2.631718 0.574121
v 23.647356 2.812198 0.434784
v 23.647356 2.586991 0.399756
v 23.647356 2.361407 0.393688
v 23.647356 2.263231 0.312024
v 23.647356 2.019614 0.387541
v 23.647356 1.944189 0.532919
v 23.647356 1.643356 0.590957
vn -0.0000 -0.0000 -1.0000
vn 1.0000 -0.0000 -0.0000
vt 0.298726 0.744025
vt 0.266605 0.688860
vt 0.268962 0.646608
vt 0.228361 0.664112
vt 0.210140 0.692234
vt 0.212489 0.660667
vt 0.264971 0.627474
vt 0.287359 0.592000
vt 0.292174 0.568162
vt 0.273762 0.566347
vt 0.292982 0.553013
vt 0.290610 0.468355
vt 0.278268 0.436613
vt 0.233506 0.490676
vt 0.224482 0.517048
vt 0.239999 0.550129
vt 0.214182 0.534959
vt 0.208667 0.497374
vt 0.234482 0.445824
vt 0.241722 0.405451
vt 0.237566 0.382636
vt 0.207185 0.368538
vt 0.234801 0.309555
vt 0.203595 0.232012
vt 0.202702 0.201672
vt 0.217829 0.162163
vt 0.224064 0.127190
vt 0.190207 0.036646
vt 0.325202 0.030550
vt 0.298990 0.091696
vt 0.294798 0.139842
vt 0.261421 0.220463
vt 0.275992 0.272453
vt 0.304116 0.325468
vt 0.312440 0.361900
vt 0.291590 0.368140
vt 0.307195 0.424285
vt 0.325935 0.473182
vt 0.315483 0.507382
vt 0.315466 0.539534
vt 0.308134 0.606764
vt 0.284232 0.650937
vt 0.287329 0.690194
vt 0.192091 0.409489
vt 0.188012 0.459068
vt 0.188525 0.571882
vt 0.178974 0.611480
vt 0.164776 0.712153
vt 0.169140 0.563149
vt 0.202778 0.512901
vt 0.172639 0.470786
vt 0.167315 0.435196
vt 0.139119 0.490027
vt 0.145314 0.556601
vt 0.146216 0.596506
vt 0.128603 0.553700
vt 0.123281 0.481914
vt 0.104872 0.483521
vt 0.030788 0.438855
vt 0.090855 0.461304
vt 0.128552 0.463345
vt 0.163764 0.399629
vt 0.340508 0.531435
vt 0.346803 0.490959
vt 0.347894 0.450416
vt 0.362571 0.432772
vt 0.348999 0.388987
vt 0.322871 0.375432
vt 0.388906 0.353534
vt 0.453139 0.382829
vt 0.495380 0.431100
vt 0.409893 0.377566
vt 0.360539 0.371282
vt 0.381447 0.427621
vt 0.403457 0.458983
vt 0.404411 0.525688
vt 0.429588 0.556088
vt 0.470688 0.570019
vt 0.428482 0.576890
vt 0.388632 0.543253
vt 0.384526 0.481814
vt 0.373026 0.449472
vt 0.366724 0.466104
vt 0.356169 0.538817
vt 0.316499 0.556125
vt 0.317516 0.587209
vt 0.358170 0.622896
vt 0.415767 0.633965
vt 0.352927 0.642519
s 0
usemtl Material.032
f 6581/4271/906 6580/4272/906 6579/4273/906 6578/4274/906 6577/4275/906 6576/4276/906 6575/4277/906 6574/4278/906 6573/4279/906 6572/4280/906 6571/4281/906 6570/4282/906 6569/4283/906 6568/4284/906 6567/4285/906 6566/4286/906 6565/4287/906 6615/4288/906 6616/4289/906 6617/4290/906 6612/4291/906 6547/4292/906 6546/4293/906 6545/4294/906 6544/4295/906 6543/4296/906 6542/4297/906 6541/4298/906 6611/4299/906 6610/4300/906 6609/4301/906 6608/4302/906 6607/4303/906 6606/4304/906 6629/4305/906 6618/4306/906 6619/4307/906 6620/4308/906 6621/4309/906 6622/4310/906 6584/4311/906 6583/4312/906 6582/4313/906
f 6547/4292/906 6612/4291/906 6613/4314/906 6614/4315/906 6615/4288/906 6565/4287/906 6564/4316/906 6563/4317/906 6562/4318/906 6561/4319/906 6560/4320/906 6559/4321/906 6558/4322/906 6557/4323/906 6556/4324/906 6555/4325/906 6554/4326/906 6553/4327/906 6552/4328/906 6551/4329/906 6550/4330/906 6549/4331/906 6548/4332/906
f 6584/4311/906 6622/4310/906 6623/4333/906 6624/4334/906 6625/4335/906 6626/4336/906 6627/4337/906 6628/4338/906 6629/4305/906 6606/4304/906 6605/4339/906 6604/4340/906 6603/4341/906 6602/4342/906 6601/4343/906 6600/4344/906 6599/4345/906 6598/4346/906 6597/4347/906 6596/4348/906 6595/4349/906 6594/4350/906 6593/4351/906 6592/4352/906 6591/4353/906 6590/4354/906 6589/4355/906 6588/4356/906 6587/4357/906 6586/4358/906 6585/4359/906
usemtl Material.031
f 6670/4271/907 6669/4272/907 6668/4273/907 6667/4274/907 6666/4275/907 6665/4276/907 6664/4277/907 6663/4278/907 6662/4279/907 6661/4280/907 6660/4281/907 6659/4282/907 6658/4283/907 6657/4284/907 6656/4285/907 6655/4286/907 6654/4287/907 6704/4288/907 6705/4289/907 6706/4290/907 6701/4291/907 6636/4292/907 6635/4293/907 6634/4294/907 6633/4295/907 6632/4296/907 6631/4297/907 6630/4298/907 6700/4299/907 6699/4300/907 6698/4301/907 6697/4302/907 6696/4303/907 6695/4304/907 6718/4305/907 6707/4306/907 6708/4307/907 6709/4308/907 6710/4309/907 6711/4310/907 6673/4311/907 6672/4312/907 6671/4313/907
f 6636/4292/907 6701/4291/907 6702/4314/907 6703/4315/907 6704/4288/907 6654/4287/907 6653/4316/907 6652/4317/907 6651/4318/907 6650/4319/907 6649/4320/907 6648/4321/907 6647/4322/907 6646/4323/907 6645/4324/907 6644/4325/907 6643/4326/907 6642/4327/907 6641/4328/907 6640/4329/907 6639/4330/907 6638/4331/907 6637/4332/907
f 6673/4311/907 6711/4310/907 6712/4333/907 6713/4334/907 6714/4335/907 6715/4336/907 6716/4337/907 6717/4338/907 6718/4305/907 6695/4304/907 6694/4339/907 6693/4340/907 6692/4341/907 6691/4342/907 6690/4343/907 6689/4344/907 6688/4345/907 6687/4346/907 6686/4347/907 6685/4348/907 6684/4349/907 6683/4350/907 6682/4351/907 6681/4352/907 6680/4353/907 6679/4354/907 6678/4355/907 6677/4356/907 6676/4357/907 6675/4358/907 6674/4359/907
o Plane.032
v 11.141355 -0.166376 -21.768517
v 11.141355 0.337419 -21.956900
v 11.141355 0.532010 -21.922207
v 11.141355 0.751839 -21.838036
v 11.141355 0.920654 -21.843004
v 11.141355 1.352103 -22.016642
v 11.141355 1.680291 -21.862984
v 11.141355 2.078824 -21.621387
v 11.141355 2.433341 -21.425465
v 11.141355 2.421988 -21.215717
v 11.141355 2.297082 -20.881496
v 11.141355 2.545601 -21.293709
v 11.141355 2.536661 -21.396137
v 11.141355 2.936080 -21.425749
v 11.141355 3.174256 -21.523748
v 11.141355 2.952224 -21.518732
v 11.141355 2.581803 -21.484257
v 11.141355 2.276719 -21.641144
v 11.141355 2.474744 -21.670769
v 11.141355 2.709074 -21.838463
v 11.141355 2.988657 -21.651299
v 11.141355 3.817724 -21.627018
v 11.141355 3.257574 -21.706013
v 11.141355 3.037250 -21.759153
v 11.141355 2.606267 -21.901917
v 11.141355 2.690673 -22.045559
v 11.141355 2.506605 -21.959223
v 11.141355 2.359872 -22.009434
v 11.141355 2.059062 -22.258492
v 11.141355 2.235678 -22.327160
v 11.141355 2.706715 -22.340361
v 11.141355 2.780910 -22.233419
v 11.141355 2.791007 -22.335865
v 11.141355 2.923644 -22.309072
v 11.141355 3.121021 -22.184505
v 11.141355 3.305711 -21.892496
v 11.141355 3.481349 -21.879423
v 11.141355 3.324877 -21.980808
v 11.141355 3.227483 -22.206713
v 11.141355 3.462580 -22.193596
v 11.141355 3.769518 -22.372318
v 11.141355 3.470002 -22.308907
v 11.141355 3.251573 -22.291676
v 11.141355 3.005791 -22.424667
v 11.141355 3.430278 -22.673899
v 11.141355 3.382684 -23.023544
v 11.141355 3.321095 -22.703074
v 11.141355 3.122527 -22.476868
v 11.141355 2.949578 -22.471210
v 11.141355 2.853271 -22.691938
v 11.141355 2.448694 -22.750664
v 11.141355 2.356152 -22.785730
v 11.141355 2.536108 -22.849716
v 11.141355 2.877954 -22.872564
v 11.141355 3.065112 -23.094288
v 11.141355 3.026885 -23.329128
v 11.141355 2.949373 -23.100443
v 11.141355 2.780225 -22.960356
v 11.141355 2.409075 -22.955051
v 11.141355 2.234575 -22.832584
v 11.141355 1.921101 -22.716253
v 11.141355 1.956063 -22.990862
v 11.141355 2.253930 -23.466513
v 11.141355 1.985345 -23.231482
v 11.141355 1.822349 -22.874084
v 11.141355 1.440647 -22.402313
v 11.141355 1.145669 -22.245831
v 11.141355 0.856395 -22.164755
v 11.141355 0.407812 -22.350464
v 11.141355 0.139927 -22.373791
v 11.141355 -0.200293 -22.519636
v 11.141355 1.758732 -22.032021
v 11.141355 2.133687 -21.778999
v 11.141355 2.409549 -21.756306
v 11.141355 2.397138 -21.871227
v 11.141355 2.110314 -22.014866
v 11.141355 1.885676 -22.055147
v 11.141355 1.678078 -22.332617
v 11.141355 1.990467 -22.419445
v 11.141355 2.262532 -22.523712
v 11.141355 2.452824 -22.465557
v 11.141355 2.631718 -22.465462
v 11.141355 2.812199 -22.604799
v 11.141355 2.586991 -22.639826
v 11.141355 2.361407 -22.645895
v 11.141355 2.263231 -22.727558
v 11.141355 2.019614 -22.652042
v 11.141355 1.944189 -22.506664
v 11.141355 1.643356 -22.448626
v 11.459524 -0.166376 -22.078941
v 11.271141 0.337419 -22.078941
v 11.305834 0.532009 -22.078941
v 11.390005 0.751839 -22.078941
v 11.385037 0.920653 -22.078941
v 11.211401 1.352103 -22.078941
v 11.365058 1.680291 -22.078941
v 11.606655 2.078824 -22.078941
v 11.802577 2.433341 -22.078941
v 12.012323 2.421988 -22.078941
v 12.346544 2.297082 -22.078941
v 11.934332 2.545601 -22.078941
v 11.831903 2.536661 -22.078941
v 11.802293 2.936080 -22.078941
v 11.704293 3.174255 -22.078941
v 11.709311 2.952224 -22.078941
v 11.743785 2.581802 -22.078941
v 11.586897 2.276718 -22.078941
v 11.557274 2.474743 -22.078941
v 11.389578 2.709074 -22.078941
v 11.576744 2.988656 -22.078941
v 11.601023 3.817724 -22.078941
v 11.522029 3.257574 -22.078941
v 11.468887 3.037249 -22.078941
v 11.326126 2.606267 -22.078941
v 11.182484 2.690672 -22.078941
v 11.268819 2.506605 -22.078941
v 11.218608 2.359872 -22.078941
v 10.969551 2.059062 -22.078941
v 10.900881 2.235677 -22.078941
v 10.887680 2.706715 -22.078941
v 10.994623 2.780909 -22.078941
v 10.892177 2.791006 -22.078941
v 10.918968 2.923644 -22.078941
v 11.043537 3.121020 -22.078941
v 11.335546 3.305711 -22.078941
v 11.348618 3.481349 -22.078941
v 11.247234 3.324877 -22.078941
v 11.021330 3.227483 -22.078941
v 11.034446 3.462580 -22.078941
v 10.855722 3.769518 -22.078941
v 10.919134 3.470002 -22.078941
v 10.936367 3.251573 -22.078941
v 10.803373 3.005791 -22.078941
v 10.554143 3.430278 -22.078941
v 10.204497 3.382683 -22.078941
v 10.524969 3.321095 -22.078941
v 10.751173 3.122527 -22.078941
v 10.756830 2.949578 -22.078941
v 10.536104 2.853271 -22.078941
v 10.477379 2.448693 -22.078941
v 10.442311 2.356151 -22.078941
v 10.378325 2.536108 -22.078941
v 10.355477 2.877954 -22.078941
v 10.133754 3.065112 -22.078941
v 9.898914 3.026885 -22.078941
v 10.127599 2.949372 -22.078941
v 10.267686 2.780225 -22.078941
v 10.272991 2.409074 -22.078941
v 10.395456 2.234575 -22.078941
v 10.511788 1.921101 -22.078941
v 10.237180 1.956063 -22.078941
v 9.761529 2.253929 -22.078941
v 9.996559 1.985345 -22.078941
v 10.353957 1.822348 -22.078941
v 10.825729 1.440647 -22.078941
v 10.982212 1.145669 -22.078941
v 11.063287 0.856395 -22.078941
v 10.877578 0.407811 -22.078941
v 10.854252 0.139927 -22.078941
v 10.708406 -0.200293 -22.078941
v 11.196020 1.758732 -22.078941
v 11.449042 2.133687 -22.078941
v 11.471736 2.409549 -22.078941
v 11.356815 2.397137 -22.078941
v 11.213177 2.110314 -22.078941
v 11.172894 1.885676 -22.078941
v 10.895426 1.678078 -22.078941
v 10.808598 1.990467 -22.078941
v 10.704330 2.262532 -22.078941
v 10.762485 2.452823 -22.078941
v 10.762580 2.631718 -22.078941
v 10.623243 2.812198 -22.078941
v 10.588215 2.586991 -22.078941
v 10.582147 2.361407 -22.078941
v 10.500483 2.263231 -22.078941
v 10.575999 2.019614 -22.078941
v 10.721378 1.944189 -22.078941
v 10.779415 1.643356 -22.078941
vn 1.0000 -0.0000 -0.0000
vn -0.0000 -0.0000 -1.0000
vt 0.298726 0.744025
vt 0.266605 0.688860
vt 0.268962 0.646608
vt 0.228361 0.664112
vt 0.210140 0.692234
vt 0.212489 0.660667
vt 0.264971 0.627474
vt 0.287359 0.592000
vt 0.292174 0.568162
vt 0.273762 0.566347
vt 0.292982 0.553013
vt 0.290610 0.468355
vt 0.278268 0.436613
vt 0.233506 0.490676
vt 0.224482 0.517048
vt 0.239999 0.550129
vt 0.214182 0.534959
vt 0.208667 0.497374
vt 0.234482 0.445824
vt 0.241722 0.405451
vt 0.237566 0.382636
vt 0.207185 0.368538
vt 0.234801 0.309555
vt 0.203595 0.232012
vt 0.202702 0.201672
vt 0.217829 0.162163
vt 0.224064 0.127190
vt 0.190207 0.036646
vt 0.325202 0.030550
vt 0.298990 0.091696
vt 0.294798 0.139842
vt 0.261421 0.220463
vt 0.275992 0.272453
vt 0.304116 0.325468
vt 0.312440 0.361900
vt 0.291590 0.368140
vt 0.307195 0.424285
vt 0.325935 0.473182
vt 0.315483 0.507382
vt 0.315466 0.539534
vt 0.308134 0.606764
vt 0.284232 0.650937
vt 0.287329 0.690194
vt 0.192091 0.409489
vt 0.188012 0.459068
vt 0.188525 0.571882
vt 0.178974 0.611480
vt 0.164776 0.712153
vt 0.169140 0.563149
vt 0.202778 0.512901
vt 0.172639 0.470786
vt 0.167315 0.435196
vt 0.139119 0.490027
vt 0.145314 0.556601
vt 0.146216 0.596506
vt 0.128603 0.553700
vt 0.123281 0.481914
vt 0.104872 0.483521
vt 0.030788 0.438855
vt 0.090855 0.461304
vt 0.128552 0.463345
vt 0.163764 0.399629
vt 0.340508 0.531435
vt 0.346803 0.490959
vt 0.347894 0.450416
vt 0.362571 0.432772
vt 0.348999 0.388987
vt 0.322871 0.375432
vt 0.388906 0.353534
vt 0.453139 0.382829
vt 0.495380 0.431100
vt 0.409893 0.377566
vt 0.360539 0.371282
vt 0.381447 0.427621
vt 0.403457 0.458983
vt 0.404411 0.525688
vt 0.429588 0.556088
vt 0.470688 0.570019
vt 0.428482 0.576890
vt 0.388632 0.543253
vt 0.384526 0.481814
vt 0.373026 0.449472
vt 0.366724 0.466104
vt 0.356169 0.538817
vt 0.316499 0.556125
vt 0.317516 0.587209
vt 0.358170 0.622896
vt 0.415767 0.633965
vt 0.352927 0.642519
s 0
usemtl Material.034
f 6759/4360/908 6758/4361/908 6757/4362/908 6756/4363/908 6755/4364/908 6754/4365/908 6753/4366/908 6752/4367/908 6751/4368/908 6750/4369/908 6749/4370/908 6748/4371/908 6747/4372/908 6746/4373/908 6745/4374/908 6744/4375/908 6743/4376/908 6793/4377/908 6794/4378/908 6795/4379/908 6790/4380/908 6725/4381/908 6724/4382/908 6723/4383/908 6722/4384/908 6721/4385/908 6720/4386/908 6719/4387/908 6789/4388/908 6788/4389/908 6787/4390/908 6786/4391/908 6785/4392/908 6784/4393/908 6807/4394/908 6796/4395/908 6797/4396/908 6798/4397/908 6799/4398/908 6800/4399/908 6762/4400/908 6761/4401/908 6760/4402/908
f 6725/4381/908 6790/4380/908 6791/4403/908 6792/4404/908 6793/4377/908 6743/4376/908 6742/4405/908 6741/4406/908 6740/4407/908 6739/4408/908 6738/4409/908 6737/4410/908 6736/4411/908 6735/4412/908 6734/4413/908 6733/4414/908 6732/4415/908 6731/4416/908 6730/4417/908 6729/4418/908 6728/4419/908 6727/4420/908 6726/4421/908
f 6762/4400/908 6800/4399/908 6801/4422/908 6802/4423/908 6803/4424/908 6804/4425/908 6805/4426/908 6806/4427/908 6807/4394/908 6784/4393/908 6783/4428/908 6782/4429/908 6781/4430/908 6780/4431/908 6779/4432/908 6778/4433/908 6777/4434/908 6776/4435/908 6775/4436/908 6774/4437/908 6773/4438/908 6772/4439/908 6771/4440/908 6770/4441/908 6769/4442/908 6768/4443/908 6767/4444/908 6766/4445/908 6765/4446/908 6764/4447/908 6763/4448/908
usemtl Material.033
f 6848/4360/909 6847/4361/909 6846/4362/909 6845/4363/909 6844/4364/909 6843/4365/909 6842/4366/909 6841/4367/909 6840/4368/909 6839/4369/909 6838/4370/909 6837/4371/909 6836/4372/909 6835/4373/909 6834/4374/909 6833/4375/909 6832/4376/909 6882/4377/909 6883/4378/909 6884/4379/909 6879/4380/909 6814/4381/909 6813/4382/909 6812/4383/909 6811/4384/909 6810/4385/909 6809/4386/909 6808/4387/909 6878/4388/909 6877/4389/909 6876/4390/909 6875/4391/909 6874/4392/909 6873/4393/909 6896/4394/909 6885/4395/909 6886/4396/909 6887/4397/909 6888/4398/909 6889/4399/909 6851/4400/909 6850/4401/909 6849/4402/909
f 6814/4381/909 6879/4380/909 6880/4403/909 6881/4404/909 6882/4377/909 6832/4376/909 6831/4405/909 6830/4406/909 6829/4407/909 6828/4408/909 6827/4409/909 6826/4410/909 6825/4411/909 6824/4412/909 6823/4413/909 6822/4414/909 6821/4415/909 6820/4416/909 6819/4417/909 6818/4418/909 6817/4419/909 6816/4420/909 6815/4421/909
f 6851/4400/909 6889/4399/909 6890/4422/909 6891/4423/909 6892/4424/909 6893/4425/909 6894/4426/909 6895/4427/909 6896/4394/909 6873/4393/909 6872/4428/909 6871/4429/909 6870/4430/909 6869/4431/909 6868/4432/909 6867/4433/909 6866/4434/909 6865/4435/909 6864/4436/909 6863/4437/909 6862/4438/909 6861/4439/909 6860/4440/909 6859/4441/909 6858/4442/909 6857/4443/909 6856/4444/909 6855/4445/909 6854/4446/909 6853/4447/909 6852/4448/909
o Plane.033
v -20.232204 -0.117658 -15.328661
v -20.634027 -0.112953 -14.224657
v -20.580893 0.164980 -14.370644
v -20.538294 0.436414 -14.487687
v -20.493988 1.341926 -14.609414
v -20.509987 1.556856 -14.565457
v -20.480993 1.886139 -14.645117
v -20.471607 2.579771 -14.670907
v -20.493231 2.765115 -14.611495
v -20.483126 2.984748 -14.639260
v -20.482391 3.332469 -14.641277
v -20.546291 3.610331 -14.465714
v -20.639250 3.818124 -14.210313
v -20.654604 4.193966 -14.168128
v -20.687424 4.708325 -14.077953
v -20.707335 4.755280 -14.023251
v -20.749269 4.745111 -13.908033
v -20.909613 4.535519 -13.467492
v -20.968431 4.216475 -13.305889
v -20.930468 4.604511 -13.410198
v -20.817297 4.755838 -13.721132
v -20.710075 4.894286 -14.015720
v -20.700872 5.066498 -14.041006
v -20.790287 5.285459 -13.795338
v -20.843155 5.491577 -13.650086
v -20.952166 5.598289 -13.350584
v -21.053619 5.615957 -13.071837
v -20.913364 5.678176 -13.457186
v -20.821550 5.604286 -13.709442
v -20.859449 6.059658 -13.605316
v -20.793669 5.772256 -13.786047
v -20.767931 5.466173 -13.856763
v -20.711851 5.245685 -14.010840
v -20.631239 5.113635 -14.232320
v -20.688238 5.634445 -14.075716
v -20.603184 5.206434 -14.309402
v -20.581404 4.959949 -14.369242
v -20.492247 4.598468 -14.614202
v -20.457949 4.430798 -14.708434
v -20.457138 4.628769 -14.710660
v -20.504810 5.090802 -14.579679
v -20.527376 5.524709 -14.517684
v -20.682066 5.859368 -14.092675
v -20.724686 6.114776 -13.975577
v -20.658148 5.956798 -14.158388
v -20.549009 5.696218 -14.458248
v -20.507345 5.626933 -14.572714
v -20.407684 6.029954 -14.846533
v -20.487955 5.537363 -14.625992
v -20.462297 5.092499 -14.696482
v -20.400770 4.601603 -14.865531
v -20.411909 4.143909 -14.834923
v -20.399632 3.877601 -14.868656
v -20.330118 4.267983 -15.059643
v -20.360312 4.615603 -14.976687
v -20.337488 4.850658 -15.039396
v -20.379711 5.161053 -14.923387
v -20.268429 5.702540 -15.229134
v -20.302891 6.006660 -15.134451
v -20.283546 6.146067 -15.187597
v -20.271107 5.885111 -15.221775
v -20.246563 5.803547 -15.289208
v -20.140604 6.101662 -15.580330
v -20.259121 5.577754 -15.254708
v -20.331656 5.221985 -15.055419
v -20.317970 4.993172 -15.093020
v -20.251646 5.264397 -15.275245
v -20.286554 4.897384 -15.179335
v -20.249094 4.716794 -15.282256
v -20.205904 4.732914 -15.400920
v -20.101097 5.033175 -15.688873
v -20.126318 5.634992 -15.619580
v -20.088875 5.425830 -15.722457
v -20.074247 5.138088 -15.762644
v -20.025286 5.467919 -15.897165
v -20.025562 6.031392 -15.896403
v -20.055332 6.168718 -15.814614
v -20.009830 6.106873 -15.939627
v -19.997887 5.686537 -15.972442
v -19.817474 6.014749 -16.468124
v -19.696539 5.647223 -16.800392
v -19.822191 5.864630 -16.455162
v -19.965137 5.606245 -16.062424
v -20.008247 5.190391 -15.943975
v -19.907578 5.164188 -16.220566
v -19.822948 4.977251 -16.453083
v -19.705620 4.934980 -16.775442
v -19.794317 4.847437 -16.531744
v -19.779247 4.660721 -16.573153
v -19.694832 4.570355 -16.805080
v -19.773491 4.577497 -16.588964
v -19.780561 4.419710 -16.569540
v -19.805851 4.598182 -16.500057
v -19.872244 4.625086 -16.317644
v -20.074749 4.357833 -15.761264
v -20.182722 3.788225 -15.464613
v -20.204760 3.350572 -15.404066
v -20.279053 3.078899 -15.199946
v -20.320143 2.740805 -15.087049
v -20.341892 2.237547 -15.027294
v -20.328732 1.641172 -15.063456
v -20.335203 1.077771 -15.045671
v -20.320135 0.685012 -15.087070
v -20.282042 -0.001302 -15.191734
v -20.653984 4.704721 -14.169829
v -20.625313 4.189553 -14.248601
v -20.614607 3.933112 -14.278018
v -20.492468 3.660259 -14.613591
v -20.481466 3.778412 -14.643816
v -20.504696 4.078701 -14.579994
v -20.535137 4.393387 -14.496359
v -20.618080 4.665025 -14.268476
v -20.338488 3.094724 -15.036651
v -20.340780 3.369882 -15.030353
v -20.318581 3.753758 -15.091346
v -20.277514 4.026886 -15.204173
v -20.237415 3.777341 -15.314344
v -20.225525 3.653823 -15.347013
v -20.237713 3.440231 -15.313523
v -20.250498 4.144846 -15.278399
v -20.245966 4.205684 -15.290853
v -20.219135 4.378559 -15.364569
v -20.094698 4.790915 -15.706457
v -20.086868 4.510825 -15.727970
v -20.107178 4.399759 -15.672171
v -20.151127 4.214661 -15.551421
v -20.179167 4.023526 -15.474380
v -20.204462 3.918388 -15.404882
v -20.061445 4.861879 -15.797819
v -20.005747 5.069824 -15.950847
v -19.939730 5.072287 -16.132227
v -19.828442 4.861700 -16.437988
v -19.805849 4.694097 -16.500065
v -19.868843 4.694938 -16.326986
v -20.031618 4.582701 -15.879766
v -20.056660 4.693163 -15.810964
v -20.678839 4.897473 -14.101543
v -20.678589 4.999754 -14.102228
v -20.651373 4.896096 -14.177001
v -20.296694 4.382959 -15.151476
v -20.318577 4.548001 -15.091354
v -20.312674 4.750819 -15.107574
v -20.282576 4.619754 -15.190268
v -20.274889 4.484284 -15.211388
v -20.949074 -0.117657 -14.985130
v -19.845070 -0.112952 -14.583306
v -19.991056 0.164981 -14.636441
v -20.108101 0.436415 -14.679041
v -20.229828 1.341926 -14.723346
v -20.185869 1.556857 -14.707347
v -20.265530 1.886139 -14.736341
v -20.291321 2.579771 -14.745728
v -20.231909 2.765116 -14.724104
v -20.259674 2.984748 -14.734209
v -20.261690 3.332469 -14.734943
v -20.086126 3.610331 -14.671043
v -19.830727 3.818124 -14.578085
v -19.788542 4.193966 -14.562732
v -19.698366 4.708325 -14.529910
v -19.643663 4.755280 -14.510000
v -19.528446 4.745111 -14.468065
v -19.087906 4.535519 -14.307721
v -18.926302 4.216475 -14.248902
v -19.030613 4.604511 -14.286868
v -19.341545 4.755838 -14.400039
v -19.636133 4.894286 -14.507259
v -19.661419 5.066499 -14.516462
v -19.415751 5.285459 -14.427047
v -19.270500 5.491577 -14.374180
v -18.970997 5.598289 -14.265170
v -18.692251 5.615957 -14.163714
v -19.077599 5.678176 -14.303969
v -19.329857 5.604286 -14.395783
v -19.225729 6.059658 -14.357884
v -19.406460 5.772256 -14.423665
v -19.477177 5.466173 -14.449404
v -19.631254 5.245685 -14.505484
v -19.852734 5.113635 -14.586096
v -19.696129 5.634445 -14.529097
v -19.929815 5.206434 -14.614151
v -19.989655 4.959949 -14.635931
v -20.234615 4.598468 -14.725089
v -20.328848 4.430798 -14.759386
v -20.331074 4.628769 -14.760197
v -20.200092 5.090802 -14.712523
v -20.138098 5.524709 -14.689959
v -19.713089 5.859368 -14.535269
v -19.595991 6.114776 -14.492649
v -19.778801 5.956798 -14.559186
v -20.078661 5.696218 -14.668326
v -20.193127 5.626933 -14.709989
v -20.466946 6.029954 -14.809650
v -20.246405 5.537363 -14.729380
v -20.316895 5.092499 -14.755036
v -20.485945 4.601603 -14.816565
v -20.455336 4.143909 -14.805425
v -20.489069 3.877601 -14.817702
v -20.680056 4.267983 -14.887216
v -20.597101 4.615603 -14.857022
v -20.659809 4.850659 -14.879847
v -20.543800 5.161053 -14.837623
v -20.849546 5.702540 -14.948905
v -20.754864 6.006660 -14.914444
v -20.808010 6.146067 -14.933787
v -20.842188 5.885111 -14.946227
v -20.909622 5.803547 -14.970771
v -21.200743 6.101662 -15.076730
v -20.875122 5.577754 -14.958214
v -20.675833 5.221986 -14.885678
v -20.713434 4.993172 -14.899364
v -20.895658 5.264397 -14.965689
v -20.799747 4.897384 -14.930780
v -20.902670 4.716794 -14.968241
v -21.021334 4.732914 -15.011431
v -21.309286 5.033175 -15.116237
v -21.239994 5.634992 -15.091016
v -21.342871 5.425830 -15.128460
v -21.383057 5.138088 -15.143087
v -21.517578 5.467919 -15.192049
v -21.516817 6.031392 -15.191772
v -21.435028 6.168718 -15.162003
v -21.560040 6.106873 -15.207503
v -21.592855 5.686537 -15.219447
v -22.088537 6.014749 -15.399860
v -22.420805 5.647223 -15.520796
v -22.075575 5.864630 -15.395143
v -21.682837 5.606245 -15.252197
v -21.564388 5.190391 -15.209086
v -21.840981 5.164188 -15.309757
v -22.073496 4.977251 -15.394386
v -22.395855 4.934980 -15.511715
v -22.152157 4.847437 -15.423017
v -22.193565 4.660721 -15.438087
v -22.425493 4.570355 -15.522503
v -22.209377 4.577497 -15.443843
v -22.189953 4.419710 -15.436773
v -22.120472 4.598182 -15.411484
v -21.938057 4.625086 -15.345090
v -21.381678 4.357833 -15.142585
v -21.085026 3.788225 -15.034613
v -21.024479 3.350572 -15.012575
v -20.820360 3.078899 -14.938282
v -20.707462 2.740806 -14.897191
v -20.647707 2.237547 -14.875442
v -20.683868 1.641172 -14.888603
v -20.666084 1.077771 -14.882131
v -20.707483 0.685012 -14.897199
v -20.812147 -0.001301 -14.935293
v -19.790243 4.704721 -14.563351
v -19.869015 4.189554 -14.592021
v -19.898432 3.933112 -14.602728
v -20.234005 3.660259 -14.724867
v -20.264229 3.778412 -14.735868
v -20.200407 4.078701 -14.712638
v -20.116772 4.393388 -14.682198
v -19.888889 4.665025 -14.599256
v -20.657064 3.094725 -14.878847
v -20.650766 3.369883 -14.876554
v -20.711760 3.753758 -14.898754
v -20.824587 4.026886 -14.939820
v -20.934757 3.777341 -14.979919
v -20.967426 3.653823 -14.991810
v -20.933937 3.440231 -14.979621
v -20.898813 4.144846 -14.966837
v -20.911266 4.205684 -14.971369
v -20.984982 4.378559 -14.998199
v -21.326870 4.790915 -15.122637
v -21.348383 4.510826 -15.130466
v -21.292583 4.399759 -15.110157
v -21.171835 4.214661 -15.066208
v -21.094793 4.023526 -15.038167
v -21.025295 3.918388 -15.012873
v -21.418232 4.861879 -15.155890
v -21.571260 5.069825 -15.211587
v -21.752640 5.072287 -15.277604
v -22.058401 4.861700 -15.388891
v -22.120478 4.694097 -15.411486
v -21.947399 4.694938 -15.348491
v -21.500179 4.582701 -15.185716
v -21.431377 4.693163 -15.160674
v -19.721956 4.897473 -14.538496
v -19.722641 4.999754 -14.538746
v -19.797415 4.896096 -14.565961
v -20.771889 4.382959 -14.920640
v -20.711767 4.548001 -14.898758
v -20.727987 4.750819 -14.904661
v -20.810680 4.619754 -14.934759
v -20.831800 4.484284 -14.942446
vn 0.9397 -0.0000 0.3420
vn 0.3420 -0.0000 -0.9397
vt 0.716975 0.035378
vt 0.699851 0.140895
vt 0.693078 0.201279
vt 0.695988 0.287899
vt 0.690071 0.379588
vt 0.699848 0.456962
vt 0.691602 0.511375
vt 0.690571 0.553679
vt 0.700551 0.612697
vt 0.719011 0.654689
vt 0.710389 0.709434
vt 0.700552 0.734807
vt 0.703206 0.765990
vt 0.700825 0.803250
vt 0.694673 0.838429
vt 0.727279 0.893127
vt 0.780554 0.973675
vt 0.732923 0.927841
vt 0.721891 0.940381
vt 0.716299 0.980502
vt 0.707603 0.959069
vt 0.723094 0.912312
vt 0.673071 0.829061
vt 0.692051 0.781340
vt 0.681791 0.745201
vt 0.695364 0.691757
vt 0.664116 0.631738
vt 0.658597 0.672681
vt 0.663605 0.743049
vt 0.635947 0.818521
vt 0.624414 0.886917
vt 0.660497 0.962650
vt 0.615697 0.900688
vt 0.596969 0.911340
vt 0.547908 0.951403
vt 0.517998 0.975691
vt 0.537157 0.936423
vt 0.606693 0.884971
vt 0.616836 0.818260
vt 0.638266 0.747226
vt 0.637902 0.716789
vt 0.622485 0.742567
vt 0.582406 0.798143
vt 0.572616 0.836038
vt 0.534382 0.901843
vt 0.560004 0.821771
vt 0.549780 0.758903
vt 0.565920 0.752800
vt 0.603204 0.711037
vt 0.616888 0.662656
vt 0.627330 0.616488
vt 0.622385 0.598322
vt 0.598190 0.590646
vt 0.626915 0.547927
vt 0.626584 0.494466
vt 0.622042 0.460699
vt 0.631762 0.432203
vt 0.627543 0.325561
vt 0.614509 0.274936
vt 0.621701 0.241892
vt 0.601785 0.102674
vt 0.582636 0.060943
vt 0.558751 0.018212
vt 0.739378 0.017489
vt 0.567481 0.640272
vt 0.562668 0.679699
vt 0.550953 0.788326
vt 0.538608 0.788537
vt 0.538720 0.804262
vt 0.523768 0.842073
vt 0.498559 0.875972
vt 0.486989 0.923030
vt 0.457419 0.967217
vt 0.474456 0.897206
vt 0.433183 0.908566
vt 0.370136 0.899000
vt 0.415742 0.896284
vt 0.464744 0.879878
vt 0.488509 0.848188
vt 0.528703 0.814524
vt 0.524566 0.788047
vt 0.476368 0.766762
vt 0.425496 0.743496
vt 0.408430 0.683838
vt 0.434870 0.732889
vt 0.506947 0.765112
vt 0.525798 0.766676
vt 0.534748 0.759457
vt 0.549502 0.680377
vt 0.556404 0.622593
vt 0.731786 0.760759
vt 0.737036 0.616323
vt 0.742381 0.597333
vt 0.736902 0.564494
vt 0.718319 0.508942
vt 0.751715 0.550710
vt 0.761622 0.617996
vt 0.751849 0.638008
vt 0.731155 0.672825
vt 0.733192 0.682178
vt 0.745253 0.708757
vt 0.801190 0.772154
vt 0.803808 0.869769
vt 0.786976 0.901927
vt 0.798313 0.809401
vt 0.751201 0.763237
vt 0.804710 0.729092
vt 0.795580 0.712017
vt 0.775824 0.683559
vt 0.763219 0.654173
vt 0.810157 0.705571
vt 0.829545 0.740143
vt 0.818289 0.757126
vt 0.816138 0.783065
vt 0.841175 0.815035
vt 0.870851 0.815414
vt 0.885304 0.829543
vt 0.840051 0.833572
vt 0.859430 0.897507
vt 0.923687 0.937232
vt 0.980170 0.903807
vt 0.925807 0.960312
vt 0.844708 0.909851
vt 0.839339 0.974476
vt 0.818886 0.983984
vt 0.832267 0.962871
vt 0.832392 0.876240
vt 0.810383 0.825530
vt 0.920877 0.783037
vt 0.931033 0.757269
vt 0.902716 0.757399
vt 0.901187 0.746659
vt 0.931032 0.742523
vt 0.942400 0.715084
vt 0.945578 0.739343
vt 0.980937 0.738245
vt 0.942991 0.752138
vt 0.936216 0.780845
vt 0.976088 0.794304
vt 0.923347 0.800803
vt 0.716736 0.745840
vt 0.720191 0.725012
vt 0.714947 0.788524
vt 0.730639 0.844950
s 0
usemtl Material.035
f 7000/4449/910 6999/4450/910 6998/4451/910 6997/4452/910 6996/4453/910 6995/4454/910 7009/4455/910 7010/4456/910 7011/4457/910 7012/4458/910 7036/4459/910 7037/4460/910 7038/4461/910 6962/4462/910 6961/4463/910 6960/4464/910 6959/4465/910 6958/4466/910 6957/4467/910 6956/4468/910 6955/4469/910 6954/4470/910 6953/4471/910 6952/4472/910 6951/4473/910 6950/4474/910 6949/4475/910 6948/4476/910 6947/4477/910 6946/4478/910 6945/4479/910 6944/4480/910 6943/4481/910 6942/4482/910 6941/4483/910 6940/4484/910 6939/4485/910 6938/4486/910 6937/4487/910 6936/4488/910 6935/4489/910 6934/4490/910 6933/4491/910 6932/4492/910 6931/4493/910 6930/4494/910 7001/4495/910 7008/4496/910 7007/4497/910 7006/4498/910 7005/4499/910 7004/4500/910 6908/4501/910 6907/4502/910 6906/4503/910 6905/4504/910 6904/4505/910 6903/4506/910 6902/4507/910 6901/4508/910 6900/4509/910 6899/4510/910 6898/4511/910 6897/4512/910
f 6908/4501/910 7004/4500/910 7003/4513/910 7002/4514/910 7001/4495/910 7035/4515/910 7033/4516/910 7034/4517/910 6930/4494/910 6929/4518/910 6928/4519/910 6927/4520/910 6926/4521/910 6925/4522/910 6924/4523/910 6923/4524/910 6922/4525/910 6921/4526/910 6920/4527/910 6919/4528/910 6918/4529/910 6917/4530/910 6916/4531/910 6915/4532/910 6914/4533/910 6913/4534/910 6912/4535/910 6911/4536/910 6910/4537/910 6909/4538/910
f 6965/4539/910 7012/4458/910 7013/4540/910 7014/4541/910 7015/4542/910 7009/4455/910 6995/4454/910 6994/4543/910 6993/4544/910 6992/4545/910 7024/4546/910 7016/4547/910 7017/4548/910 7018/4549/910 7019/4550/910 6969/4551/910 6968/4552/910 6967/4553/910 6966/4554/910
f 6969/4551/910 7019/4550/910 7020/4555/910 7021/4556/910 7022/4557/910 7023/4558/910 7024/4546/910 6992/4545/910 6991/4559/910 7031/4560/910 7032/4561/910 7025/4562/910 7026/4563/910 7027/4564/910 6981/4565/910 6980/4566/910 6979/4567/910 6978/4568/910 6977/4569/910 6976/4570/910 6975/4571/910 6974/4572/910 6973/4573/910 6972/4574/910 6971/4575/910 6970/4576/910
f 6981/4565/910 7027/4564/910 7028/4577/910 7029/4578/910 7030/4579/910 7031/4560/910 6991/4559/910 6990/4580/910 6989/4581/910 6988/4582/910 6987/4583/910 6986/4584/910 6985/4585/910 6984/4586/910 6983/4587/910 6982/4588/910
f 6930/4494/910 7034/4517/910 7035/4515/910 7001/4495/910
f 6962/4462/910 7038/4461/910 7039/4589/910 7040/4590/910 7036/4459/910 7012/4458/910 6965/4539/910 6964/4591/910 6963/4592/910
usemtl Material.036
f 7144/4449/911 7143/4450/911 7142/4451/911 7141/4452/911 7140/4453/911 7139/4454/911 7153/4455/911 7154/4456/911 7155/4457/911 7156/4458/911 7180/4459/911 7181/4460/911 7182/4461/911 7106/4462/911 7105/4463/911 7104/4464/911 7103/4465/911 7102/4466/911 7101/4467/911 7100/4468/911 7099/4469/911 7098/4470/911 7097/4471/911 7096/4472/911 7095/4473/911 7094/4474/911 7093/4475/911 7092/4476/911 7091/4477/911 7090/4478/911 7089/4479/911 7088/4480/911 7087/4481/911 7086/4482/911 7085/4483/911 7084/4484/911 7083/4485/911 7082/4486/911 7081/4487/911 7080/4488/911 7079/4489/911 7078/4490/911 7077/4491/911 7076/4492/911 7075/4493/911 7074/4494/911 7145/4495/911 7152/4496/911 7151/4497/911 7150/4498/911 7149/4499/911 7148/4500/911 7052/4501/911 7051/4502/911 7050/4503/911 7049/4504/911 7048/4505/911 7047/4506/911 7046/4507/911 7045/4508/911 7044/4509/911 7043/4510/911 7042/4511/911 7041/4512/911
f 7052/4501/911 7148/4500/911 7147/4513/911 7146/4514/911 7145/4495/911 7179/4515/911 7177/4516/911 7178/4517/911 7074/4494/911 7073/4518/911 7072/4519/911 7071/4520/911 7070/4521/911 7069/4522/911 7068/4523/911 7067/4524/911 7066/4525/911 7065/4526/911 7064/4527/911 7063/4528/911 7062/4529/911 7061/4530/911 7060/4531/911 7059/4532/911 7058/4533/911 7057/4534/911 7056/4535/911 7055/4536/911 7054/4537/911 7053/4538/911
f 7109/4539/911 7156/4458/911 7157/4540/911 7158/4541/911 7159/4542/911 7153/4455/911 7139/4454/911 7138/4543/911 7137/4544/911 7136/4545/911 7168/4546/911 7160/4547/911 7161/4548/911 7162/4549/911 7163/4550/911 7113/4551/911 7112/4552/911 7111/4553/911 7110/4554/911
f 7113/4551/911 7163/4550/911 7164/4555/911 7165/4556/911 7166/4557/911 7167/4558/911 7168/4546/911 7136/4545/911 7135/4559/911 7175/4560/911 7176/4561/911 7169/4562/911 7170/4563/911 7171/4564/911 7125/4565/911 7124/4566/911 7123/4567/911 7122/4568/911 7121/4569/911 7120/4570/911 7119/4571/911 7118/4572/911 7117/4573/911 7116/4574/911 7115/4575/911 7114/4576/911
f 7125/4565/911 7171/4564/911 7172/4577/911 7173/4578/911 7174/4579/911 7175/4560/911 7135/4559/911 7134/4580/911 7133/4581/911 7132/4582/911 7131/4583/911 7130/4584/911 7129/4585/911 7128/4586/911 7127/4587/911 7126/4588/911
f 7074/4494/911 7178/4517/911 7179/4515/911 7145/4495/911
f 7106/4462/911 7182/4461/911 7183/4589/911 7184/4590/911 7180/4459/911 7156/4458/911 7109/4539/911 7108/4591/911 7107/4592/911
o Plane.036
v -3.680861 -0.117658 26.452850
v -2.576857 -0.112953 26.854673
v -2.722844 0.164980 26.801538
v -2.839887 0.436414 26.758940
v -2.961614 1.341926 26.714634
v -2.917657 1.556856 26.730633
v -2.997317 1.886139 26.701639
v -3.023107 2.579771 26.692253
v -2.963696 2.765115 26.713877
v -2.991461 2.984748 26.703772
v -2.993478 3.332469 26.703037
v -2.817914 3.610331 26.766937
v -2.562513 3.818124 26.859896
v -2.520329 4.193966 26.875248
v -2.430154 4.708325 26.908070
v -2.375451 4.755280 26.927980
v -2.260234 4.745111 26.969915
v -1.819693 4.535519 27.130259
v -1.658090 4.216475 27.189077
v -1.762399 4.604511 27.151114
v -2.073333 4.755838 27.037943
v -2.367921 4.894286 26.930721
v -2.393206 5.066498 26.921518
v -2.147538 5.285459 27.010933
v -2.002287 5.491577 27.063801
v -1.702785 5.598289 27.172812
v -1.424038 5.615957 27.274265
v -1.809386 5.678176 27.134010
v -2.061643 5.604286 27.042196
v -1.957517 6.059658 27.080095
v -2.138247 5.772256 27.014315
v -2.208963 5.466173 26.988577
v -2.363041 5.245685 26.932497
v -2.584521 5.113635 26.851885
v -2.427917 5.634445 26.908884
v -2.661603 5.206434 26.823830
v -2.721442 4.959949 26.802050
v -2.966402 4.598468 26.712891
v -3.060635 4.430798 26.678593
v -3.062860 4.628769 26.677784
v -2.931880 5.090802 26.725456
v -2.869884 5.524709 26.748020
v -2.444876 5.859368 26.902712
v -2.327778 6.114776 26.945332
v -2.510589 5.956798 26.878794
v -2.810448 5.696218 26.769653
v -2.924915 5.626933 26.727991
v -3.198734 6.029954 26.628330
v -2.978193 5.537363 26.708601
v -3.048682 5.092499 26.682943
v -3.217731 4.601602 26.621414
v -3.187123 4.143908 26.632555
v -3.220857 3.877601 26.620277
v -3.411844 4.267983 26.550764
v -3.328887 4.615603 26.580957
v -3.391597 4.850658 26.558134
v -3.275587 5.161053 26.600357
v -3.581334 5.702540 26.489075
v -3.486651 6.006660 26.523537
v -3.539798 6.146067 26.504192
v -3.573976 5.885111 26.491753
v -3.641409 5.803547 26.467209
v -3.932530 6.101661 26.361250
v -3.606909 5.577754 26.479767
v -3.407619 5.221985 26.552301
v -3.445221 4.993172 26.538616
v -3.627445 5.264397 26.472292
v -3.531535 4.897384 26.507200
v -3.634457 4.716794 26.469740
v -3.753121 4.732914 26.426550
v -4.041074 5.033175 26.321743
v -3.971781 5.634992 26.346964
v -4.074657 5.425830 26.309519
v -4.114844 5.138087 26.294893
v -4.249366 5.467919 26.245932
v -4.248604 6.031391 26.246208
v -4.166815 6.168718 26.275976
v -4.291827 6.106873 26.230476
v -4.324642 5.686537 26.218533
v -4.820324 6.014749 26.038118
v -5.152592 5.647223 25.917183
v -4.807363 5.864630 26.042837
v -4.414624 5.606245 26.185781
v -4.296176 5.190391 26.228893
v -4.572767 5.164188 26.128222
v -4.805284 4.977251 26.043594
v -5.127642 4.934979 25.926264
v -4.883945 4.847437 26.014963
v -4.925352 4.660720 25.999891
v -5.157280 4.570354 25.915478
v -4.941165 4.577497 25.994137
v -4.921741 4.419710 26.001205
v -4.852258 4.598182 26.026495
v -4.669845 4.625085 26.092890
v -4.113464 4.357833 26.295395
v -3.816813 3.788224 26.403366
v -3.756266 3.350572 26.425404
v -3.552147 3.078899 26.499699
v -3.439249 2.740805 26.540789
v -3.379495 2.237547 26.562538
v -3.415656 1.641172 26.549376
v -3.397871 1.077771 26.555849
v -3.439271 0.685012 26.540781
v -3.543934 -0.001302 26.502687
v -2.522030 4.704721 26.874630
v -2.600802 4.189553 26.845959
v -2.630219 3.933112 26.835253
v -2.965792 3.660259 26.713114
v -2.996016 3.778412 26.702112
v -2.932195 4.078701 26.725342
v -2.848560 4.393387 26.755783
v -2.620677 4.665025 26.838724
v -3.388851 3.094724 26.559134
v -3.382553 3.369882 26.561424
v -3.443546 3.753757 26.539225
v -3.556374 4.026886 26.498159
v -3.666545 3.777341 26.458059
v -3.699214 3.653823 26.446171
v -3.665724 3.440231 26.458359
v -3.630600 4.144846 26.471144
v -3.643053 4.205684 26.466610
v -3.716770 4.378559 26.439779
v -4.058658 4.790915 26.315342
v -4.080170 4.510825 26.307512
v -4.024371 4.399759 26.327822
v -3.903622 4.214661 26.371771
v -3.826580 4.023525 26.399813
v -3.757083 3.918387 26.425108
v -4.150020 4.861878 26.282089
v -4.303047 5.069824 26.226393
v -4.484427 5.072287 26.160376
v -4.790189 4.861699 26.049088
v -4.852265 4.694097 26.026493
v -4.679187 4.694938 26.089489
v -4.231967 4.582701 26.252264
v -4.163165 4.693163 26.277306
v -2.453744 4.897473 26.899485
v -2.454429 4.999754 26.899235
v -2.529202 4.896096 26.872019
v -3.503677 4.382959 26.517340
v -3.443555 4.548001 26.539223
v -3.459774 4.750819 26.533319
v -3.542468 4.619754 26.503222
v -3.563588 4.484284 26.495533
v -3.337330 -0.117657 27.169722
v -2.935506 -0.112952 26.065718
v -2.988641 0.164981 26.211704
v -3.031241 0.436415 26.328747
v -3.075546 1.341926 26.450474
v -3.059547 1.556857 26.406517
v -3.088541 1.886140 26.486177
v -3.097928 2.579772 26.511967
v -3.076304 2.765116 26.452557
v -3.086410 2.984748 26.480322
v -3.087144 3.332469 26.482338
v -3.023243 3.610332 26.306774
v -2.930285 3.818125 26.051373
v -2.914931 4.193967 26.009190
v -2.882110 4.708325 25.919014
v -2.862200 4.755280 25.864311
v -2.820265 4.745111 25.749094
v -2.659921 4.535520 25.308554
v -2.601102 4.216475 25.146950
v -2.639067 4.604511 25.251259
v -2.752238 4.755838 25.562193
v -2.859459 4.894286 25.856781
v -2.868663 5.066499 25.882067
v -2.779247 5.285459 25.636398
v -2.726379 5.491578 25.491146
v -2.617370 5.598289 25.191645
v -2.515914 5.615957 24.912899
v -2.656169 5.678176 25.298246
v -2.747983 5.604286 25.550503
v -2.710084 6.059659 25.446377
v -2.775865 5.772256 25.627108
v -2.801604 5.466174 25.697823
v -2.857683 5.245686 25.851902
v -2.938295 5.113636 26.073381
v -2.881296 5.634446 25.916777
v -2.966351 5.206435 26.150463
v -2.988131 4.959949 26.210302
v -3.077289 4.598469 26.455261
v -3.111587 4.430798 26.549494
v -3.112397 4.628770 26.551720
v -3.064724 5.090803 26.420740
v -3.042159 5.524710 26.358744
v -2.887469 5.859369 25.933735
v -2.844849 6.114776 25.816639
v -2.911386 5.956799 25.999449
v -3.020526 5.696218 26.299309
v -3.062189 5.626934 26.413774
v -3.161851 6.029955 26.687593
v -3.081580 5.537364 26.467052
v -3.107236 5.092500 26.537542
v -3.168765 4.601603 26.706591
v -3.157625 4.143909 26.675983
v -3.169903 3.877602 26.709717
v -3.239416 4.267984 26.900703
v -3.209223 4.615604 26.817747
v -3.232047 4.850659 26.880457
v -3.189823 5.161054 26.764446
v -3.301106 5.702541 27.070194
v -3.266644 6.006660 26.975512
v -3.285988 6.146067 27.028658
v -3.298428 5.885112 27.062836
v -3.322971 5.803548 27.130268
v -3.428931 6.101663 27.421391
v -3.310414 5.577755 27.095768
v -3.237879 5.221986 26.896479
v -3.251565 4.993173 26.934080
v -3.317889 5.264398 27.116306
v -3.282980 4.897384 27.020395
v -3.320441 4.716795 27.123316
v -3.363631 4.732914 27.241982
v -3.468438 5.033176 27.529934
v -3.443217 5.634993 27.460642
v -3.480661 5.425831 27.563517
v -3.495288 5.138088 27.603704
v -3.544250 5.467920 27.738226
v -3.543972 6.031393 27.737463
v -3.514204 6.168719 27.655674
v -3.559704 6.106874 27.780687
v -3.571648 5.686538 27.813501
v -3.752061 6.014750 28.309185
v -3.872997 5.647224 28.641451
v -3.747344 5.864631 28.296223
v -3.604399 5.606246 27.903484
v -3.561287 5.190392 27.785036
v -3.661958 5.164189 28.061626
v -3.746587 4.977252 28.294144
v -3.863916 4.934980 28.616503
v -3.775217 4.847437 28.372805
v -3.790288 4.660721 28.414211
v -3.874704 4.570355 28.646141
v -3.796044 4.577498 28.430025
v -3.788974 4.419711 28.410601
v -3.763685 4.598183 28.341118
v -3.697291 4.625086 28.158705
v -3.494786 4.357834 27.602325
v -3.386813 3.788225 27.305674
v -3.364776 3.350572 27.245127
v -3.290483 3.078900 27.041006
v -3.249391 2.740806 26.928110
v -3.227642 2.237547 26.868355
v -3.240804 1.641173 26.904516
v -3.234330 1.077772 26.886730
v -3.249399 0.685013 26.928131
v -3.287493 -0.001301 27.032795
v -2.915550 4.704721 26.010889
v -2.944221 4.189554 26.089663
v -2.954928 3.933113 26.119080
v -3.077067 3.660260 26.454653
v -3.088068 3.778413 26.484877
v -3.064838 4.078701 26.421055
v -3.034398 4.393388 26.337420
v -2.951455 4.665025 26.109537
v -3.231048 3.094725 26.877710
v -3.228755 3.369883 26.871412
v -3.250955 3.753758 26.932405
v -3.292021 4.026887 27.045235
v -3.332120 3.777342 27.155405
v -3.344010 3.653824 27.188074
v -3.331821 3.440232 27.154585
v -3.319037 4.144847 27.119459
v -3.323570 4.205685 27.131912
v -3.350400 4.378560 27.205629
v -3.474838 4.790915 27.547518
v -3.482667 4.510826 27.569031
v -3.462358 4.399760 27.513231
v -3.418409 4.214662 27.392481
v -3.390368 4.023526 27.315439
v -3.365073 3.918388 27.245943
v -3.508090 4.861879 27.638880
v -3.563788 5.069825 27.791906
v -3.629805 5.072288 27.973288
v -3.741093 4.861700 28.279049
v -3.763687 4.694098 28.341125
v -3.700692 4.694939 28.168047
v -3.537917 4.582702 27.720827
v -3.512875 4.693164 27.652025
v -2.890696 4.897473 25.942604
v -2.890946 4.999754 25.943289
v -2.918161 4.896097 26.018063
v -3.272841 4.382960 26.992537
v -3.250958 4.548002 26.932415
v -3.256861 4.750819 26.948633
v -3.286960 4.619755 27.031328
v -3.294647 4.484285 27.052448
vn 0.3420 -0.0000 -0.9397
vn -0.9397 -0.0000 -0.3420
vt 0.716975 0.035378
vt 0.699851 0.140895
vt 0.693078 0.201279
vt 0.695988 0.287899
vt 0.690071 0.379588
vt 0.699848 0.456962
vt 0.691602 0.511375
vt 0.690571 0.553679
vt 0.700551 0.612697
vt 0.719011 0.654689
vt 0.710389 0.709434
vt 0.700552 0.734807
vt 0.703206 0.765990
vt 0.700825 0.803250
vt 0.694673 0.838429
vt 0.727279 0.893127
vt 0.780554 0.973675
vt 0.732923 0.927841
vt 0.721891 0.940381
vt 0.716299 0.980502
vt 0.707603 0.959069
vt 0.723094 0.912312
vt 0.673071 0.829061
vt 0.692051 0.781340
vt 0.681791 0.745201
vt 0.695364 0.691757
vt 0.664116 0.631738
vt 0.658597 0.672681
vt 0.663605 0.743049
vt 0.635947 0.818521
vt 0.624414 0.886917
vt 0.660497 0.962650
vt 0.615697 0.900688
vt 0.596969 0.911340
vt 0.547908 0.951403
vt 0.517998 0.975691
vt 0.537157 0.936423
vt 0.606693 0.884971
vt 0.616836 0.818260
vt 0.638266 0.747226
vt 0.637902 0.716789
vt 0.622485 0.742567
vt 0.582406 0.798143
vt 0.572616 0.836038
vt 0.534382 0.901843
vt 0.560004 0.821771
vt 0.549780 0.758903
vt 0.565920 0.752800
vt 0.603204 0.711037
vt 0.616888 0.662656
vt 0.627330 0.616488
vt 0.622385 0.598322
vt 0.598190 0.590646
vt 0.626915 0.547927
vt 0.626584 0.494466
vt 0.622042 0.460699
vt 0.631762 0.432203
vt 0.627543 0.325561
vt 0.614509 0.274936
vt 0.621701 0.241892
vt 0.601785 0.102674
vt 0.582636 0.060943
vt 0.558751 0.018212
vt 0.739378 0.017489
vt 0.567481 0.640272
vt 0.562668 0.679699
vt 0.550953 0.788326
vt 0.538608 0.788537
vt 0.538720 0.804262
vt 0.523768 0.842073
vt 0.498559 0.875972
vt 0.486989 0.923030
vt 0.457419 0.967217
vt 0.474456 0.897206
vt 0.433183 0.908566
vt 0.370136 0.899000
vt 0.415742 0.896284
vt 0.464744 0.879878
vt 0.488509 0.848188
vt 0.528703 0.814524
vt 0.524566 0.788047
vt 0.476368 0.766762
vt 0.425496 0.743496
vt 0.408430 0.683838
vt 0.434870 0.732889
vt 0.506947 0.765112
vt 0.525798 0.766676
vt 0.534748 0.759457
vt 0.549502 0.680377
vt 0.556404 0.622593
vt 0.731786 0.760759
vt 0.737036 0.616323
vt 0.742381 0.597333
vt 0.736902 0.564494
vt 0.718319 0.508942
vt 0.751715 0.550710
vt 0.761622 0.617996
vt 0.751849 0.638008
vt 0.731155 0.672825
vt 0.733192 0.682178
vt 0.745253 0.708757
vt 0.801190 0.772154
vt 0.803808 0.869769
vt 0.786976 0.901927
vt 0.798313 0.809401
vt 0.751201 0.763237
vt 0.804710 0.729092
vt 0.795580 0.712017
vt 0.775824 0.683559
vt 0.763219 0.654173
vt 0.810157 0.705571
vt 0.829545 0.740143
vt 0.818289 0.757126
vt 0.816138 0.783065
vt 0.841175 0.815035
vt 0.870851 0.815414
vt 0.885304 0.829543
vt 0.840051 0.833572
vt 0.859430 0.897507
vt 0.923687 0.937232
vt 0.980170 0.903807
vt 0.925807 0.960312
vt 0.844708 0.909851
vt 0.839339 0.974476
vt 0.818886 0.983984
vt 0.832267 0.962871
vt 0.832392 0.876240
vt 0.810383 0.825530
vt 0.920877 0.783037
vt 0.931033 0.757269
vt 0.902716 0.757399
vt 0.901187 0.746659
vt 0.931032 0.742523
vt 0.942400 0.715084
vt 0.945578 0.739343
vt 0.980937 0.738245
vt 0.942991 0.752138
vt 0.936216 0.780845
vt 0.976088 0.794304
vt 0.923347 0.800803
vt 0.716736 0.745840
vt 0.720191 0.725012
vt 0.714947 0.788524
vt 0.730639 0.844950
s 0
usemtl Material.038
f 7288/4593/912 7287/4594/912 7286/4595/912 7285/4596/912 7284/4597/912 7283/4598/912 7297/4599/912 7298/4600/912 7299/4601/912 7300/4602/912 7324/4603/912 7325/4604/912 7326/4605/912 7250/4606/912 7249/4607/912 7248/4608/912 7247/4609/912 7246/4610/912 7245/4611/912 7244/4612/912 7243/4613/912 7242/4614/912 7241/4615/912 7240/4616/912 7239/4617/912 7238/4618/912 7237/4619/912 7236/4620/912 7235/4621/912 7234/4622/912 7233/4623/912 7232/4624/912 7231/4625/912 7230/4626/912 7229/4627/912 7228/4628/912 7227/4629/912 7226/4630/912 7225/4631/912 7224/4632/912 7223/4633/912 7222/4634/912 7221/4635/912 7220/4636/912 7219/4637/912 7218/4638/912 7289/4639/912 7296/4640/912 7295/4641/912 7294/4642/912 7293/4643/912 7292/4644/912 7196/4645/912 7195/4646/912 7194/4647/912 7193/4648/912 7192/4649/912 7191/4650/912 7190/4651/912 7189/4652/912 7188/4653/912 7187/4654/912 7186/4655/912 7185/4656/912
f 7196/4645/912 7292/4644/912 7291/4657/912 7290/4658/912 7289/4639/912 7323/4659/912 7321/4660/912 7322/4661/912 7218/4638/912 7217/4662/912 7216/4663/912 7215/4664/912 7214/4665/912 7213/4666/912 7212/4667/912 7211/4668/912 7210/4669/912 7209/4670/912 7208/4671/912 7207/4672/912 7206/4673/912 7205/4674/912 7204/4675/912 7203/4676/912 7202/4677/912 7201/4678/912 7200/4679/912 7199/4680/912 7198/4681/912 7197/4682/912
f 7253/4683/912 7300/4602/912 7301/4684/912 7302/4685/912 7303/4686/912 7297/4599/912 7283/4598/912 7282/4687/912 7281/4688/912 7280/4689/912 7312/4690/912 7304/4691/912 7305/4692/912 7306/4693/912 7307/4694/912 7257/4695/912 7256/4696/912 7255/4697/912 7254/4698/912
f 7257/4695/912 7307/4694/912 7308/4699/912 7309/4700/912 7310/4701/912 7311/4702/912 7312/4690/912 7280/4689/912 7279/4703/912 7319/4704/912 7320/4705/912 7313/4706/912 7314/4707/912 7315/4708/912 7269/4709/912 7268/4710/912 7267/4711/912 7266/4712/912 7265/4713/912 7264/4714/912 7263/4715/912 7262/4716/912 7261/4717/912 7260/4718/912 7259/4719/912 7258/4720/912
f 7269/4709/912 7315/4708/912 7316/4721/912 7317/4722/912 7318/4723/912 7319/4704/912 7279/4703/912 7278/4724/912 7277/4725/912 7276/4726/912 7275/4727/912 7274/4728/912 7273/4729/912 7272/4730/912 7271/4731/912 7270/4732/912
f 7218/4638/912 7322/4661/912 7323/4659/912 7289/4639/912
f 7250/4606/912 7326/4605/912 7327/4733/912 7328/4734/912 7324/4603/912 7300/4602/912 7253/4683/912 7252/4735/912 7251/4736/912
usemtl Material.037
f 7432/4593/913 7431/4594/913 7430/4595/913 7429/4596/913 7428/4597/913 7427/4598/913 7441/4599/913 7442/4600/913 7443/4601/913 7444/4602/913 7468/4603/913 7469/4604/913 7470/4605/913 7394/4606/913 7393/4607/913 7392/4608/913 7391/4609/913 7390/4610/913 7389/4611/913 7388/4612/913 7387/4613/913 7386/4614/913 7385/4615/913 7384/4616/913 7383/4617/913 7382/4618/913 7381/4619/913 7380/4620/913 7379/4621/913 7378/4622/913 7377/4623/913 7376/4624/913 7375/4625/913 7374/4626/913 7373/4627/913 7372/4628/913 7371/4629/913 7370/4630/913 7369/4631/913 7368/4632/913 7367/4633/913 7366/4634/913 7365/4635/913 7364/4636/913 7363/4637/913 7362/4638/913 7433/4639/913 7440/4640/913 7439/4641/913 7438/4642/913 7437/4643/913 7436/4644/913 7340/4645/913 7339/4646/913 7338/4647/913 7337/4648/913 7336/4649/913 7335/4650/913 7334/4651/913 7333/4652/913 7332/4653/913 7331/4654/913 7330/4655/913 7329/4656/913
f 7340/4645/913 7436/4644/913 7435/4657/913 7434/4658/913 7433/4639/913 7467/4659/913 7465/4660/913 7466/4661/913 7362/4638/913 7361/4662/913 7360/4663/913 7359/4664/913 7358/4665/913 7357/4666/913 7356/4667/913 7355/4668/913 7354/4669/913 7353/4670/913 7352/4671/913 7351/4672/913 7350/4673/913 7349/4674/913 7348/4675/913 7347/4676/913 7346/4677/913 7345/4678/913 7344/4679/913 7343/4680/913 7342/4681/913 7341/4682/913
f 7397/4683/913 7444/4602/913 7445/4684/913 7446/4685/913 7447/4686/913 7441/4599/913 7427/4598/913 7426/4687/913 7425/4688/913 7424/4689/913 7456/4690/913 7448/4691/913 7449/4692/913 7450/4693/913 7451/4694/913 7401/4695/913 7400/4696/913 7399/4697/913 7398/4698/913
f 7401/4695/913 7451/4694/913 7452/4699/913 7453/4700/913 7454/4701/913 7455/4702/913 7456/4690/913 7424/4689/913 7423/4703/913 7463/4704/913 7464/4705/913 7457/4706/913 7458/4707/913 7459/4708/913 7413/4709/913 7412/4710/913 7411/4711/913 7410/4712/913 7409/4713/913 7408/4714/913 7407/4715/913 7406/4716/913 7405/4717/913 7404/4718/913 7403/4719/913 7402/4720/913
f 7413/4709/913 7459/4708/913 7460/4721/913 7461/4722/913 7462/4723/913 7463/4704/913 7423/4703/913 7422/4724/913 7421/4725/913 7420/4726/913 7419/4727/913 7418/4728/913 7417/4729/913 7416/4730/913 7415/4731/913 7414/4732/913
f 7362/4638/913 7466/4661/913 7467/4659/913 7433/4639/913
f 7394/4606/913 7470/4605/913 7471/4733/913 7472/4734/913 7468/4603/913 7444/4602/913 7397/4683/913 7396/4735/913 7395/4736/913
o Plane.038
v 3.944571 2.028736 -11.178172
v 4.077857 2.262350 -11.118482
v 3.932882 1.976552 -11.183407
v 4.152318 2.304945 -11.085136
v 3.922412 -0.008566 -11.188096
v 4.005815 0.061149 -11.150745
v 4.098273 0.221323 -11.109339
v 4.100521 0.440693 -11.108333
v 4.097861 0.701282 -11.109524
v 4.093003 0.847197 -11.111699
v 4.032808 1.194697 -11.138657
v 4.037603 1.243051 -11.136509
v 4.007908 1.280850 -11.149808
v 4.056208 1.336565 -11.128178
v 3.999490 1.397372 -11.153578
v 3.857766 1.492262 -11.217047
v 3.749199 1.578441 -11.265666
v 3.535871 1.585569 -11.361202
v 3.409645 1.537454 -11.417730
v 3.521456 1.615974 -11.367658
v 3.624632 1.616170 -11.321452
v 3.745556 1.610768 -11.267298
v 3.788031 1.606989 -11.248277
v 3.827049 1.552001 -11.230803
v 3.889019 1.511823 -11.203051
v 3.879573 1.573337 -11.207280
v 3.893674 1.637300 -11.200966
v 3.909949 1.772197 -11.193677
v 3.930260 1.811598 -11.184581
v 3.980572 1.870607 -11.162050
v 3.906440 1.936991 -11.195249
v 3.824556 1.992492 -11.231919
v 3.759315 2.036428 -11.261136
v 3.722870 2.099285 -11.277457
v 3.676287 2.199109 -11.298319
v 3.652351 2.291333 -11.309038
v 3.690179 2.239952 -11.292097
v 3.721239 2.161718 -11.278188
v 3.775073 2.075705 -11.254079
v 3.837165 2.043491 -11.226272
v 3.877090 2.015460 -11.208392
v 3.932152 2.082485 -11.183734
v 3.988760 2.180750 -11.158383
v 4.047592 2.262616 -11.132036
v 4.074244 2.288855 -11.120100
v 4.145235 2.324338 -11.088308
v 4.121789 2.377643 -11.098808
v 4.128043 2.421277 -11.096007
v 4.163411 2.481908 -11.080168
v 4.170457 2.536675 -11.077013
v 4.116555 2.633227 -11.101151
v 4.072036 2.704263 -11.121089
v 4.040712 2.775580 -11.135117
v 3.993201 2.808123 -11.156394
v 3.888269 2.806788 -11.203386
v 3.844305 2.768331 -11.223075
v 3.728506 2.588613 -11.274934
v 3.719010 2.498218 -11.279186
v 3.698436 2.587537 -11.288400
v 3.739371 2.655481 -11.270068
v 3.830822 2.800810 -11.229113
v 3.732782 2.802618 -11.273019
v 3.540795 2.796526 -11.358996
v 3.451624 2.768878 -11.398931
v 3.268803 2.670414 -11.480804
v 3.358828 2.746403 -11.440488
v 3.467740 2.799243 -11.391713
v 3.530115 2.823500 -11.363780
v 3.579483 2.831670 -11.341671
v 3.478461 2.992028 -11.386912
v 3.562462 2.906239 -11.349294
v 3.628151 2.831238 -11.319876
v 3.712502 2.830643 -11.282101
v 3.827427 2.833331 -11.230633
v 3.935300 2.836024 -11.182323
v 4.020112 2.826209 -11.144342
v 3.957696 2.898444 -11.172295
v 3.918361 2.956636 -11.189910
v 3.923747 3.132802 -11.187498
v 3.954848 2.952316 -11.173570
v 4.017861 2.879599 -11.145350
v 4.072988 2.821132 -11.120663
v 4.100342 2.724988 -11.108413
v 4.116671 2.705748 -11.101100
v 4.183495 2.783399 -11.071174
v 4.190876 2.892772 -11.067868
v 4.253190 2.963341 -11.039962
v 4.328773 2.995541 -11.006113
v 4.302003 2.961704 -11.018102
v 4.252523 2.917885 -11.040260
v 4.234734 2.870370 -11.048227
v 4.222826 2.803463 -11.053560
v 4.322611 2.810256 -11.008873
v 4.456402 2.846751 -10.948956
v 4.569506 2.780620 -10.898305
v 4.484041 2.799626 -10.936579
v 4.427913 2.811310 -10.961715
v 4.250647 2.770041 -11.041101
v 4.197068 2.732119 -11.065095
v 4.158641 2.678692 -11.082304
v 4.169116 2.628825 -11.077613
v 4.215900 2.567401 -11.056662
v 4.214868 2.517433 -11.057124
v 4.186620 2.384204 -11.069775
v 4.187181 2.346339 -11.069523
v 4.343188 2.420335 -10.999658
v 4.310120 2.373092 -11.014466
v 4.210304 2.324841 -11.059168
v 4.240127 2.288123 -11.045812
v 4.285844 2.290007 -11.025338
v 4.398752 2.361858 -10.974774
v 4.452102 2.397935 -10.950883
v 4.555538 2.430484 -10.904560
v 4.642162 2.456224 -10.865767
v 4.681572 2.486373 -10.848118
v 4.686598 2.519350 -10.845867
v 4.613368 2.590398 -10.878662
v 4.424866 2.610331 -10.963079
v 4.296172 2.616539 -11.020714
v 4.415531 2.639170 -10.967260
v 4.521963 2.631521 -10.919596
v 4.632860 2.616272 -10.869932
v 4.731481 2.724908 -10.825767
v 4.779758 2.792840 -10.804147
v 4.712703 2.856940 -10.834176
v 4.553797 2.988661 -10.905340
v 4.556090 3.079116 -10.904313
v 4.586874 3.013969 -10.890527
v 4.612278 2.974768 -10.879150
v 4.721289 2.883469 -10.830331
v 4.796640 2.828341 -10.796586
v 4.822709 2.895456 -10.784912
v 4.822691 3.020338 -10.784920
v 4.935678 3.111147 -10.734321
v 4.901612 3.043618 -10.749577
v 4.856364 2.984005 -10.769840
v 4.849566 2.842265 -10.772884
v 4.787955 2.734989 -10.800476
v 4.702429 2.625305 -10.838778
v 4.691127 2.578137 -10.843839
v 4.767727 2.520941 -10.809534
v 4.757045 2.469113 -10.814319
v 4.863389 2.462943 -10.766694
v 5.033024 2.471087 -10.690725
v 5.120984 2.477473 -10.651334
v 5.266129 2.366153 -10.586333
v 5.105925 2.433221 -10.658078
v 4.912772 2.432835 -10.744578
v 4.947336 2.348852 -10.729099
v 4.967348 2.271141 -10.720138
v 5.055048 2.212551 -10.680862
v 4.939384 2.249179 -10.732661
v 4.871983 2.423136 -10.762845
v 4.749291 2.426057 -10.817791
v 4.647481 2.416199 -10.863385
v 4.541677 2.365578 -10.910768
v 4.337211 2.247965 -11.002335
v 4.320486 2.186142 -11.009825
v 4.352270 2.125258 -10.995590
v 4.235557 1.902541 -11.047858
v 4.173669 1.738765 -11.075574
v 4.281068 1.759630 -11.027477
v 4.317412 1.742519 -11.011201
v 4.464958 1.788987 -10.945125
v 4.632704 1.971224 -10.870003
v 4.678060 2.148382 -10.849690
v 4.691687 2.037046 -10.843588
v 4.797934 2.080696 -10.796007
v 4.682957 1.988112 -10.847498
v 4.581710 1.864728 -10.892839
v 4.464812 1.748298 -10.945190
v 4.278255 1.694682 -11.028737
v 4.223200 1.613735 -11.053392
v 4.243727 1.505010 -11.044200
v 4.297861 1.474447 -11.019957
v 4.591510 1.619073 -10.888451
v 4.692949 1.622503 -10.843023
v 4.920237 1.800152 -10.741236
v 4.967485 1.915488 -10.720076
v 4.970120 1.821709 -10.718896
v 4.841458 1.690337 -10.776515
v 4.780143 1.629833 -10.803974
v 4.957005 1.652274 -10.724770
v 5.158015 1.631223 -10.634750
v 5.026629 1.620799 -10.693589
v 4.863404 1.614710 -10.766687
v 4.634558 1.587385 -10.869172
v 4.531549 1.551842 -10.915303
v 4.508021 1.533145 -10.925840
v 4.606025 1.408953 -10.881950
v 4.618583 1.310017 -10.876327
v 4.617004 1.235853 -10.877033
v 4.751484 1.276497 -10.816809
v 4.908823 1.293981 -10.746347
v 5.007869 1.239936 -10.701991
v 5.131281 1.233025 -10.646723
v 5.055142 1.208252 -10.680820
v 4.964008 1.230668 -10.721633
v 4.910887 1.260313 -10.745423
v 4.769034 1.237520 -10.808949
v 4.613494 1.194264 -10.878606
v 4.533970 1.088869 -10.914219
v 4.393121 0.888275 -10.977296
v 4.349307 0.762029 -10.996918
v 4.352720 0.498806 -10.995389
v 4.358289 0.216744 -10.992895
v 4.458157 0.052906 -10.948171
v 4.546111 0.004203 -10.908782
v 4.205752 2.225961 -11.061206
v 4.243051 2.117169 -11.044503
v 4.197304 2.004462 -11.064990
v 4.134264 1.876929 -11.093221
v 4.059781 1.887411 -11.126577
v 4.038227 1.901724 -11.136230
v 4.075045 1.956543 -11.119741
v 4.018781 1.915951 -11.144938
v 3.923147 1.659919 -11.187767
v 3.938054 1.767625 -11.181090
v 3.999863 1.852708 -11.153411
v 4.055443 1.816935 -11.128520
v 4.065877 1.780449 -11.123847
v 4.039599 1.730299 -11.135615
v 4.047909 1.707210 -11.131894
v 3.921646 1.610391 -11.188438
v 3.987999 1.655423 -11.158724
v 4.058687 1.677131 -11.127068
v 4.072231 1.589443 -11.121001
v 4.100079 1.489697 -11.108531
v 4.106741 1.426172 -11.105547
v 4.068556 1.406675 -11.122647
v 4.017237 1.424761 -11.145630
v 3.934098 1.486470 -11.182862
v 3.918492 1.548491 -11.189851
v 4.174875 1.698340 -11.075034
v 4.253546 1.729553 -11.039803
v 4.213030 1.684925 -11.057947
v 4.194668 1.660624 -11.066170
v 4.280946 1.324843 -11.027532
v 4.370966 0.974498 -10.987218
v 4.296618 1.383106 -11.020514
v 4.434460 1.491967 -10.958783
v 4.474509 1.518872 -10.940847
v 4.572961 1.405298 -10.896757
v 4.568280 1.289121 -10.898854
v 4.561082 1.246040 -10.902078
v 4.548557 1.190968 -10.907686
v 4.389739 1.000436 -10.978810
v 4.322100 0.941363 -11.009102
v 4.289992 0.993299 -11.023480
v 4.270420 1.117962 -11.032246
v 4.263088 1.248434 -11.035529
v 4.373100 2.028736 -11.341519
v 4.313365 2.262350 -11.208253
v 4.378338 1.976552 -11.353207
v 4.279994 2.304945 -11.133804
v 4.383031 -0.008566 -11.363674
v 4.345653 0.061149 -11.280285
v 4.304215 0.221324 -11.187840
v 4.303208 0.440693 -11.185593
v 4.304400 0.701282 -11.188252
v 4.306577 0.847197 -11.193110
v 4.333555 1.194697 -11.253295
v 4.331406 1.243051 -11.248501
v 4.344714 1.280850 -11.278192
v 4.323068 1.336566 -11.229899
v 4.348486 1.397372 -11.286608
v 4.412003 1.492263 -11.428310
v 4.460660 1.578441 -11.536861
v 4.556267 1.585569 -11.750158
v 4.612838 1.537455 -11.876365
v 4.562727 1.615974 -11.764570
v 4.516487 1.616171 -11.661409
v 4.462292 1.610769 -11.540504
v 4.443256 1.606989 -11.498035
v 4.425770 1.552001 -11.459023
v 4.397996 1.511824 -11.397062
v 4.402230 1.573338 -11.406507
v 4.395910 1.637300 -11.392408
v 4.388617 1.772197 -11.376136
v 4.379513 1.811598 -11.355827
v 4.356965 1.870607 -11.305524
v 4.390189 1.936991 -11.379644
v 4.426887 1.992492 -11.461516
v 4.456126 2.036428 -11.526748
v 4.472459 2.099285 -11.563187
v 4.493337 2.199109 -11.609762
v 4.504064 2.291333 -11.633695
v 4.487111 2.239952 -11.595873
v 4.473191 2.161719 -11.564817
v 4.449064 2.075705 -11.510992
v 4.421236 2.043491 -11.448909
v 4.403343 2.015460 -11.408990
v 4.378665 2.082485 -11.353936
v 4.353296 2.180750 -11.297338
v 4.326929 2.262617 -11.238514
v 4.314984 2.288856 -11.211866
v 4.283168 2.324338 -11.140885
v 4.293676 2.377643 -11.164329
v 4.290873 2.421277 -11.158074
v 4.275022 2.481908 -11.122712
v 4.271864 2.536676 -11.115667
v 4.296021 2.633227 -11.169561
v 4.315973 2.704263 -11.214073
v 4.330012 2.775580 -11.245392
v 4.351305 2.808124 -11.292896
v 4.398333 2.806788 -11.397813
v 4.418036 2.768331 -11.441771
v 4.469934 2.588613 -11.557551
v 4.474189 2.498218 -11.567046
v 4.483410 2.587537 -11.587617
v 4.465065 2.655481 -11.546688
v 4.424078 2.800810 -11.455250
v 4.468017 2.802618 -11.553276
v 4.554060 2.796527 -11.745234
v 4.594024 2.768878 -11.834392
v 4.675959 2.670415 -12.017185
v 4.635612 2.746404 -11.927175
v 4.586801 2.799243 -11.818278
v 4.558847 2.823500 -11.755913
v 4.536721 2.831671 -11.706552
v 4.581996 2.992029 -11.807559
v 4.544350 2.906239 -11.723570
v 4.514910 2.831238 -11.657891
v 4.477106 2.830643 -11.573553
v 4.425600 2.833332 -11.458645
v 4.377254 2.836024 -11.350788
v 4.339244 2.826209 -11.265989
v 4.367218 2.898444 -11.328396
v 4.384846 2.956637 -11.367725
v 4.382432 3.132803 -11.362340
v 4.368494 2.952316 -11.331244
v 4.340253 2.879600 -11.268240
v 4.315547 2.821132 -11.213121
v 4.303288 2.724988 -11.185772
v 4.295969 2.705748 -11.169445
v 4.266021 2.783399 -11.102632
v 4.262713 2.892772 -11.095251
v 4.234786 2.963341 -11.032947
v 4.200912 2.995541 -10.957375
v 4.212909 2.961704 -10.984140
v 4.235085 2.917885 -11.033613
v 4.243057 2.870370 -11.051400
v 4.248394 2.803463 -11.063306
v 4.203673 2.810256 -10.963536
v 4.143712 2.846751 -10.829765
v 4.093022 2.780620 -10.716679
v 4.131325 2.799626 -10.802131
v 4.156480 2.811310 -10.858251
v 4.235925 2.770041 -11.035489
v 4.259938 2.732119 -11.089060
v 4.277160 2.678692 -11.127481
v 4.272465 2.628825 -11.117007
v 4.251498 2.567401 -11.070230
v 4.251961 2.517433 -11.071263
v 4.264621 2.384204 -11.099506
v 4.264369 2.346339 -11.098946
v 4.194451 2.420335 -10.942962
v 4.209271 2.373092 -10.976025
v 4.254006 2.324841 -11.075826
v 4.240640 2.288123 -11.046007
v 4.220151 2.290007 -11.000298
v 4.169549 2.361858 -10.887406
v 4.145639 2.397935 -10.834064
v 4.099283 2.430484 -10.730644
v 4.060460 2.456224 -10.644033
v 4.042798 2.486373 -10.604629
v 4.040545 2.519350 -10.599605
v 4.073365 2.590399 -10.672823
v 4.157845 2.610331 -10.861297
v 4.215523 2.616539 -10.989971
v 4.162029 2.639171 -10.870630
v 4.114330 2.631521 -10.764214
v 4.064629 2.616272 -10.653334
v 4.020430 2.724909 -10.554728
v 3.998794 2.792841 -10.506457
v 4.028845 2.856940 -10.573503
v 4.100062 2.988661 -10.732385
v 4.099035 3.079116 -10.730092
v 4.085238 3.013969 -10.699313
v 4.073853 2.974768 -10.673913
v 4.024998 2.883469 -10.564919
v 3.991228 2.828342 -10.489578
v 3.979544 2.895456 -10.463513
v 3.979552 3.020338 -10.463531
v 3.928915 3.111147 -10.350561
v 3.944182 3.043619 -10.384622
v 3.964461 2.984005 -10.429863
v 3.967508 2.842265 -10.436660
v 3.995120 2.734989 -10.498261
v 4.033450 2.625305 -10.583776
v 4.038515 2.578137 -10.595076
v 4.004185 2.520941 -10.518487
v 4.008973 2.469113 -10.529168
v 3.961313 2.462943 -10.422839
v 3.885287 2.471087 -10.253229
v 3.845866 2.477473 -10.165283
v 3.780817 2.366153 -10.020161
v 3.852615 2.433221 -10.180340
v 3.939181 2.432835 -10.373464
v 3.923690 2.348852 -10.338905
v 3.914721 2.271141 -10.318896
v 3.875417 2.212551 -10.231210
v 3.927254 2.249179 -10.346856
v 3.957461 2.423136 -10.414248
v 4.012448 2.426057 -10.536921
v 4.058076 2.416199 -10.638715
v 4.105494 2.365578 -10.744503
v 4.197130 2.247966 -10.948938
v 4.204626 2.186143 -10.965660
v 4.190381 2.125259 -10.933882
v 4.242688 1.902541 -11.050576
v 4.270425 1.738765 -11.112455
v 4.222292 1.759631 -11.005073
v 4.206003 1.742519 -10.968734
v 4.139878 1.788987 -10.821211
v 4.064699 1.971225 -10.653490
v 4.044372 2.148382 -10.608140
v 4.038265 2.037046 -10.594516
v 3.990648 2.080697 -10.488285
v 4.042177 1.988112 -10.603244
v 4.087553 1.864728 -10.704476
v 4.139943 1.748298 -10.821356
v 4.223552 1.694682 -11.007885
v 4.248227 1.613735 -11.062932
v 4.239027 1.505011 -11.042409
v 4.214766 1.474447 -10.988282
v 4.083160 1.619073 -10.694677
v 4.037699 1.622503 -10.593254
v 3.935835 1.800152 -10.366000
v 3.914660 1.915488 -10.318758
v 3.913479 1.821709 -10.316124
v 3.971142 1.690337 -10.444767
v 3.998621 1.629833 -10.506073
v 3.919357 1.652274 -10.329237
v 3.829270 1.631223 -10.128258
v 3.888153 1.620799 -10.259624
v 3.961306 1.614710 -10.422825
v 4.063868 1.587386 -10.651636
v 4.110034 1.551842 -10.754630
v 4.120578 1.533145 -10.778154
v 4.076656 1.408953 -10.680164
v 4.071028 1.310017 -10.667609
v 4.071735 1.235854 -10.669188
v 4.011465 1.276497 -10.534727
v 3.940951 1.293981 -10.377413
v 3.896561 1.239937 -10.278381
v 3.841252 1.233025 -10.154988
v 3.875375 1.208252 -10.231115
v 3.916218 1.230669 -10.322235
v 3.940026 1.260313 -10.375349
v 4.003600 1.237520 -10.517180
v 4.073308 1.194264 -10.672697
v 4.108949 1.088869 -10.752209
v 4.172073 0.888276 -10.893037
v 4.191709 0.762030 -10.936844
v 4.190179 0.498806 -10.933432
v 4.187684 0.216744 -10.927864
v 4.142926 0.052906 -10.828011
v 4.103508 0.004203 -10.740070
v 4.256046 2.225962 -11.080378
v 4.239330 2.117169 -11.043084
v 4.259832 2.004462 -11.088824
v 4.288085 1.876929 -11.151855
v 4.321466 1.887411 -11.226326
v 4.331126 1.901724 -11.247877
v 4.314625 1.956543 -11.211065
v 4.339841 1.915951 -11.267320
v 4.382701 1.659919 -11.362940
v 4.376020 1.767625 -11.348036
v 4.348320 1.852708 -11.286236
v 4.323410 1.816935 -11.230663
v 4.318734 1.780449 -11.220231
v 4.330511 1.730299 -11.246506
v 4.326787 1.707210 -11.238196
v 4.383374 1.610391 -11.364440
v 4.353637 1.655423 -11.298098
v 4.321956 1.677131 -11.227420
v 4.315886 1.589443 -11.213879
v 4.303406 1.489697 -11.186035
v 4.300420 1.426172 -11.179374
v 4.317533 1.406675 -11.217553
v 4.340533 1.424761 -11.268865
v 4.377794 1.486471 -11.351991
v 4.384788 1.548491 -11.367594
v 4.269885 1.698340 -11.111250
v 4.234626 1.729554 -11.032591
v 4.252784 1.684925 -11.073100
v 4.261014 1.660624 -11.091459
v 4.222346 1.324843 -11.005195
v 4.182002 0.974499 -10.915188
v 4.215323 1.383106 -10.989526
v 4.153546 1.491967 -10.851705
v 4.135597 1.518872 -10.811661
v 4.091474 1.405298 -10.713223
v 4.093572 1.289121 -10.717904
v 4.096798 1.246040 -10.725101
v 4.102411 1.190968 -10.737624
v 4.173589 1.000436 -10.896418
v 4.203903 0.941363 -10.964047
v 4.218292 0.993299 -10.996150
v 4.227064 1.117962 -11.015719
v 4.230350 1.248435 -11.023050
vn -0.4087 -0.0000 0.9127
vn -0.9125 -0.0000 -0.4090
vt 0.450220 0.396636
vt 0.458789 0.458304
vt 0.446488 0.463566
vt 0.426559 0.481518
vt 0.422818 0.499561
vt 0.423575 0.517569
vt 0.439479 0.530669
vt 0.456423 0.536985
vt 0.453840 0.545735
vt 0.423934 0.531977
vt 0.413489 0.506789
vt 0.415753 0.488894
vt 0.400899 0.500582
vt 0.391546 0.516579
vt 0.381365 0.517678
vt 0.352379 0.519250
vt 0.327647 0.519193
vt 0.300846 0.496350
vt 0.331103 0.510348
vt 0.382238 0.508274
vt 0.408262 0.483203
vt 0.442234 0.455598
vt 0.455829 0.437908
vt 0.444251 0.421699
vt 0.451369 0.410703
vt 0.518441 0.556007
vt 0.503132 0.552236
vt 0.493420 0.539252
vt 0.489018 0.532183
vt 0.509699 0.434498
vt 0.513456 0.451448
vt 0.546497 0.483117
vt 0.556097 0.490944
vt 0.579696 0.457904
vt 0.578574 0.424106
vt 0.576849 0.411573
vt 0.573847 0.395551
vt 0.535778 0.340122
vt 0.531278 0.332576
vt 0.536588 0.307493
vt 0.570350 0.365849
vt 0.589412 0.396510
vt 0.626696 0.409094
vt 0.660698 0.415725
vt 0.673432 0.407101
vt 0.695277 0.400579
vt 0.713527 0.407786
vt 0.683945 0.409797
vt 0.660203 0.425520
vt 0.622489 0.420433
vt 0.590254 0.408609
vt 0.590632 0.430185
vt 0.587622 0.458967
vt 0.564130 0.495096
vt 0.569770 0.500536
vt 0.594461 0.510876
vt 0.649316 0.518825
vt 0.688442 0.520597
vt 0.719936 0.523629
vt 0.671753 0.529753
vt 0.629359 0.523225
vt 0.644056 0.540826
vt 0.674897 0.579045
vt 0.674265 0.606327
vt 0.662939 0.572774
vt 0.608458 0.521092
vt 0.584143 0.520095
vt 0.513754 0.478020
vt 0.500778 0.486912
vt 0.495858 0.518542
vt 0.509055 0.542091
vt 0.553773 0.557688
vt 0.581793 0.591560
vt 0.606063 0.627455
vt 0.633623 0.654389
vt 0.608155 0.641690
vt 0.604889 0.674080
vt 0.594017 0.622542
vt 0.553808 0.569526
vt 0.427507 0.563311
vt 0.442323 0.588063
vt 0.446858 0.606462
vt 0.426267 0.624092
vt 0.429069 0.639273
vt 0.461019 0.707235
vt 0.478867 0.719627
vt 0.473048 0.753470
vt 0.471549 0.740776
vt 0.477169 0.725269
vt 0.460152 0.714946
vt 0.453764 0.707313
vt 0.439662 0.683496
vt 0.426093 0.654909
vt 0.412894 0.635410
vt 0.403324 0.643565
vt 0.388440 0.652937
vt 0.375536 0.677960
vt 0.368091 0.700719
vt 0.359023 0.715667
vt 0.364761 0.688837
vt 0.375927 0.659797
vt 0.384663 0.641511
vt 0.400301 0.628729
vt 0.419929 0.612583
vt 0.437699 0.593270
vt 0.425639 0.576103
vt 0.420770 0.564641
vt 0.416869 0.525397
vt 0.474539 0.595109
vt 0.456686 0.598159
vt 0.451519 0.602323
vt 0.460344 0.618270
vt 0.455646 0.577656
vt 0.458147 0.567041
vt 0.451848 0.552452
vt 0.459670 0.511474
vt 0.466345 0.482457
vt 0.467942 0.463976
vt 0.464649 0.295542
vt 0.465813 0.253093
vt 0.466451 0.177283
vt 0.465912 0.113464
vt 0.443750 0.066867
vt 0.423758 0.046585
vt 0.573260 0.050300
vt 0.552177 0.064469
vt 0.528239 0.112132
vt 0.526904 0.194189
vt 0.526086 0.270765
vt 0.519564 0.322937
vt 0.511868 0.338045
vt 0.507176 0.374313
vt 0.505419 0.412269
vt 0.484274 0.543155
vt 0.509729 0.560985
vt 0.483985 0.554915
vt 0.498820 0.602560
vt 0.526796 0.667353
vt 0.519177 0.685065
vt 0.523186 0.703050
vt 0.572197 0.737266
vt 0.597559 0.751993
vt 0.621963 0.754861
vt 0.651373 0.754011
vt 0.667529 0.703404
vt 0.695254 0.692748
vt 0.674232 0.709793
vt 0.669435 0.732400
vt 0.661150 0.756832
vt 0.707449 0.756945
vt 0.745851 0.737433
vt 0.711059 0.769818
vt 0.689975 0.767961
vt 0.649313 0.765591
vt 0.623822 0.767386
vt 0.626382 0.782464
vt 0.608021 0.799103
vt 0.610730 0.812825
vt 0.631231 0.844734
vt 0.645999 0.875943
vt 0.647629 0.917178
vt 0.658475 0.934520
vt 0.666641 0.954165
vt 0.639557 0.927747
vt 0.639562 0.891417
vt 0.633313 0.871892
vt 0.615251 0.887930
vt 0.589121 0.914490
vt 0.583031 0.925895
vt 0.575652 0.944847
vt 0.575103 0.918532
vt 0.613193 0.880212
vt 0.629266 0.861564
vt 0.617694 0.841802
vt 0.594054 0.810198
vt 0.567472 0.814634
vt 0.541960 0.816859
vt 0.513349 0.810275
vt 0.544198 0.808469
vt 0.589382 0.802670
vt 0.606935 0.782001
vt 0.605731 0.772408
vt 0.596284 0.763637
vt 0.575520 0.756148
vt 0.550726 0.746679
vt 0.537938 0.736184
vt 0.510874 0.715281
vt 0.499915 0.714733
vt 0.492766 0.725415
vt 0.516693 0.739452
vt 0.524619 0.753196
vt 0.487224 0.731669
vt 0.487089 0.742685
vt 0.493860 0.781444
vt 0.494108 0.795980
vt 0.482894 0.813849
vt 0.480383 0.828357
vt 0.489594 0.843899
vt 0.502437 0.854932
vt 0.544928 0.866937
vt 0.558382 0.863538
vt 0.578868 0.858009
vt 0.551757 0.877248
vt 0.519687 0.866631
vt 0.495768 0.864654
vt 0.498622 0.884119
vt 0.502886 0.897942
vt 0.514747 0.910690
vt 0.521164 0.920533
vt 0.503046 0.911166
vt 0.488109 0.890636
vt 0.486340 0.858818
vt 0.470322 0.836228
vt 0.466408 0.841825
vt 0.459851 0.869795
vt 0.446637 0.886804
vt 0.431533 0.907959
vt 0.424078 0.960465
vt 0.422787 0.909216
vt 0.432215 0.892286
vt 0.447177 0.871272
vt 0.426847 0.874127
vt 0.400990 0.873344
vt 0.373442 0.872562
vt 0.353223 0.872735
vt 0.337477 0.894554
vt 0.317341 0.919512
vt 0.341557 0.872861
vt 0.329723 0.870484
vt 0.314772 0.863427
vt 0.288665 0.848055
vt 0.267086 0.825948
vt 0.310909 0.854593
vt 0.332283 0.862637
vt 0.378303 0.864409
vt 0.401804 0.863883
vt 0.379882 0.821604
vt 0.370070 0.801838
vt 0.375002 0.775853
vt 0.377278 0.802151
vt 0.405035 0.854434
vt 0.415574 0.865622
vt 0.440726 0.866010
vt 0.452115 0.856543
vt 0.459623 0.835796
vt 0.470294 0.815130
vt 0.483215 0.787041
vt 0.481526 0.771109
vt 0.491676 0.696649
vt 0.500616 0.664999
vt 0.489650 0.632211
s 0
usemtl Material.040
f 7483/4737/914 7702/4738/914 7703/4739/914 7704/4740/914 7705/4741/914 7696/4742/914 7697/4743/914 7698/4744/914 7695/4745/914 7689/4746/914 7498/4747/914 7497/4748/914 7496/4749/914 7495/4750/914 7494/4751/914 7493/4752/914 7492/4753/914 7491/4754/914 7490/4755/914 7489/4756/914 7488/4757/914 7487/4758/914 7486/4759/914 7485/4760/914 7484/4761/914
f 7635/4762/914 7707/4763/914 7708/4764/914 7709/4765/914 7710/4766/914 7712/4767/914 7713/4768/914 7714/4769/914 7715/4770/914 7716/4771/914 7717/4772/914 7718/4773/914 7719/4774/914 7711/4775/914 7675/4776/914 7674/4777/914 7673/4778/914 7672/4779/914 7671/4780/914 7670/4781/914 7669/4782/914 7668/4783/914 7667/4784/914 7666/4785/914 7665/4786/914 7664/4787/914 7663/4788/914 7662/4789/914 7661/4790/914 7660/4791/914 7659/4792/914 7658/4793/914 7657/4794/914 7656/4795/914 7655/4796/914 7654/4797/914 7653/4798/914 7652/4799/914 7651/4800/914 7650/4801/914 7649/4802/914 7648/4803/914 7647/4804/914 7646/4805/914 7645/4806/914 7644/4807/914 7643/4808/914 7642/4809/914 7641/4810/914 7640/4811/914 7639/4812/914 7638/4813/914 7637/4814/914 7636/4815/914
f 7498/4747/914 7689/4746/914 7690/4816/914 7691/4817/914 7688/4818/914 7475/4819/914 7473/4820/914 7474/4821/914 7476/4822/914 7520/4823/914 7519/4824/914 7518/4825/914 7517/4826/914 7516/4827/914 7515/4828/914 7514/4829/914 7513/4830/914 7512/4831/914 7511/4832/914 7510/4833/914 7509/4834/914 7508/4835/914 7507/4836/914 7506/4837/914 7505/4838/914 7504/4839/914 7503/4840/914 7502/4841/914 7501/4842/914 7500/4843/914 7499/4844/914
f 7684/4845/914 7685/4846/914 7686/4847/914 7687/4848/914 7688/4818/914 7691/4817/914 7692/4849/914 7693/4850/914 7694/4851/914 7695/4745/914 7698/4744/914 7699/4852/914 7700/4853/914 7701/4854/914 7702/4738/914 7483/4737/914 7482/4855/914 7481/4856/914 7480/4857/914 7479/4858/914 7478/4859/914 7477/4860/914 7680/4861/914 7679/4862/914 7678/4863/914 7677/4864/914 7676/4865/914 7675/4776/914 7711/4775/914 7720/4866/914 7721/4867/914 7722/4868/914 7723/4869/914 7710/4766/914 7709/4765/914 7706/4870/914 7707/4763/914 7634/4871/914 7633/4872/914 7632/4873/914 7631/4874/914 7630/4875/914 7629/4876/914 7628/4877/914 7627/4878/914 7626/4879/914 7625/4880/914 7624/4881/914 7623/4882/914 7622/4883/914 7621/4884/914 7620/4885/914 7619/4886/914 7618/4887/914 7617/4888/914 7616/4889/914 7615/4890/914 7614/4891/914 7613/4892/914 7612/4893/914 7611/4894/914 7610/4895/914 7609/4896/914 7608/4897/914 7607/4898/914 7606/4899/914 7605/4900/914 7604/4901/914 7603/4902/914 7602/4903/914 7601/4904/914 7600/4905/914 7599/4906/914 7598/4907/914 7597/4908/914 7596/4909/914 7595/4910/914 7594/4911/914 7593/4912/914 7592/4913/914 7591/4914/914 7590/4915/914 7589/4916/914 7588/4917/914 7587/4918/914 7586/4919/914 7585/4920/914 7584/4921/914 7583/4922/914 7582/4923/914 7581/4924/914 7580/4925/914 7579/4926/914 7578/4927/914 7577/4928/914 7576/4929/914 7575/4930/914 7574/4931/914 7573/4932/914 7572/4933/914 7571/4934/914 7570/4935/914 7569/4936/914 7568/4937/914 7567/4938/914 7566/4939/914 7565/4940/914 7564/4941/914 7563/4942/914 7562/4943/914 7561/4944/914 7560/4945/914 7559/4946/914 7558/4947/914 7557/4948/914 7556/4949/914 7555/4950/914 7554/4951/914 7553/4952/914 7552/4953/914 7551/4954/914 7550/4955/914 7549/4956/914 7548/4957/914 7547/4958/914 7546/4959/914 7545/4960/914 7544/4961/914 7543/4962/914 7542/4963/914 7541/4964/914 7540/4965/914 7539/4966/914 7538/4967/914 7537/4968/914 7536/4969/914 7535/4970/914 7534/4971/914 7533/4972/914 7532/4973/914 7531/4974/914 7530/4975/914 7529/4976/914 7528/4977/914 7527/4978/914 7526/4979/914 7525/4980/914 7524/4981/914 7523/4982/914 7522/4983/914 7521/4984/914 7520/4823/914 7476/4822/914 7681/4985/914 7682/4986/914 7683/4987/914
usemtl Material.039
f 7734/4737/915 7953/4738/915 7954/4739/915 7955/4740/915 7956/4741/915 7947/4742/915 7948/4743/915 7949/4744/915 7946/4745/915 7940/4746/915 7749/4747/915 7748/4748/915 7747/4749/915 7746/4750/915 7745/4751/915 7744/4752/915 7743/4753/915 7742/4754/915 7741/4755/915 7740/4756/915 7739/4757/915 7738/4758/915 7737/4759/915 7736/4760/915 7735/4761/915
f 7886/4762/915 7958/4763/915 7959/4764/915 7960/4765/915 7961/4766/915 7963/4767/915 7964/4768/915 7965/4769/915 7966/4770/915 7967/4771/915 7968/4772/915 7969/4773/915 7970/4774/915 7962/4775/915 7926/4776/915 7925/4777/915 7924/4778/915 7923/4779/915 7922/4780/915 7921/4781/915 7920/4782/915 7919/4783/915 7918/4784/915 7917/4785/915 7916/4786/915 7915/4787/915 7914/4788/915 7913/4789/915 7912/4790/915 7911/4791/915 7910/4792/915 7909/4793/915 7908/4794/915 7907/4795/915 7906/4796/915 7905/4797/915 7904/4798/915 7903/4799/915 7902/4800/915 7901/4801/915 7900/4802/915 7899/4803/915 7898/4804/915 7897/4805/915 7896/4806/915 7895/4807/915 7894/4808/915 7893/4809/915 7892/4810/915 7891/4811/915 7890/4812/915 7889/4813/915 7888/4814/915 7887/4815/915
f 7749/4747/915 7940/4746/915 7941/4816/915 7942/4817/915 7939/4818/915 7726/4819/915 7724/4820/915 7725/4821/915 7727/4822/915 7771/4823/915 7770/4824/915 7769/4825/915 7768/4826/915 7767/4827/915 7766/4828/915 7765/4829/915 7764/4830/915 7763/4831/915 7762/4832/915 7761/4833/915 7760/4834/915 7759/4835/915 7758/4836/915 7757/4837/915 7756/4838/915 7755/4839/915 7754/4840/915 7753/4841/915 7752/4842/915 7751/4843/915 7750/4844/915
f 7935/4845/915 7936/4846/915 7937/4847/915 7938/4848/915 7939/4818/915 7942/4817/915 7943/4849/915 7944/4850/915 7945/4851/915 7946/4745/915 7949/4744/915 7950/4852/915 7951/4853/915 7952/4854/915 7953/4738/915 7734/4737/915 7733/4855/915 7732/4856/915 7731/4857/915 7730/4858/915 7729/4859/915 7728/4860/915 7931/4861/915 7930/4862/915 7929/4863/915 7928/4864/915 7927/4865/915 7926/4776/915 7962/4775/915 7971/4866/915 7972/4867/915 7973/4868/915 7974/4869/915 7961/4766/915 7960/4765/915 7957/4870/915 7958/4763/915 7885/4871/915 7884/4872/915 7883/4873/915 7882/4874/915 7881/4875/915 7880/4876/915 7879/4877/915 7878/4878/915 7877/4879/915 7876/4880/915 7875/4881/915 7874/4882/915 7873/4883/915 7872/4884/915 7871/4885/915 7870/4886/915 7869/4887/915 7868/4888/915 7867/4889/915 7866/4890/915 7865/4891/915 7864/4892/915 7863/4893/915 7862/4894/915 7861/4895/915 7860/4896/915 7859/4897/915 7858/4898/915 7857/4899/915 7856/4900/915 7855/4901/915 7854/4902/915 7853/4903/915 7852/4904/915 7851/4905/915 7850/4906/915 7849/4907/915 7848/4908/915 7847/4909/915 7846/4910/915 7845/4911/915 7844/4912/915 7843/4913/915 7842/4914/915 7841/4915/915 7840/4916/915 7839/4917/915 7838/4918/915 7837/4919/915 7836/4920/915 7835/4921/915 7834/4922/915 7833/4923/915 7832/4924/915 7831/4925/915 7830/4926/915 7829/4927/915 7828/4928/915 7827/4929/915 7826/4930/915 7825/4931/915 7824/4932/915 7823/4933/915 7822/4934/915 7821/4935/915 7820/4936/915 7819/4937/915 7818/4938/915 7817/4939/915 7816/4940/915 7815/4941/915 7814/4942/915 7813/4943/915 7812/4944/915 7811/4945/915 7810/4946/915 7809/4947/915 7808/4948/915 7807/4949/915 7806/4950/915 7805/4951/915 7804/4952/915 7803/4953/915 7802/4954/915 7801/4955/915 7800/4956/915 7799/4957/915 7798/4958/915 7797/4959/915 7796/4960/915 7795/4961/915 7794/4962/915 7793/4963/915 7792/4964/915 7791/4965/915 7790/4966/915 7789/4967/915 7788/4968/915 7787/4969/915 7786/4970/915 7785/4971/915 7784/4972/915 7783/4973/915 7782/4974/915 7781/4975/915 7780/4976/915 7779/4977/915 7778/4978/915 7777/4979/915 7776/4980/915 7775/4981/915 7774/4982/915 7773/4983/915 7772/4984/915 7771/4823/915 7727/4822/915 7932/4985/915 7933/4986/915 7934/4987/915
o Plane.040
v 37.440006 -0.117658 -6.552432
v 37.038181 -0.112953 -5.448428
v 37.091316 0.164980 -5.594415
v 37.133919 0.436414 -5.711458
v 37.178223 1.341926 -5.833185
v 37.162224 1.556856 -5.789228
v 37.191216 1.886139 -5.868888
v 37.200603 2.579771 -5.894678
v 37.178982 2.765115 -5.835267
v 37.189087 2.984748 -5.863031
v 37.189819 3.332469 -5.865049
v 37.125919 3.610331 -5.689485
v 37.032963 3.818124 -5.434083
v 37.017609 4.193966 -5.391899
v 36.984787 4.708325 -5.301724
v 36.964878 4.755280 -5.247022
v 36.922939 4.745111 -5.131805
v 36.762596 4.535519 -4.691264
v 36.703777 4.216475 -4.529660
v 36.741745 4.604511 -4.633970
v 36.854916 4.755838 -4.944903
v 36.962135 4.894286 -5.239491
v 36.971340 5.066498 -5.264777
v 36.881924 5.285459 -5.019109
v 36.829056 5.491577 -4.873857
v 36.720047 5.598289 -4.574355
v 36.618591 5.615957 -4.295609
v 36.758846 5.678176 -4.680957
v 36.850658 5.604286 -4.933214
v 36.812759 6.059658 -4.829087
v 36.878540 5.772256 -5.009818
v 36.904282 5.466173 -5.080534
v 36.960361 5.245685 -5.234612
v 37.040970 5.113635 -5.456091
v 36.983971 5.634445 -5.299487
v 37.069027 5.206434 -5.533173
v 37.090805 4.959949 -5.593013
v 37.179966 4.598468 -5.837973
v 37.214264 4.430798 -5.932205
v 37.215073 4.628769 -5.934431
v 37.167400 5.090802 -5.803450
v 37.144836 5.524709 -5.741455
v 36.990147 5.859368 -5.316446
v 36.947525 6.114776 -5.199348
v 37.014061 5.956798 -5.382159
v 37.123203 5.696218 -5.682019
v 37.164864 5.626933 -5.796485
v 37.264526 6.029954 -6.070304
v 37.184258 5.537363 -5.849763
v 37.209911 5.092499 -5.920253
v 37.271442 4.601603 -6.089302
v 37.260300 4.143909 -6.058693
v 37.272579 3.877601 -6.092428
v 37.342091 4.267983 -6.283414
v 37.311897 4.615603 -6.200458
v 37.334724 4.850658 -6.263167
v 37.292500 5.161053 -6.147158
v 37.403782 5.702540 -6.452905
v 37.369320 6.006660 -6.358222
v 37.388664 6.146067 -6.411368
v 37.401104 5.885111 -6.445546
v 37.425648 5.803547 -6.512979
v 37.531605 6.101662 -6.804101
v 37.413090 5.577754 -6.478479
v 37.340553 5.221985 -6.279190
v 37.354240 4.993172 -6.316792
v 37.420567 5.264397 -6.499016
v 37.385654 4.897384 -6.403106
v 37.423115 4.716794 -6.506027
v 37.466309 4.732914 -6.624691
v 37.571114 5.033175 -6.912645
v 37.545891 5.634992 -6.843351
v 37.583336 5.425830 -6.946228
v 37.597961 5.138088 -6.986415
v 37.646927 5.467919 -7.120936
v 37.646648 6.031392 -7.120174
v 37.616879 6.168718 -7.038385
v 37.662380 6.106873 -7.163397
v 37.674324 5.686537 -7.196213
v 37.854736 6.014749 -7.691895
v 37.975674 5.647223 -8.024162
v 37.850018 5.864630 -7.678933
v 37.707073 5.606245 -7.286195
v 37.663963 5.190391 -7.167747
v 37.764633 5.164188 -7.444338
v 37.849262 4.977251 -7.676854
v 37.966591 4.934980 -7.999213
v 37.877892 4.847437 -7.755516
v 37.892963 4.660721 -7.796923
v 37.977379 4.570355 -8.028852
v 37.898720 4.577497 -7.812736
v 37.891651 4.419710 -7.793312
v 37.866360 4.598182 -7.723829
v 37.799965 4.625086 -7.541415
v 37.597462 4.357833 -6.985035
v 37.489491 3.788225 -6.688384
v 37.467453 3.350572 -6.627837
v 37.393158 3.078899 -6.423717
v 37.352066 2.740805 -6.310820
v 37.330318 2.237547 -6.251065
v 37.343479 1.641172 -6.287227
v 37.337006 1.077771 -6.269442
v 37.352074 0.685012 -6.310842
v 37.390171 -0.001302 -6.415505
v 37.018227 4.704721 -5.393600
v 37.046898 4.189553 -5.472373
v 37.057606 3.933112 -5.501789
v 37.179745 3.660259 -5.837363
v 37.190742 3.778412 -5.867587
v 37.167515 4.078701 -5.803765
v 37.137074 4.393387 -5.720130
v 37.054131 4.665025 -5.492248
v 37.333725 3.094724 -6.260422
v 37.331432 3.369882 -6.254124
v 37.353630 3.753758 -6.315116
v 37.394695 4.026886 -6.427944
v 37.434795 3.777341 -6.538116
v 37.446686 3.653823 -6.570784
v 37.434498 3.440231 -6.537295
v 37.421715 4.144846 -6.502171
v 37.426247 4.205684 -6.514624
v 37.453075 4.378559 -6.588340
v 37.577515 4.790915 -6.930228
v 37.585342 4.510825 -6.951741
v 37.565033 4.399759 -6.895941
v 37.521084 4.214661 -6.775192
v 37.493042 4.023526 -6.698151
v 37.467751 3.918388 -6.628654
v 37.610767 4.861879 -7.021590
v 37.666462 5.069824 -7.174618
v 37.732479 5.072287 -7.355998
v 37.843769 4.861700 -7.661759
v 37.866364 4.694097 -7.723836
v 37.803368 4.694938 -7.550758
v 37.640591 4.582701 -7.103538
v 37.615551 4.693163 -7.034735
v 36.993374 4.897473 -5.325314
v 36.993622 4.999754 -5.326000
v 37.020836 4.896096 -5.400773
v 37.375515 4.382959 -6.375247
v 37.353634 4.548001 -6.315125
v 37.359539 4.750819 -6.331345
v 37.389637 4.619754 -6.414038
v 37.397324 4.484284 -6.435158
v 36.723133 -0.117657 -6.208902
v 37.827137 -0.112952 -5.807078
v 37.681149 0.164981 -5.860213
v 37.564106 0.436415 -5.902813
v 37.442379 1.341926 -5.947118
v 37.486336 1.556857 -5.931119
v 37.406677 1.886139 -5.960113
v 37.380886 2.579771 -5.969500
v 37.440296 2.765116 -5.947875
v 37.412533 2.984748 -5.957981
v 37.410515 3.332469 -5.958715
v 37.586079 3.610331 -5.894815
v 37.841480 3.818124 -5.801857
v 37.883663 4.193966 -5.786503
v 37.973839 4.708325 -5.753682
v 38.028542 4.755280 -5.733772
v 38.143761 4.745111 -5.691837
v 38.584301 4.535519 -5.531493
v 38.745903 4.216475 -5.472674
v 38.641594 4.604511 -5.510640
v 38.330662 4.755838 -5.623810
v 38.036072 4.894286 -5.731031
v 38.010788 5.066498 -5.740234
v 38.256454 5.285459 -5.650819
v 38.401707 5.491577 -5.597952
v 38.701210 5.598289 -5.488942
v 38.979954 5.615957 -5.387486
v 38.594608 5.678176 -5.527741
v 38.342350 5.604286 -5.619555
v 38.446476 6.059658 -5.581656
v 38.265747 5.772256 -5.647437
v 38.195030 5.466173 -5.673176
v 38.040951 5.245685 -5.729255
v 37.819473 5.113635 -5.809867
v 37.976078 5.634445 -5.752868
v 37.742390 5.206434 -5.837923
v 37.682552 4.959949 -5.859703
v 37.437592 4.598468 -5.948861
v 37.343357 4.430798 -5.983158
v 37.341133 4.628769 -5.983968
v 37.472115 5.090802 -5.936296
v 37.534111 5.524709 -5.913731
v 37.959118 5.859368 -5.759040
v 38.076214 6.114776 -5.716421
v 37.893406 5.956798 -5.782958
v 37.593544 5.696218 -5.892098
v 37.479080 5.626933 -5.933760
v 37.205261 6.029954 -6.033422
v 37.425800 5.537363 -5.953152
v 37.355312 5.092499 -5.978808
v 37.186260 4.601603 -6.040337
v 37.216869 4.143909 -6.029196
v 37.183136 3.877601 -6.041474
v 36.992149 4.267983 -6.110988
v 37.075108 4.615603 -6.080794
v 37.012398 4.850658 -6.103619
v 37.128407 5.161053 -6.061395
v 36.822659 5.702540 -6.172677
v 36.917343 6.006660 -6.138216
v 36.864197 6.146067 -6.157559
v 36.830017 5.885111 -6.169999
v 36.762585 5.803547 -6.194542
v 36.471462 6.101662 -6.300502
v 36.797085 5.577754 -6.181986
v 36.996376 5.221985 -6.109450
v 36.958771 4.993172 -6.123136
v 36.776546 5.264397 -6.189460
v 36.872459 4.897384 -6.154552
v 36.769535 4.716794 -6.192012
v 36.650871 4.732914 -6.235202
v 36.362919 5.033175 -6.340009
v 36.432213 5.634992 -6.314788
v 36.329338 5.425830 -6.352232
v 36.289150 5.138088 -6.366859
v 36.154629 5.467919 -6.415821
v 36.155388 6.031392 -6.415543
v 36.237179 6.168718 -6.385775
v 36.112167 6.106873 -6.431275
v 36.079350 5.686537 -6.443219
v 35.583668 6.014749 -6.623632
v 35.251400 5.647223 -6.744568
v 35.596630 5.864630 -6.618915
v 35.989368 5.606245 -6.475969
v 36.107819 5.190391 -6.432858
v 35.831226 5.164188 -6.533529
v 35.598709 4.977251 -6.618158
v 35.276352 4.934980 -6.735487
v 35.520050 4.847437 -6.646789
v 35.478642 4.660720 -6.661860
v 35.246712 4.570355 -6.746274
v 35.462830 4.577497 -6.667615
v 35.482254 4.419710 -6.660545
v 35.551735 4.598182 -6.635255
v 35.734150 4.625086 -6.568862
v 36.290527 4.357833 -6.366357
v 36.587181 3.788225 -6.258385
v 36.647728 3.350572 -6.236347
v 36.851845 3.078899 -6.162054
v 36.964745 2.740806 -6.120963
v 37.024498 2.237547 -6.099214
v 36.988338 1.641172 -6.112375
v 37.006123 1.077771 -6.105902
v 36.964722 0.685012 -6.120971
v 36.860058 -0.001301 -6.159065
v 37.881966 4.704721 -5.787122
v 37.803192 4.189553 -5.815793
v 37.773773 3.933112 -5.826500
v 37.438202 3.660259 -5.948638
v 37.407978 3.778412 -5.959639
v 37.471798 4.078701 -5.936410
v 37.555435 4.393387 -5.905970
v 37.783318 4.665025 -5.823027
v 37.015144 3.094725 -6.102619
v 37.021442 3.369883 -6.100327
v 36.960449 3.753758 -6.122527
v 36.847618 4.026886 -6.163592
v 36.737450 3.777341 -6.203691
v 36.704781 3.653823 -6.215582
v 36.738270 3.440231 -6.203393
v 36.773392 4.144846 -6.190609
v 36.760941 4.205684 -6.195141
v 36.687225 4.378559 -6.221972
v 36.345337 4.790915 -6.346409
v 36.323822 4.510825 -6.354239
v 36.379623 4.399759 -6.333929
v 36.500370 4.214661 -6.289980
v 36.577412 4.023526 -6.261939
v 36.646912 3.918388 -6.236644
v 36.253975 4.861878 -6.379662
v 36.100945 5.069824 -6.435359
v 35.919567 5.072287 -6.501376
v 35.613804 4.861699 -6.612664
v 35.551727 4.694097 -6.635258
v 35.724808 4.694938 -6.572263
v 36.172028 4.582701 -6.409488
v 36.240829 4.693163 -6.384446
v 37.950249 4.897473 -5.762268
v 37.949566 4.999754 -5.762518
v 37.874790 4.896096 -5.789733
v 36.900318 4.382959 -6.144412
v 36.960438 4.548001 -6.122530
v 36.944218 4.750819 -6.128433
v 36.861526 4.619754 -6.158531
v 36.840405 4.484284 -6.166218
vn 0.9397 -0.0000 0.3420
vn 0.3420 -0.0000 -0.9397
vt 0.716975 0.035378
vt 0.699851 0.140895
vt 0.693078 0.201279
vt 0.695988 0.287899
vt 0.690071 0.379588
vt 0.699848 0.456962
vt 0.691602 0.511375
vt 0.690571 0.553679
vt 0.700551 0.612697
vt 0.719011 0.654689
vt 0.710389 0.709434
vt 0.700552 0.734807
vt 0.703206 0.765990
vt 0.700825 0.803250
vt 0.694673 0.838429
vt 0.727279 0.893127
vt 0.780554 0.973675
vt 0.732923 0.927841
vt 0.721891 0.940381
vt 0.716299 0.980502
vt 0.707603 0.959069
vt 0.723094 0.912312
vt 0.673071 0.829061
vt 0.692051 0.781340
vt 0.681791 0.745201
vt 0.695364 0.691757
vt 0.664116 0.631738
vt 0.658597 0.672681
vt 0.663605 0.743049
vt 0.635947 0.818521
vt 0.624414 0.886917
vt 0.660497 0.962650
vt 0.615697 0.900688
vt 0.596969 0.911340
vt 0.547908 0.951403
vt 0.517998 0.975691
vt 0.537157 0.936423
vt 0.606693 0.884971
vt 0.616836 0.818260
vt 0.638266 0.747226
vt 0.637902 0.716789
vt 0.622485 0.742567
vt 0.582406 0.798143
vt 0.572616 0.836038
vt 0.534382 0.901843
vt 0.560004 0.821771
vt 0.549780 0.758903
vt 0.565920 0.752800
vt 0.603204 0.711037
vt 0.616888 0.662656
vt 0.627330 0.616488
vt 0.622385 0.598322
vt 0.598190 0.590646
vt 0.626915 0.547927
vt 0.626584 0.494466
vt 0.622042 0.460699
vt 0.631762 0.432203
vt 0.627543 0.325561
vt 0.614509 0.274936
vt 0.621701 0.241892
vt 0.601785 0.102674
vt 0.582636 0.060943
vt 0.558751 0.018212
vt 0.739378 0.017489
vt 0.567481 0.640272
vt 0.562668 0.679699
vt 0.550953 0.788326
vt 0.538608 0.788537
vt 0.538720 0.804262
vt 0.523768 0.842073
vt 0.498559 0.875972
vt 0.486989 0.923030
vt 0.457419 0.967217
vt 0.474456 0.897206
vt 0.433183 0.908566
vt 0.370136 0.899000
vt 0.415742 0.896284
vt 0.464744 0.879878
vt 0.488509 0.848188
vt 0.528703 0.814524
vt 0.524566 0.788047
vt 0.476368 0.766762
vt 0.425496 0.743496
vt 0.408430 0.683838
vt 0.434870 0.732889
vt 0.506947 0.765112
vt 0.525798 0.766676
vt 0.534748 0.759457
vt 0.549502 0.680377
vt 0.556404 0.622593
vt 0.731786 0.760759
vt 0.737036 0.616323
vt 0.742381 0.597333
vt 0.736902 0.564494
vt 0.718319 0.508942
vt 0.751715 0.550710
vt 0.761622 0.617996
vt 0.751849 0.638008
vt 0.731155 0.672825
vt 0.733192 0.682178
vt 0.745253 0.708757
vt 0.801190 0.772154
vt 0.803808 0.869769
vt 0.786976 0.901927
vt 0.798313 0.809401
vt 0.751201 0.763237
vt 0.804710 0.729092
vt 0.795580 0.712017
vt 0.775824 0.683559
vt 0.763219 0.654173
vt 0.810157 0.705571
vt 0.829545 0.740143
vt 0.818289 0.757126
vt 0.816138 0.783065
vt 0.841175 0.815035
vt 0.870851 0.815414
vt 0.885304 0.829543
vt 0.840051 0.833572
vt 0.859430 0.897507
vt 0.923687 0.937232
vt 0.980170 0.903807
vt 0.925807 0.960312
vt 0.844708 0.909851
vt 0.839339 0.974476
vt 0.818886 0.983984
vt 0.832267 0.962871
vt 0.832392 0.876240
vt 0.810383 0.825530
vt 0.920877 0.783037
vt 0.931033 0.757269
vt 0.902716 0.757399
vt 0.901187 0.746659
vt 0.931032 0.742523
vt 0.942400 0.715084
vt 0.945578 0.739343
vt 0.980937 0.738245
vt 0.942991 0.752138
vt 0.936216 0.780845
vt 0.976088 0.794304
vt 0.923347 0.800803
vt 0.716736 0.745840
vt 0.720191 0.725012
vt 0.714947 0.788524
vt 0.730639 0.844950
s 0
usemtl Material.042
f 8078/4988/916 8077/4989/916 8076/4990/916 8075/4991/916 8074/4992/916 8073/4993/916 8087/4994/916 8088/4995/916 8089/4996/916 8090/4997/916 8114/4998/916 8115/4999/916 8116/5000/916 8040/5001/916 8039/5002/916 8038/5003/916 8037/5004/916 8036/5005/916 8035/5006/916 8034/5007/916 8033/5008/916 8032/5009/916 8031/5010/916 8030/5011/916 8029/5012/916 8028/5013/916 8027/5014/916 8026/5015/916 8025/5016/916 8024/5017/916 8023/5018/916 8022/5019/916 8021/5020/916 8020/5021/916 8019/5022/916 8018/5023/916 8017/5024/916 8016/5025/916 8015/5026/916 8014/5027/916 8013/5028/916 8012/5029/916 8011/5030/916 8010/5031/916 8009/5032/916 8008/5033/916 8079/5034/916 8086/5035/916 8085/5036/916 8084/5037/916 8083/5038/916 8082/5039/916 7986/5040/916 7985/5041/916 7984/5042/916 7983/5043/916 7982/5044/916 7981/5045/916 7980/5046/916 7979/5047/916 7978/5048/916 7977/5049/916 7976/5050/916 7975/5051/916
f 7986/5040/916 8082/5039/916 8081/5052/916 8080/5053/916 8079/5034/916 8113/5054/916 8111/5055/916 8112/5056/916 8008/5033/916 8007/5057/916 8006/5058/916 8005/5059/916 8004/5060/916 8003/5061/916 8002/5062/916 8001/5063/916 8000/5064/916 7999/5065/916 7998/5066/916 7997/5067/916 7996/5068/916 7995/5069/916 7994/5070/916 7993/5071/916 7992/5072/916 7991/5073/916 7990/5074/916 7989/5075/916 7988/5076/916 7987/5077/916
f 8043/5078/916 8090/4997/916 8091/5079/916 8092/5080/916 8093/5081/916 8087/4994/916 8073/4993/916 8072/5082/916 8071/5083/916 8070/5084/916 8102/5085/916 8094/5086/916 8095/5087/916 8096/5088/916 8097/5089/916 8047/5090/916 8046/5091/916 8045/5092/916 8044/5093/916
f 8047/5090/916 8097/5089/916 8098/5094/916 8099/5095/916 8100/5096/916 8101/5097/916 8102/5085/916 8070/5084/916 8069/5098/916 8109/5099/916 8110/5100/916 8103/5101/916 8104/5102/916 8105/5103/916 8059/5104/916 8058/5105/916 8057/5106/916 8056/5107/916 8055/5108/916 8054/5109/916 8053/5110/916 8052/5111/916 8051/5112/916 8050/5113/916 8049/5114/916 8048/5115/916
f 8059/5104/916 8105/5103/916 8106/5116/916 8107/5117/916 8108/5118/916 8109/5099/916 8069/5098/916 8068/5119/916 8067/5120/916 8066/5121/916 8065/5122/916 8064/5123/916 8063/5124/916 8062/5125/916 8061/5126/916 8060/5127/916
f 8008/5033/916 8112/5056/916 8113/5054/916 8079/5034/916
f 8040/5001/916 8116/5000/916 8117/5128/916 8118/5129/916 8114/4998/916 8090/4997/916 8043/5078/916 8042/5130/916 8041/5131/916
usemtl Material.041
f 8222/4988/917 8221/4989/917 8220/4990/917 8219/4991/917 8218/4992/917 8217/4993/917 8231/4994/917 8232/4995/917 8233/4996/917 8234/4997/917 8258/4998/917 8259/4999/917 8260/5000/917 8184/5001/917 8183/5002/917 8182/5003/917 8181/5004/917 8180/5005/917 8179/5006/917 8178/5007/917 8177/5008/917 8176/5009/917 8175/5010/917 8174/5011/917 8173/5012/917 8172/5013/917 8171/5014/917 8170/5015/917 8169/5016/917 8168/5017/917 8167/5018/917 8166/5019/917 8165/5020/917 8164/5021/917 8163/5022/917 8162/5023/917 8161/5024/917 8160/5025/917 8159/5026/917 8158/5027/917 8157/5028/917 8156/5029/917 8155/5030/917 8154/5031/917 8153/5032/917 8152/5033/917 8223/5034/917 8230/5035/917 8229/5036/917 8228/5037/917 8227/5038/917 8226/5039/917 8130/5040/917 8129/5041/917 8128/5042/917 8127/5043/917 8126/5044/917 8125/5045/917 8124/5046/917 8123/5047/917 8122/5048/917 8121/5049/917 8120/5050/917 8119/5051/917
f 8130/5040/917 8226/5039/917 8225/5052/917 8224/5053/917 8223/5034/917 8257/5054/917 8255/5055/917 8256/5056/917 8152/5033/917 8151/5057/917 8150/5058/917 8149/5059/917 8148/5060/917 8147/5061/917 8146/5062/917 8145/5063/917 8144/5064/917 8143/5065/917 8142/5066/917 8141/5067/917 8140/5068/917 8139/5069/917 8138/5070/917 8137/5071/917 8136/5072/917 8135/5073/917 8134/5074/917 8133/5075/917 8132/5076/917 8131/5077/917
f 8187/5078/917 8234/4997/917 8235/5079/917 8236/5080/917 8237/5081/917 8231/4994/917 8217/4993/917 8216/5082/917 8215/5083/917 8214/5084/917 8246/5085/917 8238/5086/917 8239/5087/917 8240/5088/917 8241/5089/917 8191/5090/917 8190/5091/917 8189/5092/917 8188/5093/917
f 8191/5090/917 8241/5089/917 8242/5094/917 8243/5095/917 8244/5096/917 8245/5097/917 8246/5085/917 8214/5084/917 8213/5098/917 8253/5099/917 8254/5100/917 8247/5101/917 8248/5102/917 8249/5103/917 8203/5104/917 8202/5105/917 8201/5106/917 8200/5107/917 8199/5108/917 8198/5109/917 8197/5110/917 8196/5111/917 8195/5112/917 8194/5113/917 8193/5114/917 8192/5115/917
f 8203/5104/917 8249/5103/917 8250/5116/917 8251/5117/917 8252/5118/917 8253/5099/917 8213/5098/917 8212/5119/917 8211/5120/917 8210/5121/917 8209/5122/917 8208/5123/917 8207/5124/917 8206/5125/917 8205/5126/917 8204/5127/917
f 8152/5033/917 8256/5056/917 8257/5054/917 8223/5034/917
f 8184/5001/917 8260/5000/917 8261/5128/917 8262/5129/917 8258/4998/917 8234/4997/917 8187/5078/917 8186/5130/917 8185/5131/917
o Plane.041
v 6.463244 -0.117658 19.019485
v 5.288388 -0.112953 19.019485
v 5.443744 0.164980 19.019485
v 5.568299 0.436414 19.019485
v 5.697838 1.341926 19.019485
v 5.651060 1.556856 19.019485
v 5.735832 1.886139 19.019485
v 5.763277 2.579771 19.019485
v 5.700053 2.765115 19.019485
v 5.729600 2.984748 19.019485
v 5.731746 3.332469 19.019485
v 5.544915 3.610331 19.019485
v 5.273123 3.818124 19.019485
v 5.228231 4.193966 19.019485
v 5.132269 4.708325 19.019485
v 5.074056 4.755280 19.019485
v 4.951444 4.745111 19.019485
v 4.482630 4.535519 19.019485
v 4.310655 4.216475 19.019485
v 4.421659 4.604511 19.019485
v 4.752548 4.755838 19.019485
v 5.066042 4.894286 19.019485
v 5.092950 5.066498 19.019485
v 4.831515 5.285458 19.019485
v 4.676942 5.491577 19.019485
v 4.358218 5.598289 19.019485
v 4.061583 5.615957 19.019485
v 4.471662 5.678176 19.019485
v 4.740108 5.604286 19.019485
v 4.629299 6.059658 19.019485
v 4.821629 5.772255 19.019485
v 4.896883 5.466173 19.019485
v 5.060849 5.245685 19.019485
v 5.296543 5.113635 19.019485
v 5.129888 5.634445 19.019485
v 5.378572 5.206434 19.019485
v 5.442251 4.959949 19.019485
v 5.702932 4.598468 19.019485
v 5.803213 4.430798 19.019485
v 5.805581 4.628769 19.019485
v 5.666194 5.090802 19.019485
v 5.600220 5.524709 19.019485
v 5.147935 5.859368 19.019485
v 5.023323 6.114775 19.019485
v 5.217866 5.956798 19.019485
v 5.536970 5.696218 19.019485
v 5.658782 5.626933 19.019485
v 5.950174 6.029954 19.019485
v 5.715479 5.537364 19.019485
v 5.790493 5.092499 19.019485
v 5.970391 4.601603 19.019485
v 5.937819 4.143909 19.019485
v 5.973718 3.877601 19.019485
v 6.176961 4.267983 19.019485
v 6.088681 4.615603 19.019485
v 6.155415 4.850658 19.019485
v 6.031960 5.161053 19.019485
v 6.357329 5.702540 19.019485
v 6.256569 6.006660 19.019485
v 6.313127 6.146067 19.019485
v 6.349498 5.885111 19.019485
v 6.421259 5.803547 19.019485
v 6.731064 6.101662 19.019485
v 6.384545 5.577754 19.019485
v 6.172466 5.221985 19.019485
v 6.212481 4.993172 19.019485
v 6.406400 5.264397 19.019485
v 6.304334 4.897384 19.019485
v 6.413861 4.716794 19.019485
v 6.540141 4.732914 19.019485
v 6.846574 5.033175 19.019485
v 6.772834 5.634992 19.019485
v 6.882313 5.425830 19.019485
v 6.925079 5.138088 19.019485
v 7.068234 5.467919 19.019485
v 7.067422 6.031392 19.019485
v 6.980384 6.168719 19.019485
v 7.113420 6.106873 19.019485
v 7.148341 5.686537 19.019485
v 7.675835 6.014749 19.019485
v 8.029427 5.647223 19.019485
v 7.662041 5.864630 19.019485
v 7.244098 5.606245 19.019485
v 7.118049 5.190391 19.019485
v 7.412390 5.164188 19.019485
v 7.659829 4.977251 19.019485
v 8.002875 4.934980 19.019485
v 7.743539 4.847437 19.019485
v 7.787603 4.660721 19.019485
v 8.034416 4.570355 19.019485
v 7.804431 4.577497 19.019485
v 7.783760 4.419710 19.019485
v 7.709819 4.598182 19.019485
v 7.515697 4.625086 19.019485
v 6.923611 4.357833 19.019485
v 6.607922 3.788225 19.019485
v 6.543489 3.350572 19.019485
v 6.326269 3.078899 19.019485
v 6.206126 2.740805 19.019485
v 6.142537 2.237547 19.019485
v 6.181019 1.641172 19.019485
v 6.162092 1.077771 19.019485
v 6.206150 0.685012 19.019485
v 6.317530 -0.001302 19.019485
v 5.230041 4.704721 19.019485
v 5.313869 4.189553 19.019485
v 5.345174 3.933112 19.019485
v 5.702283 3.660259 19.019485
v 5.734447 3.778412 19.019485
v 5.666530 4.078701 19.019485
v 5.577527 4.393387 19.019485
v 5.335020 4.665025 19.019485
v 6.152493 3.094724 19.019485
v 6.145791 3.369882 19.019485
v 6.210698 3.753758 19.019485
v 6.330767 4.026886 19.019485
v 6.448009 3.777341 19.019485
v 6.482774 3.653823 19.019485
v 6.447135 3.440231 19.019485
v 6.409757 4.144846 19.019485
v 6.423009 4.205684 19.019485
v 6.501457 4.378559 19.019485
v 6.865287 4.790915 19.019485
v 6.888180 4.510826 19.019485
v 6.828799 4.399759 19.019485
v 6.700300 4.214661 19.019485
v 6.618314 4.023526 19.019485
v 6.544357 3.918388 19.019485
v 6.962512 4.861879 19.019485
v 7.125360 5.069825 19.019485
v 7.318381 5.072287 19.019485
v 7.643765 4.861700 19.019485
v 7.709826 4.694097 19.019485
v 7.525640 4.694938 19.019485
v 7.049718 4.582701 19.019485
v 6.976501 4.693163 19.019485
v 5.157372 4.897473 19.019485
v 5.158102 4.999754 19.019485
v 5.237674 4.896096 19.019485
v 6.274688 4.382959 19.019485
v 6.210708 4.548001 19.019485
v 6.227968 4.750819 19.019485
v 6.315969 4.619754 19.019485
v 6.338444 4.484284 19.019485
v 5.907101 -0.117658 19.587482
v 5.907101 -0.112953 18.412626
v 5.907101 0.164980 18.567984
v 5.907101 0.436414 18.692537
v 5.907101 1.341925 18.822077
v 5.907101 1.556856 18.775299
v 5.907101 1.886139 18.860071
v 5.907101 2.579771 18.887516
v 5.907100 2.765115 18.824291
v 5.907100 2.984747 18.853838
v 5.907100 3.332468 18.855986
v 5.907100 3.610331 18.669153
v 5.907100 3.818124 18.397362
v 5.907100 4.193966 18.352470
v 5.907100 4.708324 18.256508
v 5.907100 4.755279 18.198296
v 5.907100 4.745111 18.075684
v 5.907100 4.535519 17.606869
v 5.907100 4.216475 17.434895
v 5.907100 4.604510 17.545898
v 5.907100 4.755837 17.876787
v 5.907100 4.894285 18.190281
v 5.907100 5.066498 18.217190
v 5.907100 5.285458 17.955755
v 5.907100 5.491577 17.801182
v 5.907100 5.598289 17.482458
v 5.907100 5.615956 17.185822
v 5.907100 5.678175 17.595901
v 5.907100 5.604285 17.864347
v 5.907100 6.059658 17.753538
v 5.907100 5.772255 17.945868
v 5.907100 5.466173 18.021122
v 5.907100 5.245685 18.185089
v 5.907100 5.113635 18.420782
v 5.907100 5.634445 18.254128
v 5.907100 5.206434 18.502811
v 5.907100 4.959948 18.566490
v 5.907100 4.598468 18.827171
v 5.907100 4.430797 18.927452
v 5.907100 4.628769 18.929821
v 5.907100 5.090802 18.790434
v 5.907100 5.524709 18.724459
v 5.907100 5.859368 18.272175
v 5.907100 6.114775 18.147562
v 5.907100 5.956798 18.342106
v 5.907100 5.696217 18.661209
v 5.907100 5.626933 18.783022
v 5.907100 6.029954 19.074413
v 5.907100 5.537363 18.839718
v 5.907100 5.092499 18.914732
v 5.907100 4.601602 19.094631
v 5.907100 4.143908 19.062057
v 5.907100 3.877601 19.097958
v 5.907101 4.267983 19.301201
v 5.907100 4.615603 19.212921
v 5.907100 4.850658 19.279654
v 5.907100 5.161053 19.156199
v 5.907100 5.702540 19.481569
v 5.907100 6.006660 19.380810
v 5.907100 6.146066 19.437366
v 5.907100 5.885111 19.473738
v 5.907100 5.803547 19.545498
v 5.907101 6.101662 19.855305
v 5.907100 5.577754 19.508785
v 5.907100 5.221985 19.296705
v 5.907100 4.993172 19.336720
v 5.907101 5.264397 19.530640
v 5.907101 4.897383 19.428574
v 5.907101 4.716794 19.538101
v 5.907101 4.732913 19.664381
v 5.907101 5.033175 19.970814
v 5.907101 5.634992 19.897074
v 5.907101 5.425830 20.006552
v 5.907101 5.138087 20.049318
v 5.907101 5.467919 20.192472
v 5.907101 6.031391 20.191662
v 5.907101 6.168718 20.104624
v 5.907101 6.106873 20.237659
v 5.907101 5.686537 20.272581
v 5.907101 6.014749 20.800074
v 5.907101 5.647223 21.153666
v 5.907101 5.864629 20.786280
v 5.907101 5.606245 20.368338
v 5.907101 5.190390 20.242289
v 5.907101 5.164188 20.536629
v 5.907101 4.977251 20.784069
v 5.907101 4.934980 21.127115
v 5.907101 4.847436 20.867779
v 5.907101 4.660720 20.911842
v 5.907101 4.570354 21.158655
v 5.907101 4.577497 20.928671
v 5.907101 4.419710 20.907999
v 5.907101 4.598182 20.834059
v 5.907101 4.625085 20.639936
v 5.907101 4.357832 20.047850
v 5.907101 3.788224 19.732161
v 5.907101 3.350571 19.667728
v 5.907101 3.078899 19.450508
v 5.907101 2.740805 19.330364
v 5.907101 2.237546 19.266775
v 5.907101 1.641171 19.305258
v 5.907101 1.077770 19.286331
v 5.907101 0.685011 19.330389
v 5.907101 -0.001302 19.441769
v 5.907100 4.704720 18.354280
v 5.907100 4.189553 18.438108
v 5.907100 3.933112 18.469414
v 5.907100 3.660259 18.826523
v 5.907100 3.778412 18.858686
v 5.907100 4.078701 18.790770
v 5.907100 4.393387 18.701767
v 5.907100 4.665024 18.459259
v 5.907101 3.094724 19.276731
v 5.907101 3.369882 19.270029
v 5.907101 3.753757 19.334938
v 5.907101 4.026886 19.455006
v 5.907101 3.777341 19.572248
v 5.907101 3.653823 19.607014
v 5.907101 3.440231 19.571375
v 5.907101 4.144846 19.533997
v 5.907101 4.205684 19.547249
v 5.907101 4.378559 19.625696
v 5.907101 4.790914 19.989527
v 5.907101 4.510825 20.012419
v 5.907101 4.399759 19.953037
v 5.907101 4.214661 19.824539
v 5.907101 4.023525 19.742554
v 5.907101 3.918387 19.668596
v 5.907101 4.861878 20.086752
v 5.907101 5.069824 20.249599
v 5.907101 5.072286 20.442621
v 5.907101 4.861699 20.768005
v 5.907101 4.694097 20.834064
v 5.907101 4.694938 20.649879
v 5.907101 4.582701 20.173958
v 5.907101 4.693163 20.100740
v 5.907100 4.897472 18.281612
v 5.907100 4.999753 18.282341
v 5.907100 4.896096 18.361914
v 5.907101 4.382959 19.398928
v 5.907101 4.548001 19.334948
v 5.907101 4.750819 19.352207
v 5.907101 4.619753 19.440208
v 5.907101 4.484284 19.462683
vn -0.0000 -0.0000 1.0000
vn -1.0000 -0.0000 -0.0000
vt 0.716975 0.035378
vt 0.699851 0.140895
vt 0.693078 0.201279
vt 0.695988 0.287899
vt 0.690071 0.379588
vt 0.699848 0.456962
vt 0.691602 0.511375
vt 0.690571 0.553679
vt 0.700551 0.612697
vt 0.719011 0.654689
vt 0.710389 0.709434
vt 0.700552 0.734807
vt 0.703206 0.765990
vt 0.700825 0.803250
vt 0.694673 0.838429
vt 0.727279 0.893127
vt 0.780554 0.973675
vt 0.732923 0.927841
vt 0.721891 0.940381
vt 0.716299 0.980502
vt 0.707603 0.959069
vt 0.723094 0.912312
vt 0.673071 0.829061
vt 0.692051 0.781340
vt 0.681791 0.745201
vt 0.695364 0.691757
vt 0.664116 0.631738
vt 0.658597 0.672681
vt 0.663605 0.743049
vt 0.635947 0.818521
vt 0.624414 0.886917
vt 0.660497 0.962650
vt 0.615697 0.900688
vt 0.596969 0.911340
vt 0.547908 0.951403
vt 0.517998 0.975691
vt 0.537157 0.936423
vt 0.606693 0.884971
vt 0.616836 0.818260
vt 0.638266 0.747226
vt 0.637902 0.716789
vt 0.622485 0.742567
vt 0.582406 0.798143
vt 0.572616 0.836038
vt 0.534382 0.901843
vt 0.560004 0.821771
vt 0.549780 0.758903
vt 0.565920 0.752800
vt 0.603204 0.711037
vt 0.616888 0.662656
vt 0.627330 0.616488
vt 0.622385 0.598322
vt 0.598190 0.590646
vt 0.626915 0.547927
vt 0.626584 0.494466
vt 0.622042 0.460699
vt 0.631762 0.432203
vt 0.627543 0.325561
vt 0.614509 0.274936
vt 0.621701 0.241892
vt 0.601785 0.102674
vt 0.582636 0.060943
vt 0.558751 0.018212
vt 0.739378 0.017489
vt 0.567481 0.640272
vt 0.562668 0.679699
vt 0.550953 0.788326
vt 0.538608 0.788537
vt 0.538720 0.804262
vt 0.523768 0.842073
vt 0.498559 0.875972
vt 0.486989 0.923030
vt 0.457419 0.967217
vt 0.474456 0.897206
vt 0.433183 0.908566
vt 0.370136 0.899000
vt 0.415742 0.896284
vt 0.464744 0.879878
vt 0.488509 0.848188
vt 0.528703 0.814524
vt 0.524566 0.788047
vt 0.476368 0.766762
vt 0.425496 0.743496
vt 0.408430 0.683838
vt 0.434870 0.732889
vt 0.506947 0.765112
vt 0.525798 0.766676
vt 0.534748 0.759457
vt 0.549502 0.680377
vt 0.556404 0.622593
vt 0.731786 0.760759
vt 0.737036 0.616323
vt 0.742381 0.597333
vt 0.736902 0.564494
vt 0.718319 0.508942
vt 0.751715 0.550710
vt 0.761622 0.617996
vt 0.751849 0.638008
vt 0.731155 0.672825
vt 0.733192 0.682178
vt 0.745253 0.708757
vt 0.801190 0.772154
vt 0.803808 0.869769
vt 0.786976 0.901927
vt 0.798313 0.809401
vt 0.751201 0.763237
vt 0.804710 0.729092
vt 0.795580 0.712017
vt 0.775824 0.683559
vt 0.763219 0.654173
vt 0.810157 0.705571
vt 0.829545 0.740143
vt 0.818289 0.757126
vt 0.816138 0.783065
vt 0.841175 0.815035
vt 0.870851 0.815414
vt 0.885304 0.829543
vt 0.840051 0.833572
vt 0.859430 0.897507
vt 0.923687 0.937232
vt 0.980170 0.903807
vt 0.925807 0.960312
vt 0.844708 0.909851
vt 0.839339 0.974476
vt 0.818886 0.983984
vt 0.832267 0.962871
vt 0.832392 0.876240
vt 0.810383 0.825530
vt 0.920877 0.783037
vt 0.931033 0.757269
vt 0.902716 0.757399
vt 0.901187 0.746659
vt 0.931032 0.742523
vt 0.942400 0.715084
vt 0.945578 0.739343
vt 0.980937 0.738245
vt 0.942991 0.752138
vt 0.936216 0.780845
vt 0.976088 0.794304
vt 0.923347 0.800803
vt 0.716736 0.745840
vt 0.720191 0.725012
vt 0.714947 0.788524
vt 0.730639 0.844950
s 0
usemtl Material.043
f 8366/5132/918 8365/5133/918 8364/5134/918 8363/5135/918 8362/5136/918 8361/5137/918 8375/5138/918 8376/5139/918 8377/5140/918 8378/5141/918 8402/5142/918 8403/5143/918 8404/5144/918 8328/5145/918 8327/5146/918 8326/5147/918 8325/5148/918 8324/5149/918 8323/5150/918 8322/5151/918 8321/5152/918 8320/5153/918 8319/5154/918 8318/5155/918 8317/5156/918 8316/5157/918 8315/5158/918 8314/5159/918 8313/5160/918 8312/5161/918 8311/5162/918 8310/5163/918 8309/5164/918 8308/5165/918 8307/5166/918 8306/5167/918 8305/5168/918 8304/5169/918 8303/5170/918 8302/5171/918 8301/5172/918 8300/5173/918 8299/5174/918 8298/5175/918 8297/5176/918 8296/5177/918 8367/5178/918 8374/5179/918 8373/5180/918 8372/5181/918 8371/5182/918 8370/5183/918 8274/5184/918 8273/5185/918 8272/5186/918 8271/5187/918 8270/5188/918 8269/5189/918 8268/5190/918 8267/5191/918 8266/5192/918 8265/5193/918 8264/5194/918 8263/5195/918
f 8274/5184/918 8370/5183/918 8369/5196/918 8368/5197/918 8367/5178/918 8401/5198/918 8399/5199/918 8400/5200/918 8296/5177/918 8295/5201/918 8294/5202/918 8293/5203/918 8292/5204/918 8291/5205/918 8290/5206/918 8289/5207/918 8288/5208/918 8287/5209/918 8286/5210/918 8285/5211/918 8284/5212/918 8283/5213/918 8282/5214/918 8281/5215/918 8280/5216/918 8279/5217/918 8278/5218/918 8277/5219/918 8276/5220/918 8275/5221/918
f 8331/5222/918 8378/5141/918 8379/5223/918 8380/5224/918 8381/5225/918 8375/5138/918 8361/5137/918 8360/5226/918 8359/5227/918 8358/5228/918 8390/5229/918 8382/5230/918 8383/5231/918 8384/5232/918 8385/5233/918 8335/5234/918 8334/5235/918 8333/5236/918 8332/5237/918
f 8335/5234/918 8385/5233/918 8386/5238/918 8387/5239/918 8388/5240/918 8389/5241/918 8390/5229/918 8358/5228/918 8357/5242/918 8397/5243/918 8398/5244/918 8391/5245/918 8392/5246/918 8393/5247/918 8347/5248/918 8346/5249/918 8345/5250/918 8344/5251/918 8343/5252/918 8342/5253/918 8341/5254/918 8340/5255/918 8339/5256/918 8338/5257/918 8337/5258/918 8336/5259/918
f 8347/5248/918 8393/5247/918 8394/5260/918 8395/5261/918 8396/5262/918 8397/5243/918 8357/5242/918 8356/5263/918 8355/5264/918 8354/5265/918 8353/5266/918 8352/5267/918 8351/5268/918 8350/5269/918 8349/5270/918 8348/5271/918
f 8296/5177/918 8400/5200/918 8401/5198/918 8367/5178/918
f 8328/5145/918 8404/5144/918 8405/5272/918 8406/5273/918 8402/5142/918 8378/5141/918 8331/5222/918 8330/5274/918 8329/5275/918
usemtl Material.044
f 8510/5132/919 8509/5133/919 8508/5134/919 8507/5135/919 8506/5136/919 8505/5137/919 8519/5138/919 8520/5139/919 8521/5140/919 8522/5141/919 8546/5142/919 8547/5143/919 8548/5144/919 8472/5145/919 8471/5146/919 8470/5147/919 8469/5148/919 8468/5149/919 8467/5150/919 8466/5151/919 8465/5152/919 8464/5153/919 8463/5154/919 8462/5155/919 8461/5156/919 8460/5157/919 8459/5158/919 8458/5159/919 8457/5160/919 8456/5161/919 8455/5162/919 8454/5163/919 8453/5164/919 8452/5165/919 8451/5166/919 8450/5167/919 8449/5168/919 8448/5169/919 8447/5170/919 8446/5171/919 8445/5172/919 8444/5173/919 8443/5174/919 8442/5175/919 8441/5176/919 8440/5177/919 8511/5178/919 8518/5179/919 8517/5180/919 8516/5181/919 8515/5182/919 8514/5183/919 8418/5184/919 8417/5185/919 8416/5186/919 8415/5187/919 8414/5188/919 8413/5189/919 8412/5190/919 8411/5191/919 8410/5192/919 8409/5193/919 8408/5194/919 8407/5195/919
f 8418/5184/919 8514/5183/919 8513/5196/919 8512/5197/919 8511/5178/919 8545/5198/919 8543/5199/919 8544/5200/919 8440/5177/919 8439/5201/919 8438/5202/919 8437/5203/919 8436/5204/919 8435/5205/919 8434/5206/919 8433/5207/919 8432/5208/919 8431/5209/919 8430/5210/919 8429/5211/919 8428/5212/919 8427/5213/919 8426/5214/919 8425/5215/919 8424/5216/919 8423/5217/919 8422/5218/919 8421/5219/919 8420/5220/919 8419/5221/919
f 8475/5222/919 8522/5141/919 8523/5223/919 8524/5224/919 8525/5225/919 8519/5138/919 8505/5137/919 8504/5226/919 8503/5227/919 8502/5228/919 8534/5229/919 8526/5230/919 8527/5231/919 8528/5232/919 8529/5233/919 8479/5234/919 8478/5235/919 8477/5236/919 8476/5237/919
f 8479/5234/919 8529/5233/919 8530/5238/919 8531/5239/919 8532/5240/919 8533/5241/919 8534/5229/919 8502/5228/919 8501/5242/919 8541/5243/919 8542/5244/919 8535/5245/919 8536/5246/919 8537/5247/919 8491/5248/919 8490/5249/919 8489/5250/919 8488/5251/919 8487/5252/919 8486/5253/919 8485/5254/919 8484/5255/919 8483/5256/919 8482/5257/919 8481/5258/919 8480/5259/919
f 8491/5248/919 8537/5247/919 8538/5260/919 8539/5261/919 8540/5262/919 8541/5243/919 8501/5242/919 8500/5263/919 8499/5264/919 8498/5265/919 8497/5266/919 8496/5267/919 8495/5268/919 8494/5269/919 8493/5270/919 8492/5271/919
f 8440/5177/919 8544/5200/919 8545/5198/919 8511/5178/919
f 8472/5145/919 8548/5144/919 8549/5272/919 8550/5273/919 8546/5142/919 8522/5141/919 8475/5222/919 8474/5274/919 8473/5275/919
